Référence idealo;Titre chez idealo;Prix idealo (€);Version (outil, pack, accessoire);Référence sur mon site;Titre sur mon site;Mon prix de vente (€);Ma famille;Écart en euros;Écart en %;Sur quoi le rapprochement s'appuie;À REGARDER
DCN692;34° Clous en bande 2,8x70mm lisse brillant pour cloueur sans fil DeWalt DCN692 695 930 950 D 2,2M;95,50;OUTIL;DCN692N;DeWALT DCN692N — DCN692N;1076,33;Perçage, vissage et boulonnage;980,83;+1027 %;référence + variante;mon prix est TRÈS au-dessus du prix idealo
DWS520KR;DEWALT Rail de Guidage 1.5m pour DWS520KR DWS5022-XJ & Raccord de Rails de Guidage - Outillage Électroportatif - Adaptat;112,26;ACCESSOIRE;DWS520KT-QS;DeWALT DWS520KT-QS — Scie circulaire plongeante 1300W DWS520KT-QS;819,59;Scies;707,33;+630 %;référence seule (variante différente);mon prix est TRÈS au-dessus du prix idealo — ATTENTION : rapproché sur la référence seule, la version peut différer
DWS520KR;DEWALT Rail de Guidage 1.5m pour DWS520KR DWS5022-XJ & Sac Dewalt;115,59;OUTIL;DWS520KT-QS;DeWALT DWS520KT-QS — Scie circulaire plongeante 1300W DWS520KT-QS;819,59;Scies;704,00;+609 %;référence + variante;mon prix est TRÈS au-dessus du prix idealo
DWS520KR;DEWALT Accessoire pour routeur de rails de guidage + DEWALT Rail de Guidage 1.5m pour DWS520KR DWS5022-XJ;141,10;PACK;DWS520KT-QS;DeWALT DWS520KT-QS — Scie circulaire plongeante 1300W DWS520KT-QS;819,59;Scies;678,49;+481 %;référence seule (variante différente);mon prix est TRÈS au-dessus du prix idealo — ATTENTION : rapproché sur la référence seule, la version peut différer
DCN930P2;34° DNW clous en bande 2,8x50mm anneau galvanisé Cloueur sans fil DeWalt DCN930P2 DCN930N DV 2,2M;87,19;PACK;DCN930N;DeWALT DCN930N — Cloueur de charpente 18V XR Brushless 30° (machine seule);465,30;Cloueurs;378,11;+434 %;référence seule (variante différente);mon prix est TRÈS au-dessus du prix idealo — ATTENTION : rapproché sur la référence seule, la version peut différer
DCD709N-XJ;DEWALT DCD709N-XJ;83,25;OUTIL;DCD709NT-XJ;DeWALT DCD709NT-XJ — Perceuse visseuse à percussion 18V DCD709NT-XJ;413,52;Perçage, vissage et boulonnage;330,27;+397 %;référence + variante;mon prix est TRÈS au-dessus du prix idealo
DCD805;100% Original DEWALT 20V 6.0Ah Batterie au lithium rechargeable sans balais, tournevis électrique compact, perceuse à ma;99,58;OUTIL+1X6.0;DCD805NT-XJ;DeWALT DCD805NT-XJ — Perceuse-visseuse à percussion 18V DCD805NT-XJ;401,42;Perçage, vissage et boulonnage;301,84;+303 %;référence seule (variante différente);mon prix est TRÈS au-dessus du prix idealo — ATTENTION : rapproché sur la référence seule, la version peut différer
DW088CG;DeWALT DW088CG-XJ — Niveau laser croix DW088CG-XJ;108,00;OUTIL;DW088CG-XJ;DeWALT DW088CG-XJ — Niveau laser croix DW088CG-XJ;413,52;Accessoires;305,52;+283 %;référence + variante;mon prix est TRÈS au-dessus du prix idealo
DW088CG;Dewalt - Niveau laser croix autonivelant DW088CG - Faisceau vert - Portée 30 m - Auto-nivellement - Précision +/-3mm@10m;108,00;PACK+VERT;DW088CG-XJ;DeWALT DW088CG-XJ — Niveau laser croix DW088CG-XJ;413,52;Accessoires;305,52;+283 %;référence seule (variante différente);mon prix est TRÈS au-dessus du prix idealo — ATTENTION : rapproché sur la référence seule, la version peut différer
DCD796NT;DeWALT DCD796NT-XJ — Perceuse visseuse à percussion 18V DCD796NT-XJ;94,18;OUTIL;DCD796NT-XJ;DeWALT DCD796NT-XJ — Perceuse visseuse à percussion 18V DCD796NT-XJ;352,09;Perçage, vissage et boulonnage;257,91;+274 %;référence + variante;mon prix est TRÈS au-dessus du prix idealo
DCD800NT-XJ;DeWALT DCD800NT-XJ — Perceuse-visseuse 18V DCD800NT-XJ;112,02;OUTIL;DCD800NT-XJ;DeWALT DCD800NT-XJ — Perceuse-visseuse 18V DCD800NT-XJ;401,42;Perçage, vissage et boulonnage;289,40;+258 %;référence + variante;mon prix est TRÈS au-dessus du prix idealo
DCD800N-XJ;Dewalt DCD800N-XJ Perceuse visseuse 18V XR 90 Nm - sans batterie ni chargeur;117,12;PACK+CHARGEUR;DCD800NT-XJ;DeWALT DCD800NT-XJ — Perceuse-visseuse 18V DCD800NT-XJ;401,42;Perçage, vissage et boulonnage;284,30;+243 %;référence seule (variante différente);mon prix est TRÈS au-dessus du prix idealo — ATTENTION : rapproché sur la référence seule, la version peut différer
DCD800N;DeWALT DCD800N-XJ — Perceuse-visseuse 18V DCD800N-XJ;117,30;PACK;DCD800NT-XJ;DeWALT DCD800NT-XJ — Perceuse-visseuse 18V DCD800NT-XJ;401,42;Perçage, vissage et boulonnage;284,12;+242 %;référence seule (variante différente);mon prix est TRÈS au-dessus du prix idealo — ATTENTION : rapproché sur la référence seule, la version peut différer
DCD805NT-XJ;DeWALT DCD805NT-XJ — Perceuse-visseuse à percussion 18V DCD805NT-XJ;119,66;OUTIL;DCD805NT-XJ;DeWALT DCD805NT-XJ — Perceuse-visseuse à percussion 18V DCD805NT-XJ;401,42;Perçage, vissage et boulonnage;281,76;+235 %;référence + variante;mon prix est TRÈS au-dessus du prix idealo
DCD796;Dewalt DCD796 13mm perceuse électrique à percussion sans brosse tournevis sans fil multifonctionnel batterie Rechargeabl;108,39;PACK;DCD796NT-XJ;DeWALT DCD796NT-XJ — Perceuse visseuse à percussion 18V DCD796NT-XJ;352,09;Perçage, vissage et boulonnage;243,70;+225 %;référence seule (variante différente);mon prix est TRÈS au-dessus du prix idealo — ATTENTION : rapproché sur la référence seule, la version peut différer
DCH273;DEWALT DCH273 perceuse à percussion rotative 18 V/20 V MAX SDS sans brosse 1 pouce PLUS perceuse à percussion pour le tr;82,69;OUTIL;DCH273N-XJ;DeWALT DCH273N-XJ — Perforateur burineur SDS-Plus 18V XR Brushless (machine seule);264,37;Perforateurs;181,68;+220 %;référence + variante;mon prix est TRÈS au-dessus du prix idealo
DCD791N;DeWALT DCD791N — Perceuse-visseuse 18V DCD791N;97,36;OUTIL;DCD791N;DeWALT DCD791N — Perceuse-visseuse 18V DCD791N;302,84;Perçage, vissage et boulonnage;205,48;+211 %;référence + variante;mon prix est TRÈS au-dessus du prix idealo
DWE560-QS;DeWALT DWE560-QS — Scie circulaire 1350W Ø184 mm DWE560-QS;128,90;OUTIL;DWE560-QS;DeWALT DWE560-QS — Scie circulaire 1350W Ø184 mm DWE560-QS;376,60;Scies;247,70;+192 %;référence + variante;mon prix est TRÈS au-dessus du prix idealo
DE7035;DeWalt DE 7035 Heavy Duty Legstand;84,32;ACCESSOIRE;DE7035-XJ;DeWALT DE7035-XJ — Lot de 2 Piètements DE7035-XJ;242,41;Accessoires;158,09;+187 %;référence + variante;mon prix est TRÈS au-dessus du prix idealo
DCN660N;DeWALT DCN660N-XJ — Cloueur de finition 18V DCN660N-XJ;287,45;OUTIL;DCN660N-XJ;DeWALT DCN660N-XJ — Cloueur de finition 18V DCN660N-XJ;782,89;Cloueurs;495,44;+172 %;référence + variante;mon prix est TRÈS au-dessus du prix idealo
DCD709D1T-QW;Dewalt DCD709D1T-QW Perceuse à percussion sans fil XR 18V 65Nm 2 vitesses - 1 X 2.0 Ah Batterie, chargeur en coffret;153,94;PACK+1X2.0+COFFRET+CHARGEUR;DCD709NT-XJ;DeWALT DCD709NT-XJ — Perceuse visseuse à percussion 18V DCD709NT-XJ;413,52;Perçage, vissage et boulonnage;259,58;+169 %;référence seule (variante différente);mon prix est TRÈS au-dessus du prix idealo — ATTENTION : rapproché sur la référence seule, la version peut différer
DCF887NDS;Clé à chocs DeWALT DCF887NDS (appareil seul + DS150);117,00;PACK;DCF887P2;"DeWALT DCF887P2 — Visseuse a chocs 1/4"" XR 18V (2x5Ah + chargeur + TSTAK)";310,37;Perçage, vissage et boulonnage;193,37;+165 %;référence seule (variante différente);mon prix est TRÈS au-dessus du prix idealo — ATTENTION : rapproché sur la référence seule, la version peut différer
DWE4257;DEWALT DWE4257;125,99;OUTIL;DWE4257KT-QS;DeWALT DWE4257KT-QS — Meuleuse Ø125 mm 1500 W DWE4257KT-QS;328,52;Meulage, découpe et polissage;202,53;+161 %;référence + variante;mon prix est TRÈS au-dessus du prix idealo
DCLE14201RB;DeWalt Laser à lignes croisées avec batterie intégrée, rouge (DCLE14201RB);190,64;PACK+ROUGE;DCLE14201GB-XJ;DeWALT DCLE14201GB-XJ — Niveau laser croix faisceau vert DCLE14201GB-XJ;487,52;Accessoires;296,88;+156 %;référence seule (variante différente);mon prix est TRÈS au-dessus du prix idealo — ATTENTION : rapproché sur la référence seule, la version peut différer
DCF840N;DeWalt DCF 840 N;109,76;OUTIL;DCF840NT-XJ;DeWALT DCF840NT-XJ — Visseuse à chocs 18V DCF840NT-XJ;278,21;Perçage, vissage et boulonnage;168,45;+153 %;référence + variante;mon prix est TRÈS au-dessus du prix idealo
DW088K-XJ;DeWalt - Niveau laser en croix - faisceau rouge - coffret - DW088K-XJ & Stanley FATMAX Cisaille Aviation Tête Droite Aci;163,21;PACK+ROUGE+COFFRET;DW088CG-XJ;DeWALT DW088CG-XJ — Niveau laser croix DW088CG-XJ;413,52;Accessoires;250,31;+153 %;référence seule (variante différente);mon prix est TRÈS au-dessus du prix idealo — ATTENTION : rapproché sur la référence seule, la version peut différer
DCM200N-XJ;DeWALT DCM200N — Lime à bande 18V DCM200N;226,88;OUTIL;DCM200N;DeWALT DCM200N — Lime à bande 18V DCM200N;573,58;Meulage, découpe et polissage;346,70;+153 %;référence + variante;mon prix est TRÈS au-dessus du prix idealo
DCD709NT;Perceuse à percussion sans fil DeWalt DCD 709 NT 18 V 65 Nm + 1 batterie 4,0 Ah dans un coffret TSTAK - sans chargeur;167,45;PACK+1X4.0+COFFRET+CHARGEUR;DCD709NT-XJ;DeWALT DCD709NT-XJ — Perceuse visseuse à percussion 18V DCD709NT-XJ;413,52;Perçage, vissage et boulonnage;246,07;+147 %;référence seule (variante différente);mon prix est TRÈS au-dessus du prix idealo — ATTENTION : rapproché sur la référence seule, la version peut différer
DCD794NT;DeWALT DCD794NT-XJ — Perceuse-visseuse 18V DCD794NT-XJ;108,18;OUTIL;DCD794N-XJ;DeWALT DCD794N-XJ — Perceuse-visseuse 18V DCD794N-XJ;265,99;Perçage, vissage et boulonnage;157,81;+146 %;référence + variante;mon prix est TRÈS au-dessus du prix idealo
DCF887N;Dewalt DCF887N 18 V XR visseuse à percussion sans fil 3 vitesses sans balais avec étui Tstak;126,00;PACK+COFFRET;DCF887P2;"DeWALT DCF887P2 — Visseuse a chocs 1/4"" XR 18V (2x5Ah + chargeur + TSTAK)";310,37;Perçage, vissage et boulonnage;184,37;+146 %;référence seule (variante différente);mon prix est TRÈS au-dessus du prix idealo — ATTENTION : rapproché sur la référence seule, la version peut différer
DCS391N;DEWALT DCS391N;146,48;PACK;DCS391M2-QW;DeWALT DCS391M2-QW — Scie circulaire 165 mm 18V XR (kit 2×4,0 Ah + coffret TSTAK);360,62;Scies;214,14;+146 %;référence seule (variante différente);mon prix est TRÈS au-dessus du prix idealo — ATTENTION : rapproché sur la référence seule, la version peut différer
DCS391;DEWALT DCS391;146,48;OUTIL;DCS391M2-QW;DeWALT DCS391M2-QW — Scie circulaire 165 mm 18V XR (kit 2×4,0 Ah + coffret TSTAK);360,62;Scies;214,14;+146 %;référence seule (variante différente);mon prix est TRÈS au-dessus du prix idealo — ATTENTION : rapproché sur la référence seule, la version peut différer
DCDW103;DeWALT DCDW103-XJ — DCDW103-XJ DCDW103-XJ Couronne de perçage à eau diamantée 82 mm 1 pc(s);152,23;OUTIL;DCDW103-XJ;DeWALT DCDW103-XJ — DCDW103-XJ DCDW103-XJ Couronne de perçage à eau diamantée 82 mm 1 pc(s);368,60;Perçage, vissage et boulonnage;216,37;+142 %;référence + variante;mon prix est TRÈS au-dessus du prix idealo
DCMPH566N;DEWALT DCMPH566N;191,90;OUTIL;DCMPH566N-XJ-XJ;DeWALT DCMPH566N-XJ-XJ — Taille haie sur perche orientable 18V DCMPH566N-XJ-XJ;450,40;Tronçonnage et élagage;258,50;+135 %;référence + variante;mon prix est TRÈS au-dessus du prix idealo
DCD709D2T;DEWALT DCD709D2T;180,08;PACK;DCD709NT-XJ;DeWALT DCD709NT-XJ — Perceuse visseuse à percussion 18V DCD709NT-XJ;413,52;Perçage, vissage et boulonnage;233,44;+130 %;référence seule (variante différente);mon prix est TRÈS au-dessus du prix idealo — ATTENTION : rapproché sur la référence seule, la version peut différer
DCW210N;DeWALT DCW210N-XJ — Ponceuse Ø125 mm 18V DCW210N-XJ;106,29;OUTIL;DCW210N-XJ;DeWALT DCW210N-XJ — Ponceuse Ø125 mm 18V DCW210N-XJ;242,41;Meulage, découpe et polissage;136,12;+128 %;référence + variante;mon prix est TRÈS au-dessus du prix idealo
DCD1007NT-XJ;DeWALT DCD1007NT-XJ — Perceuse-visseuse à percussion 18V DCD1007NT-XJ;199,58;OUTIL;DCD1007NT-XJ;DeWALT DCD1007NT-XJ — Perceuse-visseuse à percussion 18V DCD1007NT-XJ;450,40;Perçage, vissage et boulonnage;250,82;+126 %;référence + variante;mon prix est TRÈS au-dessus du prix idealo
DWST1-81078;DeWALT DWST1-81078 — Radio de chantier Bluetooth 18V DWST1-81078;231,64;OUTIL;DWST1-81078;DeWALT DWST1-81078 — Radio de chantier Bluetooth 18V DWST1-81078;524,38;Accessoires;292,74;+126 %;référence + variante;mon prix est TRÈS au-dessus du prix idealo
DXVCS003;DeWALT DXVCS003 — DXVCS003;92,99;OUTIL;DXVCS003;DeWALT DXVCS003 — DXVCS003;207,46;Aspirateurs;114,47;+123 %;référence + variante;mon prix est TRÈS au-dessus du prix idealo
DCD791NT-XJ;DEWALT - Perceuse-Visseuse XR 18V - DCD791NT-XJ - Perceuse Compact sans Fil avec Mallette TSTAK & Coffret de 32 Embouts ;136,98;PACK+COFFRET;DCD791N;DeWALT DCD791N — Perceuse-visseuse 18V DCD791N;302,84;Perçage, vissage et boulonnage;165,86;+121 %;référence seule (variante différente);mon prix est TRÈS au-dessus du prix idealo — ATTENTION : rapproché sur la référence seule, la version peut différer
DWE397;DeWALT DWE397-QS — Scie Alligator DWE397-QS;409,90;OUTIL;DWE397-QS;DeWALT DWE397-QS — Scie Alligator DWE397-QS;905,90;Scies;496,00;+121 %;référence + variante;mon prix est TRÈS au-dessus du prix idealo
DCD805N;DeWALT DCD805N-XJ — Perceuse-visseuse à percussion 18V DCD805N-XJ;183,22;PACK;DCD805NT-XJ;DeWALT DCD805NT-XJ — Perceuse-visseuse à percussion 18V DCD805NT-XJ;401,42;Perçage, vissage et boulonnage;218,20;+119 %;référence seule (variante différente);mon prix est TRÈS au-dessus du prix idealo — ATTENTION : rapproché sur la référence seule, la version peut différer
DCLE34021N-XJ;DeWalt Compact 18V (DCLE34021N-XJ)1;226,80;OUTIL;DCLE34021D2-QW;DeWALT DCLE34021D2-QW — Laser croix compact faisceau vert XR 18V DCLE34021D2-QW;496,16;Accessoires;269,36;+119 %;référence seule (variante différente);mon prix est TRÈS au-dessus du prix idealo — ATTENTION : rapproché sur la référence seule, la version peut différer
DCD796D1-QW;Dewalt DCD796D1-QW Perceuse Visseuse Percussion Compact XR 18V Li-Ion Brushless - 1X 2Ah Batterie + chargeur en coffret;161,48;PACK+1X2+COFFRET+CHARGEUR;DCD796NT-XJ;DeWALT DCD796NT-XJ — Perceuse visseuse à percussion 18V DCD796NT-XJ;352,09;Perçage, vissage et boulonnage;190,61;+118 %;référence seule (variante différente);mon prix est TRÈS au-dessus du prix idealo — ATTENTION : rapproché sur la référence seule, la version peut différer
DCS369NT-XJ;DeWALT DCS369NT-XJ — Scie sabre 18V DCS369NT-XJ;114,43;OUTIL;DCS369NT-XJ;DeWALT DCS369NT-XJ — Scie sabre 18V DCS369NT-XJ;242,41;Scies;127,98;+112 %;référence + variante;mon prix est TRÈS au-dessus du prix idealo
DCS572N;DEWALT DCS572N;181,31;OUTIL;DCS572NT-XJ;DeWALT DCS572NT-XJ — Scie circulaire 18V Ø184 mm DCS572NT-XJ;384,04;Scies;202,73;+112 %;référence + variante;mon prix est TRÈS au-dessus du prix idealo
DCMPH566P1-QW;DEWALT DCMPH566P1-QW;212,90;PACK;DCMPH566N-XJ-XJ;DeWALT DCMPH566N-XJ-XJ — Taille haie sur perche orientable 18V DCMPH566N-XJ-XJ;450,40;Tronçonnage et élagage;237,50;+112 %;référence seule (variante différente);mon prix est TRÈS au-dessus du prix idealo — ATTENTION : rapproché sur la référence seule, la version peut différer
DCN660NT-XJ;DeWalt Cloueur de Finition XR 18V - DCN660NT-XJ - Cloueur sans Fil avec Coffret TSTAK - 16 Ga & DNBA1632GZ - Lot de Poin;368,47;PACK+COFFRET;DCN660N-XJ;DeWALT DCN660N-XJ — Cloueur de finition 18V DCN660N-XJ;782,89;Cloueurs;414,42;+112 %;référence seule (variante différente);mon prix est TRÈS au-dessus du prix idealo — ATTENTION : rapproché sur la référence seule, la version peut différer
DCD709P1T-QW;Dewalt DCD709P1T-QW Perceuse à percussion sans fil XR 18V 65Nm 2 vitesses - 1 X 5.0 Ah Batterie, chargeur en coffret;196,17;PACK+1X5.0+COFFRET+CHARGEUR;DCD709NT-XJ;DeWALT DCD709NT-XJ — Perceuse visseuse à percussion 18V DCD709NT-XJ;413,52;Perçage, vissage et boulonnage;217,35;+111 %;référence seule (variante différente);mon prix est TRÈS au-dessus du prix idealo — ATTENTION : rapproché sur la référence seule, la version peut différer
DCE555N-XJ;DeWALT DCE555N-XJ — Fraiseuse pour placo 18V DCE555N-XJ;111,33;OUTIL;DCE555N-XJ;DeWALT DCE555N-XJ — Fraiseuse pour placo 18V DCE555N-XJ;231,32;Défonceuses;119,99;+108 %;référence + variante;mon prix est TRÈS au-dessus du prix idealo
DWH161N;DEWALT DWH161N;157,52;OUTIL;DWH161D1-QW;DeWALT DWH161D1-QW — DWH161D1-QW;328,34;Quincaillerie;170,82;+108 %;référence + variante;mon prix est TRÈS au-dessus du prix idealo
DCF899N-XJ;DEWALT DCF899N-XJ;155,30;OUTIL;DCF899NT-XJ;"DeWALT DCF899NT-XJ — Boulonneuse à chocs 18V 1/2"" DCF899NT-XJ";322,51;Perçage, vissage et boulonnage;167,21;+108 %;référence + variante;mon prix est TRÈS au-dessus du prix idealo
DCH172N-XJ;DeWALT DCH172N-XJ — Perforateur SDS Plus 18V DCH172N-XJ;134,78;OUTIL;DCH172NT-XJ;DeWALT DCH172NT-XJ — Perforateur SDS Plus 18V DCH172NT-XJ;279,35;Perforateurs;144,57;+107 %;référence + variante;mon prix est TRÈS au-dessus du prix idealo
DCS334NT;DeWalt DCS 334 NT 18 V Li-Ion Scie sauteuse Brushless + Coffret T-STAK II - sans Batterie, sans Chargeur;151,75;PACK+COFFRET+CHARGEUR;DCS334NT-XJ;DeWALT DCS334NT-XJ — Scie sauteuse 18V DCS334NT-XJ;313,78;Scies;162,03;+107 %;référence seule (variante différente);mon prix est TRÈS au-dessus du prix idealo — ATTENTION : rapproché sur la référence seule, la version peut différer
DCS356N;DEWALT DCS356N;140,83;OUTIL;DCS356NT-XJ;DeWALT DCS356NT-XJ — Outil multifonction 18V DCS356NT-XJ;286,80;Outils multifonctions;145,97;+104 %;référence + variante;mon prix est TRÈS au-dessus du prix idealo
DCLE14201GB;DeWALT DCLE14201GB-XJ — Niveau laser croix faisceau vert DCLE14201GB-XJ;239,44;OUTIL+VERT;DCLE14201GB-XJ;DeWALT DCLE14201GB-XJ — Niveau laser croix faisceau vert DCLE14201GB-XJ;487,52;Accessoires;248,08;+104 %;référence + variante;mon prix est TRÈS au-dessus du prix idealo
DCMHT562N-XJ;DeWALT DCMHT562N-XJ — Taille haie 18V 55cm DCMHT562N-XJ;137,90;PACK;DCMHT562N-XJ;DeWALT DCMHT562N-XJ — Taille haie 18V 55cm DCMHT562N-XJ;278,21;Tronçonnage et élagage;140,31;+102 %;référence seule (variante différente);mon prix est TRÈS au-dessus du prix idealo — ATTENTION : rapproché sur la référence seule, la version peut différer
DCW600N-XJ;DeWALT DCW600N-XJ — Affleureuse XR 18V DCW600N-XJ;162,58;OUTIL;DCW600N-XJ;DeWALT DCW600N-XJ — Affleureuse XR 18V DCW600N-XJ;328,52;Défonceuses;165,94;+102 %;référence + variante;mon prix est TRÈS au-dessus du prix idealo
DCE530;DeWALT DCE530N-XJ — Décapeur Thermique 18V DCE530N-XJ;89,81;OUTIL;DCE530N-XJ;DeWALT DCE530N-XJ — Décapeur Thermique 18V DCE530N-XJ;180,90;Accessoires;91,09;+101 %;référence + variante;mon prix est TRÈS au-dessus du prix idealo
DWS520KT-QS;Scie plongeante 1300 W 165 mm + coffret TSTAK DEWALT DWS520KT-QS;409,90;PACK+COFFRET;DWS520KT-QS;DeWALT DWS520KT-QS — Scie circulaire plongeante 1300W DWS520KT-QS;819,59;Scies;409,69;+100 %;référence seule (variante différente);mon prix est TRÈS au-dessus du prix idealo — ATTENTION : rapproché sur la référence seule, la version peut différer
DCS356D1;DEWALT Kit d'outils multifonctions oscillants XR 20 V MAX à vitesse variable (DCS356D1);145,75;PACK;DCS356NT-XJ;DeWALT DCS356NT-XJ — Outil multifonction 18V DCS356NT-XJ;286,80;Outils multifonctions;141,05;+97 %;référence seule (variante différente);mon prix est TRÈS au-dessus du prix idealo — ATTENTION : rapproché sur la référence seule, la version peut différer
DCD796D1T;Perceuse-visseuse à percussion DeWALT DCD796D1T (1 x 2,0 Ah + DCB107 + TSTAK II) + kit de 40 embouts de vissage;181,00;PACK+1X2.0+COFFRET;DCD796NT-XJ;DeWALT DCD796NT-XJ — Perceuse visseuse à percussion 18V DCD796NT-XJ;352,09;Perçage, vissage et boulonnage;171,09;+95 %;référence seule (variante différente);mon prix est TRÈS au-dessus du prix idealo — ATTENTION : rapproché sur la référence seule, la version peut différer
DCS355N-XJ;DeWALT DCS355N-XJ — Multicutter Outil multifonction DCS355N-XJ;105,99;OUTIL;DCS355N-XJ;DeWALT DCS355N-XJ — Multicutter Outil multifonction DCS355N-XJ;205,50;Scies;99,51;+94 %;référence + variante;mon prix est TRÈS au-dessus du prix idealo
DE0892G;DeWALT DE0892G-XJ — Cellule de réception laser vert DE0892G-XJ;97,28;OUTIL+VERT;DE0892G-XJ;DeWALT DE0892G-XJ — Cellule de réception laser vert DE0892G-XJ;187,06;Accessoires;89,78;+92 %;référence + variante;mon prix est TRÈS au-dessus du prix idealo
DCG416VSN-XJ;DeWALT DCG416VSN-XJ — Meuleuse Ø125 mm 18V DCG416VSN-XJ;197,09;OUTIL;DCG416VSN-XJ;DeWALT DCG416VSN-XJ — Meuleuse Ø125 mm 18V DCG416VSN-XJ;376,46;Meulage, découpe et polissage;179,37;+91 %;référence + variante;mon prix est TRÈS au-dessus du prix idealo
DWHT78200-XJ;DeWalt Télémètre laser 60m, batterie lithium rechargeable (DWHT78200-XJ);159,00;PACK;DWHT78200-XJ;DeWALT DWHT78200-XJ — Télémètre laser 60m USB-C DWHT78200-XJ;302,84;Accessoires;143,84;+90 %;référence seule (variante différente);mon prix est TRÈS au-dessus du prix idealo — ATTENTION : rapproché sur la référence seule, la version peut différer
DW03101;DeWALT DW03101-XJ — Télémètre laser 100m Bluetooth DW03101-XJ;178,73;OUTIL;DW03101-XJ;DeWALT DW03101-XJ — Télémètre laser 100m Bluetooth DW03101-XJ;339,86;Accessoires;161,13;+90 %;référence + variante;mon prix est TRÈS au-dessus du prix idealo
DCR019;DeWALT DCR019 — DCR019;98,70;OUTIL;DCR019;DeWALT DCR019 — DCR019;187,39;Accessoires;88,69;+90 %;référence + variante;mon prix est TRÈS au-dessus du prix idealo
DCF887D1;"Visseuse à chocs sans fil DeWalt DCF 887 D1 18 V 205 Nm 1/4"" sans balais + 1 batterie 2,0 Ah + chargeur";163,94;PACK+1X2.0+CHARGEUR;DCF887P2;"DeWALT DCF887P2 — Visseuse a chocs 1/4"" XR 18V (2x5Ah + chargeur + TSTAK)";310,37;Perçage, vissage et boulonnage;146,43;+89 %;référence seule (variante différente);mon prix est TRÈS au-dessus du prix idealo — ATTENTION : rapproché sur la référence seule, la version peut différer
DCS369N;SCIE À BATTERIE DEWALT SCIE 18V (SANS BATTERIE NI CHARGEUR) DCS369N;129,13;PACK+CHARGEUR;DCS369NT-XJ;DeWALT DCS369NT-XJ — Scie sabre 18V DCS369NT-XJ;242,41;Scies;113,28;+88 %;référence seule (variante différente);mon prix est TRÈS au-dessus du prix idealo — ATTENTION : rapproché sur la référence seule, la version peut différer
DWST83402-1;DeWalt Tool Trolley DWST83402-1;199,90;PACK;DWST83402-1;DeWALT DWST83402-1 — TOUGHSYSTEM 2.0 Trolley 3-en-1 (chariot + 2 coffrets);375,62;Rangements;175,72;+88 %;référence seule (variante différente);mon prix est TRÈS au-dessus du prix idealo — ATTENTION : rapproché sur la référence seule, la version peut différer
DCB546;DeWALT DCB546-XJ — Batterie XR 18V-54V 6Ah-2Ah Flexvolt DCB546-XJ;109,74;PACK+1X6;DCB546-XJ;DeWALT DCB546-XJ — Batterie XR 18V-54V 6Ah-2Ah Flexvolt DCB546-XJ;205,50;Batteries et chargeurs;95,76;+87 %;référence seule (variante différente);mon prix est TRÈS au-dessus du prix idealo — ATTENTION : rapproché sur la référence seule, la version peut différer
DCE512N-XJ;DeWALT DCE512N-XJ — Ventilateur de chantier DCE512N-XJ;112,98;OUTIL;DCE512N-XJ;DeWALT DCE512N-XJ — Ventilateur de chantier DCE512N-XJ;211,66;Accessoires;98,68;+87 %;référence + variante;mon prix est TRÈS au-dessus du prix idealo
DCV501LN-XJ;DeWALT DCV501LN-XJ — Aspirateur à main 18V DCV501LN-XJ;123,49;OUTIL;DCV501LN-XJ;DeWALT DCV501LN-XJ — Aspirateur à main 18V DCV501LN-XJ;231,32;Aspirateurs;107,83;+87 %;référence + variante;mon prix est TRÈS au-dessus du prix idealo
DCS334NT-XJ;DEWALT Scie Sauteuse Brushless XR 18V Li-ion, avec Coffret TSTAK et Éclairage LED, Courses à Vide 3200tr/min, Coupe Bois;167,66;PACK+COFFRET;DCS334NT-XJ;DeWALT DCS334NT-XJ — Scie sauteuse 18V DCS334NT-XJ;313,78;Scies;146,12;+87 %;référence seule (variante différente);mon prix est TRÈS au-dessus du prix idealo — ATTENTION : rapproché sur la référence seule, la version peut différer
DCB184P10;Dewalt DCB184P10 Lot de batteries 10 x DCB184 18V Li-Ion XR - 10 X 5.0Ah;638,45;PACK+0X5.0;DCB184;DeWALT DCB184 — Batterie 18V XR Li-Ion 5,0 Ah (témoin de charge LED);80,39;Batteries et chargeurs;558,06;−87 %;référence seule (variante différente);mon prix est SOUS le prix idealo — ATTENTION : rapproché sur la référence seule, la version peut différer
DCD796M1;Dewalt DCD796M1 Perceuse à percussion 18V XR (1x 4,0Ah) + chargeur en TSTAK;189,74;PACK+1X4.0+COFFRET+CHARGEUR;DCD796NT-XJ;DeWALT DCD796NT-XJ — Perceuse visseuse à percussion 18V DCD796NT-XJ;352,09;Perçage, vissage et boulonnage;162,35;+86 %;référence seule (variante différente);mon prix est TRÈS au-dessus du prix idealo — ATTENTION : rapproché sur la référence seule, la version peut différer
DCD791D1-QW;Dewalt DCD791D1-QW Set perceuse visseuse Li-Ion 18V (1x batterie 2.0Ah) dans TSTAK - moteur brushless - 70Nm;163,75;PACK+1X2.0+COFFRET;DCD791N;DeWALT DCD791N — Perceuse-visseuse 18V DCD791N;302,84;Perçage, vissage et boulonnage;139,09;+85 %;référence seule (variante différente);mon prix est TRÈS au-dessus du prix idealo — ATTENTION : rapproché sur la référence seule, la version peut différer
DCM565N;DeWALT DCM565N-XJ — Tronçonneuse 18V 30 cm DCM565N-XJ;210,44;PACK;DCM565N-XJ;DeWALT DCM565N-XJ — Tronçonneuse 18V 30 cm DCM565N-XJ;388,93;Tronçonnage et élagage;178,49;+85 %;référence seule (variante différente);mon prix est TRÈS au-dessus du prix idealo — ATTENTION : rapproché sur la référence seule, la version peut différer
DCB547-XJ;DeWalt FlexVolt Li-Ion XR 18V/54V 9,0 Ah (DCB547-XJ);128,52;PACK+1X9.0;DCB547-XJ;DeWALT DCB547-XJ — Batterie 18V-54V 9Ah-3Ah XR Flexvolt DCB547-XJ;236,22;Batteries et chargeurs;107,70;+84 %;référence seule (variante différente);mon prix est TRÈS au-dessus du prix idealo — ATTENTION : rapproché sur la référence seule, la version peut différer
DW088CG;DeWalt Laser-Set DW088CG + DW099E (DW0887100-1);224,99;PACK;DW088CG-XJ;DeWALT DW088CG-XJ — Niveau laser croix DW088CG-XJ;413,52;Accessoires;188,53;+84 %;référence seule (variante différente);mon prix est TRÈS au-dessus du prix idealo — ATTENTION : rapproché sur la référence seule, la version peut différer
DCN660N;DeWalt DCN 660 N Cloueuse sans fil 18V 32 - 63 mm Brushless + 1x batterie 4,0 Ah - sans chargeur;425,80;PACK+1X4.0+CHARGEUR;DCN660N-XJ;DeWALT DCN660N-XJ — Cloueur de finition 18V DCN660N-XJ;782,89;Cloueurs;357,09;+84 %;référence seule (variante différente);mon prix est TRÈS au-dessus du prix idealo — ATTENTION : rapproché sur la référence seule, la version peut différer
DCG406N;DeWALT DCG406N-XJ — Meuleuse Ø125 mm DCG406N-XJ;139,50;OUTIL;DCG406N-XJ;DeWALT DCG406N-XJ — Meuleuse Ø125 mm DCG406N-XJ;254,68;Meulage, découpe et polissage;115,18;+83 %;référence + variante;mon prix est TRÈS au-dessus du prix idealo
DCL077-XJ;DeWALT DCL077 — Projecteur de chantier DCL077;99,00;PACK;DCL077;DeWALT DCL077 — Projecteur de chantier DCL077;180,90;Accessoires;81,90;+83 %;référence seule (variante différente);mon prix est TRÈS au-dessus du prix idealo — ATTENTION : rapproché sur la référence seule, la version peut différer
DCN660N;DeWalt DCN 660 N Cloueuse sans fil 18V 32 - 63 mm Brushless + 1x batterie 5,0 Ah - sans chargeur;430,22;PACK+1X5.0+CHARGEUR;DCN660N-XJ;DeWALT DCN660N-XJ — Cloueur de finition 18V DCN660N-XJ;782,89;Cloueurs;352,67;+82 %;référence seule (variante différente);mon prix est TRÈS au-dessus du prix idealo — ATTENTION : rapproché sur la référence seule, la version peut différer
DCG408N;DEWALT DCG408N;157,51;OUTIL;DCG408NT-XJ;DeWALT DCG408NT-XJ — Meuleuse Ø125 mm 18V DCG408NT-XJ;285,53;Meulage, découpe et polissage;128,02;+81 %;référence + variante;mon prix est TRÈS au-dessus du prix idealo
DE7033;DeWALT DE7033-XJ — Piètement DE7033-XJ;140,54;ACCESSOIRE;DE7033-XJ;DeWALT DE7033-XJ — Piètement DE7033-XJ;254,68;Accessoires;114,14;+81 %;référence + variante;mon prix est TRÈS au-dessus du prix idealo
DWE74912;DeWALT DWE74912 — DWE74912;81,66;OUTIL;DWE74912;DeWALT DWE74912 — DWE74912;146,09;Accessoires;64,43;+79 %;référence + variante;mon prix est TRÈS au-dessus du prix idealo
DCH263N-XJ;Perforateur DEWALT DCH263N-XJ SDS+ 18V (Machine Nue);152,60;PACK;DCH263N;DeWALT DCH263N — DCH263N;271,02;Perforateurs;118,42;+78 %;référence seule (variante différente);mon prix est TRÈS au-dessus du prix idealo — ATTENTION : rapproché sur la référence seule, la version peut différer
DCB124G;DeWALT DCB124G — DCB124G;83,62;PACK;DCB124G;DeWALT DCB124G — DCB124G;148,51;Batteries et chargeurs;64,89;+78 %;référence seule (variante différente);mon prix est TRÈS au-dessus du prix idealo — ATTENTION : rapproché sur la référence seule, la version peut différer
DCB090-XJ;DeWALT DCB090-XJ — DCB090-XJ;83,29;PACK;DCB090-XJ;DeWALT DCB090-XJ — DCB090-XJ;148,09;Batteries et chargeurs;64,80;+78 %;référence seule (variante différente);mon prix est TRÈS au-dessus du prix idealo — ATTENTION : rapproché sur la référence seule, la version peut différer
DCN660D1-QW;Dewalt DCN660D1-QW Cloueur de finition à batterie 16Ga XR 18V 1X2.0Ah Li-Ion chargeur en coffret;439,81;PACK+1X2.0+COFFRET+CHARGEUR;DCN660N-XJ;DeWALT DCN660N-XJ — Cloueur de finition 18V DCN660N-XJ;782,89;Cloueurs;343,08;+78 %;référence seule (variante différente);mon prix est TRÈS au-dessus du prix idealo — ATTENTION : rapproché sur la référence seule, la version peut différer
DCN890P2;DEWALT DCN890P2;699,83;PACK;DCN890;DeWALT DCN890 — Chasse-clous de rechange pour Cloueur à béton sans fil DCN890 (DCN8901-XJ);152,72;Perçage, vissage et boulonnage;547,11;−78 %;référence seule (variante différente);mon prix est SOUS le prix idealo — ATTENTION : rapproché sur la référence seule, la version peut différer
DXVCS002;DeWALT DXVCS002 — DXVCS002;82,66;OUTIL;DXVCS002;DeWALT DXVCS002 — DXVCS002;147,30;Aspirateurs;64,64;+78 %;référence + variante;mon prix est TRÈS au-dessus du prix idealo
D26414;DeWALT D26414 — D26414;82,46;OUTIL;D26414;DeWALT D26414 — D26414;147,02;Accessoires;64,56;+78 %;référence + variante;mon prix est TRÈS au-dessus du prix idealo
N233859;Barre pour scie Stationnaire DeWALT N233859;82,99;OUTIL;N233859;DeWALT N233859 — Barre pour scie Stationnaire DeWALT N233859;147,72;Scies;64,73;+78 %;référence + variante;mon prix est TRÈS au-dessus du prix idealo
DWAMF1280;DEWALT Drill Bit Set / Screwdriver Set, 80-Piece (DWAMF1280);82,77;PACK;DWAMF1280;DeWALT DWAMF1280 — Drill Bit Set / Screwdriver Set, 80-Piece (DWAMF1280);147,41;Perçage, vissage et boulonnage;64,64;+78 %;référence seule (variante différente);mon prix est TRÈS au-dessus du prix idealo — ATTENTION : rapproché sur la référence seule, la version peut différer
DCG426;DeWALT DCG426N-XJ — Meuleuse droite XR 18V DCG426N-XJ;140,14;OUTIL;DCG426N-XJ;DeWALT DCG426N-XJ — Meuleuse droite XR 18V DCG426N-XJ;248,51;Meulage, découpe et polissage;108,37;+77 %;référence + variante;mon prix est TRÈS au-dessus du prix idealo
DXV15A;DeWALT DXV15A — DXV15A;85,05;OUTIL;DXV15A;DeWALT DXV15A — DXV15A;150,29;Aspirateurs;65,24;+77 %;référence + variante;mon prix est TRÈS au-dessus du prix idealo
DCD777N;DEWALT DCD777N;84,90;OUTIL;DCD777NT;DeWALT DCD777NT — Perceuse-visseuse 18V DCD777NT;150,11;Perçage, vissage et boulonnage;65,21;+77 %;référence + variante;mon prix est TRÈS au-dessus du prix idealo
DCB548-XJ;DeWALT DCB548-XJ — Batterie XR 18V-54V 12Ah-4Ah Flexvolt DCB548-XJ;179,00;PACK+1X12;DCB548-XJ;DeWALT DCB548-XJ — Batterie XR 18V-54V 12Ah-4Ah Flexvolt DCB548-XJ;316,21;Batteries et chargeurs;137,21;+77 %;référence seule (variante différente);mon prix est TRÈS au-dessus du prix idealo — ATTENTION : rapproché sur la référence seule, la version peut différer
DCE5601-XJ;Dewalt DCE5601-XJ Ensemble de supports pour les gaines pour le pistolet à mastic 580, Noir;82,23;ACCESSOIRE;DCE5601-XJ;DeWALT DCE5601-XJ — Support cartouche pour pistolet à mastic - - DCE5601-XJ;145,46;Perçage, vissage et boulonnage;63,23;+77 %;référence + variante;mon prix est TRÈS au-dessus du prix idealo
DCMPP568N-XJ;DeWALT DCMPP568N-XJ — Sécateur 18V DCMPP568N-XJ;118,14;OUTIL;DCMPP568N-XJ;DeWALT DCMPP568N-XJ — Sécateur 18V DCMPP568N-XJ;207,88;Tronçonnage et élagage;89,74;+76 %;référence + variante;mon prix est TRÈS au-dessus du prix idealo
DCS334N;DeWalt DCS 334N;178,02;OUTIL;DCS334NT-XJ;DeWALT DCS334NT-XJ — Scie sauteuse 18V DCS334NT-XJ;313,78;Scies;135,76;+76 %;référence + variante;mon prix est TRÈS au-dessus du prix idealo
DCS334;DeWalt DCS 334;178,02;PACK;DCS334NT-XJ;DeWALT DCS334NT-XJ — Scie sauteuse 18V DCS334NT-XJ;313,78;Scies;135,76;+76 %;référence seule (variante différente);mon prix est TRÈS au-dessus du prix idealo — ATTENTION : rapproché sur la référence seule, la version peut différer
DCF887E1;DeWalt DCF 887 E1 Clé à choc sans fil 18 V 205 Nm 1/4'' Brushless + 1x batterie 1,7 Ah + chargeur;176,39;PACK+1X1.7+CHARGEUR;DCF887P2;"DeWALT DCF887P2 — Visseuse a chocs 1/4"" XR 18V (2x5Ah + chargeur + TSTAK)";310,37;Perçage, vissage et boulonnage;133,98;+76 %;référence seule (variante différente);mon prix est TRÈS au-dessus du prix idealo — ATTENTION : rapproché sur la référence seule, la version peut différer
DCMH3285;DEWALT DCMH3285 Tuyau d'arrosage robuste de qualité professionnelle 15,2 m x 1,6 cm pour jardin, jaune, noir;86,21;OUTIL;DCMH3285;DeWALT DCMH3285 — DCMH3285 Tuyau d'arrosage robuste de qualité professionnelle 15,2 m x 1,6 cm pour jardin, jaune, noir;151,64;Tronçonnage et élagage;65,43;+76 %;référence + variante;mon prix est TRÈS au-dessus du prix idealo
DE7777-XJ;"Kit de connecteur DeWalt DE7777-XJ; 100 mm";86,01;PACK;DE7777-XJ;"DeWALT DE7777-XJ — Kit de connecteur DeWalt DE7777-XJ; 100 mm";151,46;Combos;65,45;+76 %;référence seule (variante différente);mon prix est TRÈS au-dessus du prix idealo — ATTENTION : rapproché sur la référence seule, la version peut différer
DCMBL562N-XJ;DeWALT DCMBL562N-XJ — Souffleur 18V DCMBL562N-XJ;124,19;OUTIL;DCMBL562N-XJ;DeWALT DCMBL562N-XJ — Souffleur 18V DCMBL562N-XJ;217,82;Tronçonnage et élagage;93,63;+75 %;référence + variante;mon prix est TRÈS au-dessus du prix idealo
DCBP034;DeWALT DCBP034 — DCBP034;88,44;PACK;DCBP034;DeWALT DCBP034 — DCBP034;154,42;Batteries et chargeurs;65,98;+75 %;référence seule (variante différente);mon prix est TRÈS au-dessus du prix idealo — ATTENTION : rapproché sur la référence seule, la version peut différer
DCG409;DEWALT-meuleuse d'angle DCG409, outil électrique sans fil sans balais 20V, machine de découpe, polisseuse portable recha;87,39;OUTIL;DCG409;DeWALT DCG409 — DEWALT-meuleuse d'angle DCG409, outil électrique sans fil sans balais 20V, machine de découpe, polisseuse portable recha;153,11;Meulage, découpe et polissage;65,72;+75 %;référence + variante;mon prix est TRÈS au-dessus du prix idealo
DCD800P1T;Dewalt DCD800P1T Perceuse visseuse 18V XR 90 Nm + 1 x 5,0Ah Batterie + Chargeur + Coffret T-STAK;228,91;PACK+1X5.0+COFFRET+CHARGEUR;DCD800NT-XJ;DeWALT DCD800NT-XJ — Perceuse-visseuse 18V DCD800NT-XJ;401,42;Perçage, vissage et boulonnage;172,51;+75 %;référence seule (variante différente);mon prix est TRÈS au-dessus du prix idealo — ATTENTION : rapproché sur la référence seule, la version peut différer
AT-DXV20P;DeWALT AT-DXV20P — AT-DXV20P;88,49;OUTIL;AT-DXV20P;DeWALT AT-DXV20P — AT-DXV20P;154,50;Aspirateurs;66,01;+75 %;référence + variante;mon prix est TRÈS au-dessus du prix idealo
DCMASBC1N-XJ;DeWALT DCMASBC1N-XJ — DCMASBC1N-XJ;87,58;PACK;DCMASBC1N-XJ;DeWALT DCMASBC1N-XJ — DCMASBC1N-XJ;153,35;Tronçonnage et élagage;65,77;+75 %;référence seule (variante différente);mon prix est TRÈS au-dessus du prix idealo — ATTENTION : rapproché sur la référence seule, la version peut différer
N510599;OEM N510599 Poulie de rechange pour tondeuse à gazon DeWalt DCMW220X2 DCMW290H1 DCMW220P2;87,45;ACCESSOIRE;N510599;DeWALT N510599 — OEM N510599 Poulie de rechange pour tondeuse à gazon DeWalt DCMW220X2 DCMW290H1 DCMW220P2;153,22;Tronçonnage et élagage;65,77;+75 %;référence + variante;mon prix est TRÈS au-dessus du prix idealo
DW0802;DEWALT DW0802 33'. Laser Square;87,40;OUTIL;DW0802;DeWALT DW0802 — DW0802 33'. Laser Square;153,12;Accessoires;65,72;+75 %;référence + variante;mon prix est TRÈS au-dessus du prix idealo
DCN890;DeWalt Chasse-clous de rechange pour Cloueur à béton sans fil DCN890 (DCN8901-XJ);87,02;ACCESSOIRE;DCN890;DeWALT DCN890 — Chasse-clous de rechange pour Cloueur à béton sans fil DCN890 (DCN8901-XJ);152,72;Perçage, vissage et boulonnage;65,70;+75 %;référence + variante;mon prix est TRÈS au-dessus du prix idealo
DCB184P5;Dewalt DCB184P5 Lot de batteries 5 x DCB184 18V Li-Ion XR - 5 X 5.0Ah;323,94;PACK+5X5.0;DCB184;DeWALT DCB184 — Batterie 18V XR Li-Ion 5,0 Ah (témoin de charge LED);80,39;Batteries et chargeurs;243,55;−75 %;référence seule (variante différente);mon prix est SOUS le prix idealo — ATTENTION : rapproché sur la référence seule, la version peut différer
DCB1104;DeWalt Agrafeuse d'Électricien 18V, 2,0Ah, avec Chargeur DCB1104 (DCN701D1-SK);333,00;PACK+1X2.0+CHARGEUR;DCB1104-QW;DeWALT DCB1104-QW — Chargeur 12V/18V DCB1104-QW;82,38;Batteries et chargeurs;250,62;−75 %;référence seule (variante différente);mon prix est SOUS le prix idealo — ATTENTION : rapproché sur la référence seule, la version peut différer
DCF850;DEWALT DCF850 pilote d'impact pilote électrique 20V sans brosse sans fil 3250 tr/min tournevis outils à couple élevé out;96,99;OUTIL;DCF850N;"DeWALT DCF850N — Visseuse a chocs 1/4"" XR 18V Ultra-compacte (outil nu)";169,00;Perçage, vissage et boulonnage;72,01;+74 %;référence + variante;mon prix est TRÈS au-dessus du prix idealo
DCD791N;Perceuse-visseuse sans fil DeWalt DCD 791 N 18 V 70 Nm Brushless + 1 batterie 4,0 Ah - sans chargeur;173,58;PACK+1X4.0+CHARGEUR;DCD791N;DeWALT DCD791N — Perceuse-visseuse 18V DCD791N;302,84;Perçage, vissage et boulonnage;129,26;+74 %;référence seule (variante différente);mon prix est TRÈS au-dessus du prix idealo — ATTENTION : rapproché sur la référence seule, la version peut différer
DCLE34021D1-QW;DeWALT DCLE34021D1-QW — Laser croix compact faisceau vert XR 18V DCLE34021D1-QW;285,90;PACK+VERT;DCLE34021D2-QW;DeWALT DCLE34021D2-QW — Laser croix compact faisceau vert XR 18V DCLE34021D2-QW;496,16;Accessoires;210,26;+74 %;référence seule (variante différente);mon prix est TRÈS au-dessus du prix idealo — ATTENTION : rapproché sur la référence seule, la version peut différer
DWE4237;DeWALT DWE4237-QS — DWE4237-QS;91,22;OUTIL;DWE4237-QS;DeWALT DWE4237-QS — DWE4237-QS;157,81;Meulage, découpe et polissage;66,59;+73 %;référence + variante;mon prix est TRÈS au-dessus du prix idealo
DWE4217;DeWALT DWE4217 — DWE4217;91,09;OUTIL;DWE4217;DeWALT DWE4217 — DWE4217;157,68;Meulage, découpe et polissage;66,59;+73 %;référence + variante;mon prix est TRÈS au-dessus du prix idealo
DWH050-XJ;DeWALT DWH050-XJ — DWH050-XJ;91,90;OUTIL;DWH050-XJ;DeWALT DWH050-XJ — DWH050-XJ;158,77;Aspirateurs;66,87;+73 %;référence + variante;mon prix est TRÈS au-dessus du prix idealo
DWE4207-QS;DeWALT DWE4207-QS — DWE4207-QS;91,50;OUTIL;DWE4207-QS;DeWALT DWE4207-QS — DWE4207-QS;158,21;Meulage, découpe et polissage;66,71;+73 %;référence + variante;mon prix est TRÈS au-dessus du prix idealo
DWHT0-43172;DeWALT DWHT0-43172 — DWHT0-43172;90,98;OUTIL;DWHT0-43172;DeWALT DWHT0-43172 — DWHT0-43172;157,57;Accessoires;66,59;+73 %;référence + variante;mon prix est TRÈS au-dessus du prix idealo
DCB094K-QW;DeWALT DCB094K-QW — DCB094K-QW;90,90;PACK;DCB094K-QW;DeWALT DCB094K-QW — DCB094K-QW;157,44;Batteries et chargeurs;66,54;+73 %;référence seule (variante différente);mon prix est TRÈS au-dessus du prix idealo — ATTENTION : rapproché sur la référence seule, la version peut différer
DWMT19241-1;"DeWalt Coffret 22 pièces douilles et clé à cliquet 1/2"" (DWMT19241-1)";90,77;PACK+COFFRET;DWMT19241-1;"DeWALT DWMT19241-1 — Coffret 22 pièces douilles et clé à cliquet 1/2"" (DWMT19241-1)";157,31;Perçage, vissage et boulonnage;66,54;+73 %;référence seule (variante différente);mon prix est TRÈS au-dessus du prix idealo — ATTENTION : rapproché sur la référence seule, la version peut différer
DCN660D2-QW;DEWALT DCN660D2-QW;453,80;PACK;DCN660N-XJ;DeWALT DCN660N-XJ — Cloueur de finition 18V DCN660N-XJ;782,89;Cloueurs;329,09;+73 %;référence seule (variante différente);mon prix est TRÈS au-dessus du prix idealo — ATTENTION : rapproché sur la référence seule, la version peut différer
DCR011;DeWALT DCR011-XJ — Enceinte bluetooth 18V DCR011-XJ;102,90;PACK;DCR011-XJ;DeWALT DCR011-XJ — Enceinte bluetooth 18V DCR011-XJ;178,36;Accessoires;75,46;+73 %;référence seule (variante différente);mon prix est TRÈS au-dessus du prix idealo — ATTENTION : rapproché sur la référence seule, la version peut différer
DCMHT564N-XJ;DeWALT DCMHT564N-XJ — Taille haie 18V 55cm DCMHT564N-XJ;148,20;OUTIL;DCMHT564N-XJ;DeWALT DCMHT564N-XJ — Taille haie 18V 55cm DCMHT564N-XJ;254,68;Tronçonnage et élagage;106,48;+72 %;référence + variante;mon prix est TRÈS au-dessus du prix idealo
DT60839-QZ;DEWALT Marteau perforateur DEWALT SDS-max 35x670x540 mm DT60839-QZ Quantité:1;93,99;OUTIL;DT60839-QZ;DeWALT DT60839-QZ — Marteau perforateur DEWALT SDS-max 35x670x540 mm DT60839-QZ Quantité:1;161,29;Perforateurs;67,30;+72 %;référence + variante;mon prix est TRÈS au-dessus du prix idealo
DCF900N;DEWALT DCF900N;212,99;OUTIL;DCF900NT-XJ;"DeWALT DCF900NT-XJ — Boulonneuse 18V 1/2"" DCF900NT-XJ";365,42;Perçage, vissage et boulonnage;152,43;+72 %;référence + variante;mon prix est TRÈS au-dessus du prix idealo
DCS579NT-XJ;DeWALT DCS579NT-XJ — Scie circulaire 54V Ø190 mm DCS579NT-XJ;277,35;OUTIL;DCS579NT-XJ;DeWALT DCS579NT-XJ — Scie circulaire 54V Ø190 mm DCS579NT-XJ;476,21;Scies;198,86;+72 %;référence + variante;mon prix est TRÈS au-dessus du prix idealo
DWE46225;DeWALT DWE46225 — DWE46225;94,02;OUTIL;DWE46225;DeWALT DWE46225 — DWE46225;161,34;Accessoires;67,32;+72 %;référence + variante;mon prix est TRÈS au-dessus du prix idealo
DWE4203;DeWALT DWE4203 — DWE4203;92,40;OUTIL;DWE4203;DeWALT DWE4203 — DWE4203;159,30;Meulage, découpe et polissage;66,90;+72 %;référence + variante;mon prix est TRÈS au-dessus du prix idealo
DCF809NT;DeWALT DCF809NT — DCF809NT;94,31;OUTIL;DCF809NT;DeWALT DCF809NT — DCF809NT;161,65;Perçage, vissage et boulonnage;67,34;+71 %;référence + variante;mon prix est TRÈS au-dessus du prix idealo
DCV501LN;Dewalt DCV501LN Aspirateur à main XR 18V - Sans batterie, ni chargeur + Sac de transport;135,14;PACK+CHARGEUR;DCV501LN-XJ;DeWALT DCV501LN-XJ — Aspirateur à main 18V DCV501LN-XJ;231,32;Aspirateurs;96,18;+71 %;référence seule (variante différente);mon prix est TRÈS au-dessus du prix idealo — ATTENTION : rapproché sur la référence seule, la version peut différer
DCD708NT;DeWALT DCD708NT — DCD708NT;95,36;OUTIL;DCD708NT;DeWALT DCD708NT — DCD708NT;162,97;Perçage, vissage et boulonnage;67,61;+71 %;référence + variante;mon prix est TRÈS au-dessus du prix idealo
DCB1102E2-QW;Dewalt - Pack 2 batteries POWERSTACK XR 18V 1.7Ah Li-Ion + chargeur - DCB1102E2-QW;232,99;PACK+1X1.7+CHARGEUR;DCB1102-QW;DeWALT DCB1102-QW — Chargeur 10.8V à 18V DCB1102-QW;67,60;Batteries et chargeurs;165,39;−71 %;référence seule (variante différente);mon prix est SOUS le prix idealo — ATTENTION : rapproché sur la référence seule, la version peut différer
D28011;DeWALT D28011 — D28011;95,27;OUTIL;D28011;DeWALT D28011 — D28011;162,82;Meulage, découpe et polissage;67,55;+71 %;référence + variante;mon prix est TRÈS au-dessus du prix idealo
XR18V;DEWALT Riveter XR 18 V 4,8 mm;655,49;OUTIL;XR18V;DeWALT XR18V — Souffleur Brushless XR 18V 5Ah Li-ION - Souffleur Électrique Portable sans Fil & Recharge de Fil Coupe Bordure 2,;188,89;Quincaillerie;466,60;−71 %;référence seule (variante différente);mon prix est SOUS le prix idealo — ATTENTION : rapproché sur la référence seule, la version peut différer
DCD796;Pack 7 machines DEWALT XR 18V 5Ah TOUGHSYSTEM DCD796 / DCF887 / DCL050 / DCS570 / DCG405 / DCS367 / DCH273NT - DCK623P3-;1195,20;PACK+1X5+COFFRET;DCD796NT-XJ;DeWALT DCD796NT-XJ — Perceuse visseuse à percussion 18V DCD796NT-XJ;352,09;Perçage, vissage et boulonnage;843,11;−71 %;référence seule (variante différente);mon prix est SOUS le prix idealo — ATTENTION : rapproché sur la référence seule, la version peut différer
DT99593-QZ;DeWalt DT99593-QZ Lame de Scie Alligator HSS XR Extreme de 430 mm de longueur pour bois dur, 0 W, 0 V, Noir, 430 mm;96,47;OUTIL;DT99593-QZ;DeWALT DT99593-QZ — DT99593-QZ Lame de Scie Alligator HSS XR Extreme de 430 mm de longueur pour bois dur, 0 W, 0 V, Noir, 430 mm;164,29;Scies;67,82;+70 %;référence + variante;mon prix est TRÈS au-dessus du prix idealo
DCF801N-XJ;DeWALT DCF801N-XJ — DCF801N-XJ;96,30;OUTIL;DCF801N-XJ;DeWALT DCF801N-XJ — DCF801N-XJ;164,10;Perçage, vissage et boulonnage;67,80;+70 %;référence + variante;mon prix est TRÈS au-dessus du prix idealo
DCD791D1;Perceuse-visseuse sans fil DeWalt DCD 791 D1 18 V 70 Nm Brushless + 1 batterie 2,0 Ah + chargeur;178,40;PACK+1X2.0+CHARGEUR;DCD791N;DeWALT DCD791N — Perceuse-visseuse 18V DCD791N;302,84;Perçage, vissage et boulonnage;124,44;+70 %;référence seule (variante différente);mon prix est TRÈS au-dessus du prix idealo — ATTENTION : rapproché sur la référence seule, la version peut différer
DCMCS565N-XJ;DeWALT DCMCS565N-XJ — Tronçonneuse 18V 30cm DCMCS565N-XJ;182,52;OUTIL;DCMCS565N-XJ;DeWALT DCMCS565N-XJ — Tronçonneuse 18V 30cm DCMCS565N-XJ;310,10;Tronçonnage et élagage;127,58;+70 %;référence + variante;mon prix est TRÈS au-dessus du prix idealo
DCG418N-XJ;DEWALT DCG418N-XJ;195,06;OUTIL;DCG418NT-XJ;DeWALT DCG418NT-XJ — Meuleuse Ø125 mm 54V DCG418NT-XJ;332,35;Meulage, découpe et polissage;137,29;+70 %;référence + variante;mon prix est TRÈS au-dessus du prix idealo
DCF850N;"DeWALT DCF850N — Visseuse a chocs 1/4"" XR 18V Ultra-compacte (outil nu)";205,71;PACK;DCF850P2T;"DeWALT DCF850P2T — Visseuse a chocs 1/4"" XR 18V Ultra-compacte (2x5Ah + TSTAK)";349,00;Perçage, vissage et boulonnage;143,29;+70 %;référence seule (variante différente);mon prix est TRÈS au-dessus du prix idealo — ATTENTION : rapproché sur la référence seule, la version peut différer
DCMPW1600N-XJ;DeWALT DCMPW1600N-XJ — Nettoyeur haute pression XR 2 X 18V DCMPW1600N-XJ;330,25;OUTIL;DCMPW1600N-XJ;DeWALT DCMPW1600N-XJ — Nettoyeur haute pression XR 2 X 18V DCMPW1600N-XJ;562,25;Accessoires;232,00;+70 %;référence + variante;mon prix est TRÈS au-dessus du prix idealo
AT-DXV20PC;DeWALT AT-DXV20PC — AT-DXV20PC;94,53;OUTIL;AT-DXV20PC;DeWALT AT-DXV20PC — AT-DXV20PC;160,90;Aspirateurs;66,37;+70 %;référence + variante;mon prix est TRÈS au-dessus du prix idealo
DCS3501;DEWALT DCS3501 Lot de matrices de découpe de rechange;96,22;ACCESSOIRE;DCS3501;DeWALT DCS3501 — DCS3501 Lot de matrices de découpe de rechange;163,96;Scies;67,74;+70 %;référence + variante;mon prix est TRÈS au-dessus du prix idealo
DWD112S;DeWALT DWD112S — DWD112S;97,86;OUTIL;DWD112S;DeWALT DWD112S — DWD112S;166,07;Perçage, vissage et boulonnage;68,21;+70 %;référence + variante;mon prix est TRÈS au-dessus du prix idealo
DCB183;Dewalt DCB183 Lot de 2 batteries XR 18 V 2,0 Ah pour DCD785, DCD985, DCF885, Dcs391, Dcs331;97,00;PACK+1X2.0;DCB183;DeWALT DCB183 — DCB183 Lot de 2 batteries XR 18 V 2,0 Ah pour DCD785, DCD985, DCF885, Dcs391, Dcs331;165,00;Batteries et chargeurs;68,00;+70 %;référence seule (variante différente);mon prix est TRÈS au-dessus du prix idealo — ATTENTION : rapproché sur la référence seule, la version peut différer
DCD791D2-QW;DEWALT DCD791D2-QW;178,92;PACK;DCD791N;DeWALT DCD791N — Perceuse-visseuse 18V DCD791N;302,84;Perçage, vissage et boulonnage;123,92;+69 %;référence seule (variante différente);mon prix est TRÈS au-dessus du prix idealo — ATTENTION : rapproché sur la référence seule, la version peut différer
DCF887D1-QW;Dewalt DCF887D1-QW Visseuse à chocs XR 18V Brushless 3 vitesses 1X2Ah Battreie, chargeur en coffret;183,45;PACK+1X2+COFFRET+CHARGEUR;DCF887P2;"DeWALT DCF887P2 — Visseuse a chocs 1/4"" XR 18V (2x5Ah + chargeur + TSTAK)";310,37;Perçage, vissage et boulonnage;126,92;+69 %;référence seule (variante différente);mon prix est TRÈS au-dessus du prix idealo — ATTENTION : rapproché sur la référence seule, la version peut différer
DCB118X1;DeWalt DCB 118 X1 FlexVolt Starter Set;209,99;PACK;DCB118X2-QW;DeWALT DCB118X2-QW — Pack énergie 54V/18V FLEXVOLT (2x9,0 Ah) + chargeur rapide DCB118;354,65;Batteries et chargeurs;144,66;+69 %;référence seule (variante différente);mon prix est TRÈS au-dessus du prix idealo — ATTENTION : rapproché sur la référence seule, la version peut différer
DCM565N-XJ;DEWALT - Tronçonneuse Élagueuse Brushless XR 18V - DCM565N-XJ - Tronçonneuse Sans Fil & Oregon - Huile pour Chaîne et Gu;230,25;OUTIL;DCM565N-XJ;DeWALT DCM565N-XJ — Tronçonneuse 18V 30 cm DCM565N-XJ;388,93;Tronçonnage et élagage;158,68;+69 %;référence + variante;mon prix est TRÈS au-dessus du prix idealo
XR18V;Meuleuse compacte XR 18V 1.7Ah brushless 76 mm;603,86;OUTIL+1X1.7;XR18V;DeWALT XR18V — Souffleur Brushless XR 18V 5Ah Li-ION - Souffleur Électrique Portable sans Fil & Recharge de Fil Coupe Bordure 2,;188,89;Quincaillerie;414,97;−69 %;référence seule (variante différente);mon prix est SOUS le prix idealo — ATTENTION : rapproché sur la référence seule, la version peut différer
DWE5615-QS;DeWALT DWE5615-QS — DWE5615-QS;99,90;OUTIL;DWE5615-QS;DeWALT DWE5615-QS — DWE5615-QS;168,53;Scies;68,63;+69 %;référence + variante;mon prix est TRÈS au-dessus du prix idealo
DWD024KS;DeWALT DWD024KS — DWD024KS;98,88;OUTIL;DWD024KS;DeWALT DWD024KS — DWD024KS;167,30;Perçage, vissage et boulonnage;68,42;+69 %;référence + variante;mon prix est TRÈS au-dessus du prix idealo
DCB140;DeWALT DCB140 — DCB140;98,16;PACK;DCB140;DeWALT DCB140 — DCB140;166,38;Batteries et chargeurs;68,22;+69 %;référence seule (variante différente);mon prix est TRÈS au-dessus du prix idealo — ATTENTION : rapproché sur la référence seule, la version peut différer
DPSB2IN1-XJ;DeWALT DPSB2IN1-XJ — DPSB2IN1-XJ;100,08;OUTIL;DPSB2IN1-XJ;DeWALT DPSB2IN1-XJ — DPSB2IN1-XJ;168,73;Perçage, vissage et boulonnage;68,65;+69 %;référence + variante;mon prix est TRÈS au-dessus du prix idealo
DCS438N-XJ;DeWALT DCS438N-XJ — Meuleuse Ø76 mm XR 18V DCS438N-XJ;154,96;PACK;DCS438N-XJ;DeWALT DCS438N-XJ — Meuleuse Ø76 mm XR 18V DCS438N-XJ;260,77;Meulage, découpe et polissage;105,81;+68 %;référence seule (variante différente);mon prix est TRÈS au-dessus du prix idealo — ATTENTION : rapproché sur la référence seule, la version peut différer
DCV517N-XJ;DeWALT DCV517N-XJ — DCV517N-XJ;101,90;OUTIL;DCV517N-XJ;DeWALT DCV517N-XJ — DCV517N-XJ;170,99;Aspirateurs;69,09;+68 %;référence + variante;mon prix est TRÈS au-dessus du prix idealo
DCF961N;DEWALT DCF961N;306,29;OUTIL;DCF961NT-XJ;"DeWALT DCF961NT-XJ — Boulonneuse 18V 1/2"" DCF961NT-XJ";513,24;Perçage, vissage et boulonnage;206,95;+68 %;référence + variante;mon prix est TRÈS au-dessus du prix idealo
DCBP518H4;DeWalt DCBP 518 H4 4 x 5,0 Ah;532,05;PACK+4X5.0;DCBP518;DeWALT DCBP518 — DCBP518;172,55;Batteries et chargeurs;359,50;−68 %;référence seule (variante différente);mon prix est SOUS le prix idealo — ATTENTION : rapproché sur la référence seule, la version peut différer
XR18V;DeWalt - Laser Multilignes 3x360° 12V Li-Ion 2Ah - Niveau Laser Autonivelant 4° sans Fil avec Faisceaux Verts & Meuleuse;590,87;OUTIL+1X2;XR18V;DeWALT XR18V — Souffleur Brushless XR 18V 5Ah Li-ION - Souffleur Électrique Portable sans Fil & Recharge de Fil Coupe Bordure 2,;188,89;Quincaillerie;401,98;−68 %;référence seule (variante différente);mon prix est SOUS le prix idealo — ATTENTION : rapproché sur la référence seule, la version peut différer
DCDW101;DeWALT DCDW101 — DCDW101;101,76;OUTIL;DCDW101;DeWALT DCDW101 — DCDW101;170,86;Perçage, vissage et boulonnage;69,10;+68 %;référence + variante;mon prix est TRÈS au-dessus du prix idealo
DCBP318-XJ;DeWALT DCBP318-XJ — DCBP318-XJ;100,90;PACK;DCBP318-XJ;DeWALT DCBP318-XJ — DCBP318-XJ;169,81;Batteries et chargeurs;68,91;+68 %;référence seule (variante différente);mon prix est TRÈS au-dessus du prix idealo — ATTENTION : rapproché sur la référence seule, la version peut différer
DC528N;DeWalt DC 528N;102,10;OUTIL;DC528N;DeWALT DC528N — DC 528N;171,22;Accessoires;69,12;+68 %;référence + variante;mon prix est TRÈS au-dessus du prix idealo
DW6184;DEWALT DW6184 Base fixe (pour routeur DW616/618);101,18;OUTIL;DW6184;DeWALT DW6184 — DW6184 Base fixe (pour routeur DW616/618);170,09;Combos;68,91;+68 %;référence + variante;mon prix est TRÈS au-dessus du prix idealo
DWE4206-QS;DeWALT DWE4206-QS — DWE4206-QS;104,60;OUTIL;DWE4206-QS;DeWALT DWE4206-QS — DWE4206-QS;174,37;Meulage, découpe et polissage;69,77;+67 %;référence + variante;mon prix est TRÈS au-dessus du prix idealo
DCBP518;DeWALT DCBP518 — DCBP518;103,20;PACK;DCBP518;DeWALT DCBP518 — DCBP518;172,55;Batteries et chargeurs;69,35;+67 %;référence seule (variante différente);mon prix est TRÈS au-dessus du prix idealo — ATTENTION : rapproché sur la référence seule, la version peut différer
DCBP518H4;DeWalt Kit batterie DCBP 518 H4 4x batteries Powerstack 18 V 5,0 Ah / 5000 mAh XR Li-Ion - avec indicateur de charge;522,19;PACK+1X5.0;DCBP518;DeWALT DCBP518 — DCBP518;172,55;Batteries et chargeurs;349,64;−67 %;référence seule (variante différente);mon prix est SOUS le prix idealo — ATTENTION : rapproché sur la référence seule, la version peut différer
DCS570;Kit DeWALT DCS570 + DCS334 (2 x 5.0 Ah + DCB115 + TSTAK II + TSTAK VI);649,00;PACK+2X5.0+COFFRET;DCS570N;DeWALT DCS570N — Scie circulaire 18V XR Brushless Ø184 mm (machine seule);211,49;Scies;437,51;−67 %;référence seule (variante différente);mon prix est SOUS le prix idealo — ATTENTION : rapproché sur la référence seule, la version peut différer
DCE079D1G;DeWALT DCE079D1G-QW — Laser rotatif faisceau vert 18V DCE079D1G-QW;1312,09;OUTIL+VERT;DCE079D1G-QW;DeWALT DCE079D1G-QW — Laser rotatif faisceau vert 18V DCE079D1G-QW;2185,92;Accessoires;873,83;+67 %;référence + variante;mon prix est TRÈS au-dessus du prix idealo
DCMHT520N-XJ;DeWALT DCMHT520N-XJ — DCMHT520N-XJ;104,90;OUTIL;DCMHT520N-XJ;DeWALT DCMHT520N-XJ — DCMHT520N-XJ;174,66;Tronçonnage et élagage;69,76;+67 %;référence + variante;mon prix est TRÈS au-dessus du prix idealo
DWE4233;DeWALT DWE4233 — DWE4233;104,55;OUTIL;DWE4233;DeWALT DWE4233 — DWE4233;174,29;Meulage, découpe et polissage;69,74;+67 %;référence + variante;mon prix est TRÈS au-dessus du prix idealo
DWE4884-QS;DeWALT DWE4884-QS — DWE4884-QS;103,79;OUTIL;DWE4884-QS;DeWALT DWE4884-QS — DWE4884-QS;173,33;Meulage, découpe et polissage;69,54;+67 %;référence + variante;mon prix est TRÈS au-dessus du prix idealo
DWE4016D2;DeWALT DWE4016D2 — DWE4016D2;103,63;PACK;DWE4016D2;DeWALT DWE4016D2 — DWE4016D2;173,16;Meulage, découpe et polissage;69,53;+67 %;référence seule (variante différente);mon prix est TRÈS au-dessus du prix idealo — ATTENTION : rapproché sur la référence seule, la version peut différer
AT-DXV15T;DeWALT AT-DXV15T — AT-DXV15T;112,79;OUTIL;AT-DXV15T;DeWALT AT-DXV15T — AT-DXV15T;187,69;Aspirateurs;74,90;+66 %;référence + variante;mon prix est TRÈS au-dessus du prix idealo
DCF887M1;DeWalt DCF 887 M1 Clé à choc sans fil 18 V 205 Nm 1/4'' Brushless + 1x batterie 4,0 Ah + chargeur;186,43;PACK+1X4.0+CHARGEUR;DCF887P2;"DeWALT DCF887P2 — Visseuse a chocs 1/4"" XR 18V (2x5Ah + chargeur + TSTAK)";310,37;Perçage, vissage et boulonnage;123,94;+66 %;référence seule (variante différente);mon prix est TRÈS au-dessus du prix idealo — ATTENTION : rapproché sur la référence seule, la version peut différer
DCMPH566N;DeWalt DCMPH 566 N Taille-haies sur batterie 18 V 55 cm + 1x batterie 4,0 Ah - sans chargeur;271,27;PACK+1X4.0+CHARGEUR;DCMPH566N-XJ-XJ;DeWALT DCMPH566N-XJ-XJ — Taille haie sur perche orientable 18V DCMPH566N-XJ-XJ;450,40;Tronçonnage et élagage;179,13;+66 %;référence seule (variante différente);mon prix est TRÈS au-dessus du prix idealo — ATTENTION : rapproché sur la référence seule, la version peut différer
DCE560D1-QW;DEWALT DCE560D1-QW;581,99;PACK;DCE560;DeWALT DCE560 — Kit de conversion du tube d'extrusion en acrylique DEWALT (pour sachets de 600 ml) pour DCE 560 Quantité:1;198,13;Rangements;383,86;−66 %;référence seule (variante différente);mon prix est SOUS le prix idealo — ATTENTION : rapproché sur la référence seule, la version peut différer
DCS367P2-QW;Scie sabre compact XR 18V 5 Ah Li-Ion brushless DCS367P2-QW- 2 batteries - coffret TSTAK DEWALT;609,90;PACK+1X5+COFFRET;DCS367N-XJ;DeWALT DCS367N-XJ — Scie sabre compacte 18V XR Brushless (machine seule);204,95;Scies;404,95;−66 %;référence seule (variante différente);mon prix est SOUS le prix idealo — ATTENTION : rapproché sur la référence seule, la version peut différer
DCB115P1;Dewalt DCB115P1 Pack batterie XR 18V 5Ah Li-Ion + chargeur;101,72;PACK+1X5+CHARGEUR;DCB115E2-QW;DeWALT DCB115E2-QW — 2 Batteries Powerstack XR 18V 1.7Ah ( DCB115E2-QW );168,53;Batteries et chargeurs;66,81;+66 %;référence seule (variante différente);mon prix est TRÈS au-dessus du prix idealo — ATTENTION : rapproché sur la référence seule, la version peut différer
DCMASPS5N-XJ;DeWALT DCMASPS5N-XJ — DCMASPS5N-XJ;107,10;OUTIL;DCMASPS5N-XJ;DeWALT DCMASPS5N-XJ — DCMASPS5N-XJ;177,36;Tronçonnage et élagage;70,26;+66 %;référence + variante;mon prix est TRÈS au-dessus du prix idealo
DWE6421K;"DEWALT DWE6421K Random Orbit Sander Kit, 5""";106,72;PACK;DWE6421K;"DeWALT DWE6421K — DWE6421K Random Orbit Sander Kit, 5""";176,94;Scies;70,22;+66 %;référence seule (variante différente);mon prix est TRÈS au-dessus du prix idealo — ATTENTION : rapproché sur la référence seule, la version peut différer
DCB203;DeWALT DCB203 Lithium-ION 2000mAh 20V Batterie Rechargeable - Batteries Rechargeables (2000 mAh, Lithium-ION (Li-ION), 2;106,70;PACK;DCB203;DeWALT DCB203 — DCB203 Lithium-ION 2000mAh 20V Batterie Rechargeable - Batteries Rechargeables (2000 mAh, Lithium-ION (Li-ION), 2;176,90;Batteries et chargeurs;70,20;+66 %;référence seule (variante différente);mon prix est TRÈS au-dessus du prix idealo — ATTENTION : rapproché sur la référence seule, la version peut différer
DCB112D2;Dewalt DCB112D2 Pack de batteries DEWALT 18V 2.0Ah Li-Ion - 2 batteries + Chargeur DCB112;106,52;PACK+1X2.0+CHARGEUR;DCB112D2;DeWALT DCB112D2 — DCB112D2 Pack de batteries DEWALT 18V 2.0Ah Li-Ion - 2 batteries + Chargeur DCB112;176,71;Batteries et chargeurs;70,19;+66 %;référence seule (variante différente);mon prix est TRÈS au-dessus du prix idealo — ATTENTION : rapproché sur la référence seule, la version peut différer
DXMA1902092;DeWalt Écouteurs True Wireless Bluetooth 37h IP56 Jaune (DXMA1902092);105,99;OUTIL;DXMA1902092;DeWALT DXMA1902092 — Écouteurs True Wireless Bluetooth 37h IP56 Jaune (DXMA1902092);176,05;Accessoires;70,06;+66 %;référence + variante;mon prix est TRÈS au-dessus du prix idealo
DWST550112;DEWALT Ceinture à outils en cuir, durable, ceinture professionnelle à 11 poches (DWST550112);81,90;OUTIL;DWST550112;DeWALT DWST550112 — Ceinture à outils en cuir, durable, ceinture professionnelle à 11 poches (DWST550112);136,27;Quincaillerie;54,37;+66 %;référence + variante;mon prix est TRÈS au-dessus du prix idealo
DWE4156KD;DeWALT DWE4156KD — DWE4156KD;109,99;OUTIL;DWE4156KD;DeWALT DWE4156KD — DWE4156KD;180,94;Meulage, découpe et polissage;70,95;+65 %;référence + variante;mon prix est TRÈS au-dessus du prix idealo
DW099S-XJ;DeWALT DW099S-XJ — DW099S-XJ;109,10;OUTIL;DW099S-XJ;DeWALT DW099S-XJ — DW099S-XJ;179,90;Accessoires;70,80;+65 %;référence + variante;mon prix est TRÈS au-dessus du prix idealo
DWE492-QS;DeWALT DWE492-QS — DWE492-QS;108,25;OUTIL;DWE492-QS;DeWALT DWE492-QS — DWE492-QS;178,82;Meulage, découpe et polissage;70,57;+65 %;référence + variante;mon prix est TRÈS au-dessus du prix idealo
DWHT77200;DeWALT DWHT77200 — DWHT77200;108,07;OUTIL;DWHT77200;DeWALT DWHT77200 — DWHT77200;178,64;Accessoires;70,57;+65 %;référence + variante;mon prix est TRÈS au-dessus du prix idealo
D26441;DeWALT D26441 — D26441;107,80;OUTIL;D26441;DeWALT D26441 — D26441;178,30;Scies;70,50;+65 %;référence + variante;mon prix est TRÈS au-dessus du prix idealo
DPSSX38-XJ;DeWALT DPSSX38-XJ — DPSSX38-XJ;111,40;OUTIL;DPSSX38-XJ;DeWALT DPSSX38-XJ — DPSSX38-XJ;183,46;Perçage, vissage et boulonnage;72,06;+65 %;référence + variante;mon prix est TRÈS au-dessus du prix idealo
DCS335N-XJ;DeWALT DCS335N-XJ — Scie sauteuse 18V DCS335N-XJ;180,36;OUTIL;DCS335N-XJ;DeWALT DCS335N-XJ — Scie sauteuse 18V DCS335N-XJ;297,72;Scies;117,36;+65 %;référence + variante;mon prix est TRÈS au-dessus du prix idealo
DCF850D1T;Dewalt DCF850D1T Visseuse à chocs ultra compacte XR 18V 1X2AH Li-Ion Brushless;211,22;PACK+1X2;DCF850P2T;"DeWALT DCF850P2T — Visseuse a chocs 1/4"" XR 18V Ultra-compacte (2x5Ah + TSTAK)";349,00;Perçage, vissage et boulonnage;137,78;+65 %;référence seule (variante différente);mon prix est TRÈS au-dessus du prix idealo — ATTENTION : rapproché sur la référence seule, la version peut différer
DCMPW1000N;DeWalt Nettoyeur haute pression sans fil portable DCMPW1000N sans batterie et chargeur;237,08;PACK+CHARGEUR;DCMPW1000N-XJ;DeWALT DCMPW1000N-XJ — Nettoyeur à pression 54V DCMPW1000N-XJ;390,18;Accessoires;153,10;+65 %;référence seule (variante différente);mon prix est TRÈS au-dessus du prix idealo — ATTENTION : rapproché sur la référence seule, la version peut différer
DCE089D1G-QW;DEWALT DCE089D1G-QW;392,54;OUTIL;DCE089NG18-XJ;DeWALT DCE089NG18-XJ — Laser 3 lignes vert 12V/18V DCE089NG18-XJ;648,62;Accessoires;256,08;+65 %;référence seule (variante différente);mon prix est TRÈS au-dessus du prix idealo — ATTENTION : rapproché sur la référence seule, la version peut différer
DCG409VSX1-QW;Dewalt DCG409VSX1-QW Meuleuse dangle Accu Flexvolt Advantage 125 mm vitesse variable 18V avec 1 X 9 Ah batterie + charge;438,29;PACK+1X9;DCG409;DeWALT DCG409 — DEWALT-meuleuse d'angle DCG409, outil électrique sans fil sans balais 20V, machine de découpe, polisseuse portable recha;153,11;Meulage, découpe et polissage;285,18;−65 %;référence seule (variante différente);mon prix est SOUS le prix idealo — ATTENTION : rapproché sur la référence seule, la version peut différer
DCD710;DeWALT DCD710 — DCD710;112,74;OUTIL;DCD710;DeWALT DCD710 — DCD710;184,33;Perçage, vissage et boulonnage;71,59;+64 %;référence + variante;mon prix est TRÈS au-dessus du prix idealo
DZN930;DeWALT DZN930 — DZN930;111,99;OUTIL;DZN930;DeWALT DZN930 — DZN930;183,44;Perçage, vissage et boulonnage;71,45;+64 %;référence + variante;mon prix est TRÈS au-dessus du prix idealo
DCD710D2;DEWALT DCD710D2;112,74;PACK;DCD710;DeWALT DCD710 — DCD710;184,33;Perçage, vissage et boulonnage;71,59;+64 %;référence seule (variante différente);mon prix est TRÈS au-dessus du prix idealo — ATTENTION : rapproché sur la référence seule, la version peut différer
DT90355-QZ;DeWalt Set de scies-cloches bimétallique Extreme pour plombier 11 pièces (DT90355-QZ);111,99;PACK;DT90355-QZ;DeWALT DT90355-QZ — Set de scies-cloches bimétallique Extreme pour plombier 11 pièces (DT90355-QZ);183,44;Scies;71,45;+64 %;référence seule (variante différente);mon prix est TRÈS au-dessus du prix idealo — ATTENTION : rapproché sur la référence seule, la version peut différer
XR18V;DEWALT Martillo Electroneumático sin escobillas XR 18V SDS plus® 2,1J 2 baterías POWERSTACK Li-Ion 5Ah y maletín TSTAK p;520,00;PACK+1X5+COFFRET;XR18V;DeWALT XR18V — Souffleur Brushless XR 18V 5Ah Li-ION - Souffleur Électrique Portable sans Fil & Recharge de Fil Coupe Bordure 2,;188,89;Quincaillerie;331,11;−64 %;référence seule (variante différente);mon prix est SOUS le prix idealo — ATTENTION : rapproché sur la référence seule, la version peut différer
DXV20P;DeWALT DXV20P — DXV20P;115,19;OUTIL;DXV20P;DeWALT DXV20P — DXV20P;187,42;Aspirateurs;72,23;+63 %;référence + variante;mon prix est TRÈS au-dessus du prix idealo
DW274;DeWALT DW274 — DW274;115,14;OUTIL;DW274;DeWALT DW274 — DW274;187,33;Perçage, vissage et boulonnage;72,19;+63 %;référence + variante;mon prix est TRÈS au-dessus du prix idealo
DCF880N;DeWALT DCF880N — DCF880N;114,98;OUTIL;DCF880N;DeWALT DCF880N — DCF880N;187,07;Perçage, vissage et boulonnage;72,09;+63 %;référence + variante;mon prix est TRÈS au-dessus du prix idealo
DWE490;DeWALT DWE490 — DWE490;114,87;OUTIL;DWE490;DeWALT DWE490 — DWE490;187,01;Meulage, découpe et polissage;72,14;+63 %;référence + variante;mon prix est TRÈS au-dessus du prix idealo
DT90353;DeWALT DT90353 — DT90353;113,98;OUTIL;DT90353;DeWALT DT90353 — DT90353;185,90;Scies;71,92;+63 %;référence + variante;mon prix est TRÈS au-dessus du prix idealo
DCS331N;DeWALT DCS331N-XJ — Scie sauteuse DCS331N-XJ;148,80;OUTIL;DCS331N-XJ;DeWALT DCS331N-XJ — Scie sauteuse DCS331N-XJ;242,41;Scies;93,61;+63 %;référence + variante;mon prix est TRÈS au-dessus du prix idealo
DWE305PK;DeWALT DWE305PK-QS — Scie sabre 1100 W DWE305PK-QS;144,91;OUTIL;DWE305PK-QS;DeWALT DWE305PK-QS — Scie sabre 1100 W DWE305PK-QS;236,22;Scies;91,31;+63 %;référence + variante;mon prix est TRÈS au-dessus du prix idealo
DCMPS567N-XJ;DeWalt Perche élagueuse sans fil DCMPS567N-XJ 18V;189,68;OUTIL;DCMPS567N-XJ;DeWALT DCMPS567N-XJ — Elagueuse sur perche 18V DCMPS567N-XJ;310,10;Tronçonnage et élagage;120,42;+63 %;référence + variante;mon prix est TRÈS au-dessus du prix idealo
DCB1104;DeWalt Power Set McLaren 2x 18V 5,0Ah + DCB1104;221,00;PACK+1X5.0;DCB1104-QW;DeWALT DCB1104-QW — Chargeur 12V/18V DCB1104-QW;82,38;Batteries et chargeurs;138,62;−63 %;référence seule (variante différente);mon prix est SOUS le prix idealo — ATTENTION : rapproché sur la référence seule, la version peut différer
DCD805P1T;Dewalt DCD805P1T Perceuse à percussion XR Brushless 18V 90Nm - 1 X 5Ah Batteries, chargeur en coffret;246,13;PACK+1X5+COFFRET+CHARGEUR;DCD805NT-XJ;DeWALT DCD805NT-XJ — Perceuse-visseuse à percussion 18V DCD805NT-XJ;401,42;Perçage, vissage et boulonnage;155,29;+63 %;référence seule (variante différente);mon prix est TRÈS au-dessus du prix idealo — ATTENTION : rapproché sur la référence seule, la version peut différer
DCV100P2;DeWalt DCV 100 P2 2 x 5 Ah batteries avec chargeur;268,62;PACK+2X5+CHARGEUR;DCV100-XJ;DeWALT DCV100-XJ — Souffleur compact sans fil 18V XR (machine seule);98,78;Souffleurs;169,84;−63 %;référence seule (variante différente);mon prix est SOUS le prix idealo — ATTENTION : rapproché sur la référence seule, la version peut différer
DCG414T2;DEWALT DCG414T2;1054,95;PACK;DCG414;DeWALT DCG414 — DCG414;392,47;Meulage, découpe et polissage;662,48;−63 %;référence seule (variante différente);mon prix est SOUS le prix idealo — ATTENTION : rapproché sur la référence seule, la version peut différer
DCD799;DeWALT DCD799N-XJ — Perceuse-visseuse à percussion 18V DCD799N-XJ;122,97;OUTIL;DCD799NT-XJ;DeWALT DCD799NT-XJ — Perceuse-visseuse à percussion 18V DCD799NT-XJ;199,34;Perçage, vissage et boulonnage;76,37;+62 %;référence + variante;mon prix est TRÈS au-dessus du prix idealo
DCMPP569N-XJ;DeWALT DCMPP569N-XJ — Sécateur sur perche XR 18V DCMPP569N-XJ;206,14;PACK;DCMPP569N-XJ;DeWALT DCMPP569N-XJ — Sécateur sur perche XR 18V DCMPP569N-XJ;334,73;Tronçonnage et élagage;128,59;+62 %;référence seule (variante différente);mon prix est TRÈS au-dessus du prix idealo — ATTENTION : rapproché sur la référence seule, la version peut différer
DCD803NT;DeWALT DCD803NT-XJ — Perceuse-visseuse à têtes multiples 18V DCD803NT-XJ;229,52;OUTIL;DCD803NT-XJ;DeWALT DCD803NT-XJ — Perceuse-visseuse à têtes multiples 18V DCD803NT-XJ;371,65;Perçage, vissage et boulonnage;142,13;+62 %;référence + variante;mon prix est TRÈS au-dessus du prix idealo
DCS367P2;DEWALT Scie sabre sans fil 18V XR 2x5 Ah - DCS367P2;543,60;PACK+2X5;DCS367N-XJ;DeWALT DCS367N-XJ — Scie sabre compacte 18V XR Brushless (machine seule);204,95;Scies;338,65;−62 %;référence seule (variante différente);mon prix est SOUS le prix idealo — ATTENTION : rapproché sur la référence seule, la version peut différer
DT90017-QZ;DEWALT - Affleureuse Défonceuse Brushless XR 18V - Plongée 55mm & Coffret 22 Fraises de Défonceuse - DT90017-QZ - Set de;438,24;PACK+COFFRET;DT90017-QZ;DeWALT DT90017-QZ — DT90017-QZ;167,80;Quincaillerie;270,44;−62 %;référence seule (variante différente);mon prix est SOUS le prix idealo — ATTENTION : rapproché sur la référence seule, la version peut différer
DCS353B;Dewalt DCS353B Outil oscillant sans fil Lithium-Ion 12 V MAX (outil uniquement);118,68;OUTIL;DCS353B;DeWALT DCS353B — DCS353B Outil oscillant sans fil Lithium-Ion 12 V MAX (outil uniquement);191,66;Scies;72,98;+61 %;référence + variante;mon prix est TRÈS au-dessus du prix idealo
DPS8016;DeWALT DPS8016 — DPS8016;121,00;OUTIL;DPS8016;DeWALT DPS8016 — DPS8016;194,57;Perçage, vissage et boulonnage;73,57;+61 %;référence + variante;mon prix est TRÈS au-dessus du prix idealo
D25133K;DeWALT D25133K — D25133K;120,94;OUTIL;D25133K;DeWALT D25133K — D25133K;194,47;Perforateurs;73,53;+61 %;référence + variante;mon prix est TRÈS au-dessus du prix idealo
DT90352-QZ;DEWALT DT90352-QZ Jeu de scies-cloches 16 mm, 20 mm, 25 mm, 32 mm, 40 mm, 51 mm, 64 mm 11 pc(s);119,97;OUTIL;DT90352-QZ;DeWALT DT90352-QZ — DT90352-QZ Jeu de scies-cloches 16 mm, 20 mm, 25 mm, 32 mm, 40 mm, 51 mm, 64 mm 11 pc(s);193,27;Scies;73,30;+61 %;référence + variante;mon prix est TRÈS au-dessus du prix idealo
DCV584L-QW;DeWALT DCV584L — Aspirateur eau et poussière 18/54V FLEXVOLT ou secteur (classe L);183,19;OUTIL;DCV584L;DeWALT DCV584L — Aspirateur eau et poussière 18/54V FLEXVOLT ou secteur (classe L);294,40;Aspirateurs;111,21;+61 %;référence + variante;mon prix est TRÈS au-dessus du prix idealo
DCD796D2T;Perceuse-visseuse à percussion DeWALT DCD796D2T (2 x 2,0 Ah + DCB107 + TSTAK II) + kit de 40 embouts de vissage;219,00;PACK+2X2.0+COFFRET;DCD796NT-XJ;DeWALT DCD796NT-XJ — Perceuse visseuse à percussion 18V DCD796NT-XJ;352,09;Perçage, vissage et boulonnage;133,09;+61 %;référence seule (variante différente);mon prix est TRÈS au-dessus du prix idealo — ATTENTION : rapproché sur la référence seule, la version peut différer
DCD796P1;Perceuse-visseuse à percussion DeWALT DCD796P1 (1 x 5,0 Ah + DCB115 + TSTAK II);219,00;PACK+1X5.0+COFFRET;DCD796NT-XJ;DeWALT DCD796NT-XJ — Perceuse visseuse à percussion 18V DCD796NT-XJ;352,09;Perçage, vissage et boulonnage;133,09;+61 %;référence seule (variante différente);mon prix est TRÈS au-dessus du prix idealo — ATTENTION : rapproché sur la référence seule, la version peut différer
DCD800D2;DeWalt DCD 800 D2 Perceuse-visseuse sans fil 18 V 90 Nm Brushless + 2x batterie 2,0 Ah + chargeur;249,09;PACK+1X2.0+CHARGEUR;DCD800NT-XJ;DeWALT DCD800NT-XJ — Perceuse-visseuse 18V DCD800NT-XJ;401,42;Perçage, vissage et boulonnage;152,33;+61 %;référence seule (variante différente);mon prix est TRÈS au-dessus du prix idealo — ATTENTION : rapproché sur la référence seule, la version peut différer
DCV100M2;DeWalt DCV 100 M2 2x4Ah batteries et chargeur;251,32;PACK+2X4+CHARGEUR;DCV100-XJ;DeWALT DCV100-XJ — Souffleur compact sans fil 18V XR (machine seule);98,78;Souffleurs;152,54;−61 %;référence seule (variante différente);mon prix est SOUS le prix idealo — ATTENTION : rapproché sur la référence seule, la version peut différer
DCG409H2T;DEWALT DCG409H2T;390,60;PACK;DCG409;DeWALT DCG409 — DEWALT-meuleuse d'angle DCG409, outil électrique sans fil sans balais 20V, machine de découpe, polisseuse portable recha;153,11;Meulage, découpe et polissage;237,49;−61 %;référence seule (variante différente);mon prix est SOUS le prix idealo — ATTENTION : rapproché sur la référence seule, la version peut différer
DCV584L-QW;Aspirateur DCV584L-QW + 2 batteries 18V/54V 12Ah-4Ah + 1 chargeur DCB118-QW DEWALT;754,90;PACK+1X12+CHARGEUR;DCV584L;DeWALT DCV584L — Aspirateur eau et poussière 18/54V FLEXVOLT ou secteur (classe L);294,40;Aspirateurs;460,50;−61 %;référence seule (variante différente);mon prix est SOUS le prix idealo — ATTENTION : rapproché sur la référence seule, la version peut différer
DWE315-QS;DeWALT DWE315-QS — DWE315-QS;123,55;OUTIL;DWE315-QS;DeWALT DWE315-QS — DWE315-QS;197,68;Accessoires;74,13;+60 %;référence + variante;mon prix est TRÈS au-dessus du prix idealo
DNP612;DeWALT DNP612 — DNP612;123,24;OUTIL;DNP612;DeWALT DNP612 — DNP612;196,87;Scies;73,63;+60 %;référence + variante;mon prix est TRÈS au-dessus du prix idealo
AT-DXV20PTA;DeWALT AT-DXV20PTA — AT-DXV20PTA;122,25;OUTIL;AT-DXV20PTA;DeWALT AT-DXV20PTA — AT-DXV20PTA;196,09;Aspirateurs;73,84;+60 %;référence + variante;mon prix est TRÈS au-dessus du prix idealo
DCE560;DEWALT Kit de conversion du tube d'extrusion en acrylique DEWALT (pour sachets de 600 ml) pour DCE 560 Quantité:1;123,99;ACCESSOIRE;DCE560;DeWALT DCE560 — Kit de conversion du tube d'extrusion en acrylique DEWALT (pour sachets de 600 ml) pour DCE 560 Quantité:1;198,13;Rangements;74,14;+60 %;référence + variante;mon prix est TRÈS au-dessus du prix idealo
DCL040E1;DeWalt DCL 040 E1 Lampe LED sans fil 18 V 110 lm + 1x Powerstack batterie 1,7 Ah + chargeur;123,35;PACK+1X1.7+CHARGEUR;DCL040E1;DeWALT DCL040E1 — DCL 040 E1 Lampe LED sans fil 18 V 110 lm + 1x Powerstack batterie 1,7 Ah + chargeur;197,36;Accessoires;74,01;+60 %;référence seule (variante différente);mon prix est TRÈS au-dessus du prix idealo — ATTENTION : rapproché sur la référence seule, la version peut différer
DCD778N;Dewalt DCD778N Perceuse à marteau mixte sans balais 18 V, 65 Nm XR Li-Ion;122,12;OUTIL;DCD778N;DeWALT DCD778N — DCD778N Perceuse à marteau mixte sans balais 18 V, 65 Nm XR Li-Ion;195,88;Perçage, vissage et boulonnage;73,76;+60 %;référence + variante;mon prix est TRÈS au-dessus du prix idealo
DW089;Niveau laser DEWALT DW089 12V, nivellement automatique, alarme sonore/lumineuse, alignement mural et au sol, constructio;125,00;OUTIL;DW089;DeWALT DW089 — Niveau laser DEWALT DW089 12V, nivellement automatique, alarme sonore/lumineuse, alignement mural et au sol, constructio;199,38;Accessoires;74,38;+60 %;référence + variante;mon prix est TRÈS au-dessus du prix idealo
DW089LG;DeWalt DW089LG 12 - Ligne 3 - Côté 360 ° Tout autour du vert - Niveau laser léger pour une utilisation extérieure - Idéa;125,00;OUTIL+VERT;DW089;DeWALT DW089 — Niveau laser DEWALT DW089 12V, nivellement automatique, alarme sonore/lumineuse, alignement mural et au sol, constructio;199,38;Accessoires;74,38;+60 %;référence seule (variante différente);mon prix est TRÈS au-dessus du prix idealo — ATTENTION : rapproché sur la référence seule, la version peut différer
DCM563PB-XJ;DeWALT DCM563PB-XJ — Taille haie 18V 55 cm DCM563PB-XJ;144,47;PACK;DCM563PB-XJ;DeWALT DCM563PB-XJ — Taille haie 18V 55 cm DCM563PB-XJ;231,32;Tronçonnage et élagage;86,85;+60 %;référence seule (variante différente);mon prix est TRÈS au-dessus du prix idealo — ATTENTION : rapproché sur la référence seule, la version peut différer
DCM563;DEWALT DCM563;144,47;OUTIL;DCM563PB-XJ;DeWALT DCM563PB-XJ — Taille haie 18V 55 cm DCM563PB-XJ;231,32;Tronçonnage et élagage;86,85;+60 %;référence + variante;mon prix est TRÈS au-dessus du prix idealo
DCF601N;DeWALT DCF601N — DCF601N;105,33;OUTIL;DCF601N;DeWALT DCF601N — DCF601N;168,24;Accessoires;62,91;+60 %;référence + variante;mon prix est TRÈS au-dessus du prix idealo
DCF899NT;"DeWALT DCF899NT-XJ — Boulonneuse à chocs 18V 1/2"" DCF899NT-XJ";269,17;PACK;DCF899P2;"DeWALT DCF899P2 — Boulonneuse à chocs 1/2"" 18V XR 950 Nm (2×5,0 Ah + chargeur + coffret TSTAK)";431,24;Perçage, vissage et boulonnage;162,07;+60 %;référence seule (variante différente);mon prix est TRÈS au-dessus du prix idealo — ATTENTION : rapproché sur la référence seule, la version peut différer
DPC10QTC-QS;DEWALT DEWALT Compresseur de montage DPC10QTC-QS Quantité:1;274,99;OUTIL;DPC10QTC-QS;DeWALT DPC10QTC-QS — Compresseur 10L DPC10QTC-QS;439,22;Accessoires;164,23;+60 %;référence + variante;mon prix est TRÈS au-dessus du prix idealo
DCW604N;DEWALT DCW604N;304,62;OUTIL;DCW604NT-XJ;DeWALT DCW604NT-XJ — Affleureuse - défonceuse XR 18V DCW604NT-XJ;488,75;Défonceuses;184,13;+60 %;référence + variante;mon prix est TRÈS au-dessus du prix idealo
DCS355D2-QW;DEWALT - Multi-Cutter Brushless - XR 18V - DCS355D2-QW - Multi-Cutter sans Fil en Coffret avec 2 Batteries, Chargeur et ;406,73;PACK+COFFRET+CHARGEUR;DCS355NT-XJ;DeWALT DCS355NT-XJ — Outil multifonctions oscillant 18V XR Brushless (solo, TSTAK);163,50;Outils multifonctions;243,23;−60 %;référence seule (variante différente);mon prix est SOUS le prix idealo — ATTENTION : rapproché sur la référence seule, la version peut différer
DCE079D1R;DeWALT DCE079D1R-QW — Laser rotatif faisceau rouge 18V DCE079D1R-QW;1098,88;OUTIL+ROUGE;DCE079D1R-QW;DeWALT DCE079D1R-QW — Laser rotatif faisceau rouge 18V DCE079D1R-QW;1755,70;Accessoires;656,82;+60 %;référence + variante;mon prix est TRÈS au-dessus du prix idealo
DXCMB4T100HE;DEWALT DEWALT DXCMB4T100HE Quantité:1;793,98;OUTIL;DXCMB4T200HE;DeWALT DXCMB4T200HE — DXCMB4T200HE - Compresseur d'air électrique triphasé par courroie - Moteur 4 CV 200 L;1268,26;Accessoires;474,28;+60 %;référence seule (variante différente);mon prix est TRÈS au-dessus du prix idealo — ATTENTION : rapproché sur la référence seule, la version peut différer
DCS312N-XJ;DeWALT DCS312N-XJ — DCS312N-XJ;128,15;OUTIL;DCS312N-XJ;DeWALT DCS312N-XJ — DCS312N-XJ;203,38;Scies;75,23;+59 %;référence + variante;mon prix est TRÈS au-dessus du prix idealo
DWE550;DeWALT DWE550 — DWE550;127,93;OUTIL;DWE550;DeWALT DWE550 — DWE550;203,03;Scies;75,10;+59 %;référence + variante;mon prix est TRÈS au-dessus du prix idealo
DCC018N;DeWALT DCC018N — DCC018N;127,90;OUTIL;DCC018N;DeWALT DCC018N — DCC018N;202,98;Accessoires;75,08;+59 %;référence + variante;mon prix est TRÈS au-dessus du prix idealo
DPN1850PP-XJ;DeWALT DPN1850PP-XJ — DPN1850PP-XJ;127,03;OUTIL;DPN1850PP-XJ;DeWALT DPN1850PP-XJ — DPN1850PP-XJ;201,97;Perçage, vissage et boulonnage;74,94;+59 %;référence + variante;mon prix est TRÈS au-dessus du prix idealo
DWMT45424;DEWALT DWMT45424 Ensemble d'outils de mécanicien, 84 pièces SAE/métriques avec cliquet à profil bas 72 dents, entraîneme;125,67;PACK;DWMT45424;DeWALT DWMT45424 — DWMT45424 Ensemble d'outils de mécanicien, 84 pièces SAE/métriques avec cliquet à profil bas 72 dents, entraîneme;200,32;Combos;74,65;+59 %;référence seule (variante différente);mon prix est TRÈS au-dessus du prix idealo — ATTENTION : rapproché sur la référence seule, la version peut différer
DCMHT563N;DeWALT DCMHT563N-XJ — Taille haie 18V 55 cm DCMHT563N-XJ;145,90;PACK;DCMHT563N-XJ;DeWALT DCMHT563N-XJ — Taille haie 18V 55 cm DCMHT563N-XJ;231,32;Tronçonnage et élagage;85,42;+59 %;référence seule (variante différente);mon prix est TRÈS au-dessus du prix idealo — ATTENTION : rapproché sur la référence seule, la version peut différer
DCF887P1;DeWalt DCF 887 P1 Clé à choc sans fil 18 V 205 Nm 1/4'' Brushless + 1x batterie 5,0 Ah + chargeur;195,80;PACK+1X5.0+CHARGEUR;DCF887P2;"DeWALT DCF887P2 — Visseuse a chocs 1/4"" XR 18V (2x5Ah + chargeur + TSTAK)";310,37;Perçage, vissage et boulonnage;114,57;+59 %;référence seule (variante différente);mon prix est TRÈS au-dessus du prix idealo — ATTENTION : rapproché sur la référence seule, la version peut différer
DCS573NT;DeWALT DCS573NT-XJ — Scie circulaire 18V Ø190 mm DCS573NT-XJ;252,91;PACK;DCS573NT-XJ;DeWALT DCS573NT-XJ — Scie circulaire 18V Ø190 mm DCS573NT-XJ;402,38;Scies;149,47;+59 %;référence seule (variante différente);mon prix est TRÈS au-dessus du prix idealo — ATTENTION : rapproché sur la référence seule, la version peut différer
DCS573;DEWALT DCS573;252,91;OUTIL;DCS573NT-XJ;DeWALT DCS573NT-XJ — Scie circulaire 18V Ø190 mm DCS573NT-XJ;402,38;Scies;149,47;+59 %;référence + variante;mon prix est TRÈS au-dessus du prix idealo
DCG409VSP2-QW;Dewalt DCG409VSP2-QW Meuleuse dangle Accu Flexvolt Advantage 125 mm vitesse variable 18V avec 2 X 5 Ah batterie + charge;376,69;PACK+2X5;DCG409;DeWALT DCG409 — DEWALT-meuleuse d'angle DCG409, outil électrique sans fil sans balais 20V, machine de découpe, polisseuse portable recha;153,11;Meulage, découpe et polissage;223,58;−59 %;référence seule (variante différente);mon prix est SOUS le prix idealo — ATTENTION : rapproché sur la référence seule, la version peut différer
DCF922P2T;Clé à chocs DeWALT DCF922P2T (2 x 5,0 Ah + DCB115 + TSTAK II);387,73;PACK+2X5.0+COFFRET;DCF922N-XJ;"DeWALT DCF922N-XJ — Boulonneuse à chocs compacte 1/2"" 18V XR 406 Nm (machine seule)";157,46;Perçage, vissage et boulonnage;230,27;−59 %;référence seule (variante différente);mon prix est SOUS le prix idealo — ATTENTION : rapproché sur la référence seule, la version peut différer
DCMHT563DCD-QW;DEWALT DCMHT563DCD-QW;566,37;OUTIL;DCMHT563N-XJ;DeWALT DCMHT563N-XJ — Taille haie 18V 55 cm DCMHT563N-XJ;231,32;Tronçonnage et élagage;335,05;−59 %;référence + variante;mon prix est SOUS le prix idealo
DCD800/DCF887/DCH273/DCG405/DCL182-XJ;PACK 5 OUTILS DEWALT ,4 batteries 5Ah 18v,2 chargeurs + disque.DCD800/DCF887/DCH273/DCG405/DCL182-XJ;990,00;PACK+1X5+CHARGEUR;DCD800NT-XJ;DeWALT DCD800NT-XJ — Perceuse-visseuse 18V DCD800NT-XJ;401,42;Perçage, vissage et boulonnage;588,58;−59 %;référence seule (variante différente);mon prix est SOUS le prix idealo — ATTENTION : rapproché sur la référence seule, la version peut différer
DWE4227;DeWALT DWE4227 — DWE4227;114,82;OUTIL;DWE4227;DeWALT DWE4227 — DWE4227;180,90;Meulage, découpe et polissage;66,08;+58 %;référence + variante;mon prix est TRÈS au-dessus du prix idealo
DCN9301;DeWALT DCN9301 — DCN9301;131,32;OUTIL;DCN9301;DeWALT DCN9301 — DCN9301;207,23;Perçage, vissage et boulonnage;75,91;+58 %;référence + variante;mon prix est TRÈS au-dessus du prix idealo
DCF921N-XJ;DeWALT DCF921N-XJ — DCF921N-XJ;131,15;OUTIL;DCF921N-XJ;DeWALT DCF921N-XJ — DCF921N-XJ;206,95;Perçage, vissage et boulonnage;75,80;+58 %;référence + variante;mon prix est TRÈS au-dessus du prix idealo
D25304DH;DeWALT D25304DH — D25304DH;130,74;OUTIL;D25304DH;DeWALT D25304DH — D25304DH;206,44;Aspirateurs;75,70;+58 %;référence + variante;mon prix est TRÈS au-dessus du prix idealo
DW03050;DeWALT DW03050 — DW03050;129,99;OUTIL;DW03050;DeWALT DW03050 — DW03050;205,51;Accessoires;75,52;+58 %;référence + variante;mon prix est TRÈS au-dessus du prix idealo
DCB1106;DeWALT DCB1106 12V/20V 6 Amp Max Corded Compact Charger;128,76;PACK+CHARGEUR;DCB1106;DeWALT DCB1106 — DCB1106 12V/20V 6 Amp Max Corded Compact Charger;204,08;Batteries et chargeurs;75,32;+58 %;référence seule (variante différente);mon prix est TRÈS au-dessus du prix idealo — ATTENTION : rapproché sur la référence seule, la version peut différer
DCG412N-XJ;DeWALT DCG412N-XJ — DCG412N-XJ;131,74;OUTIL;DCG412N-XJ;DeWALT DCG412N-XJ — DCG412N-XJ;207,76;Meulage, découpe et polissage;76,02;+58 %;référence + variante;mon prix est TRÈS au-dessus du prix idealo
DCF510N-XJ;DeWALT DCF510N-XJ — Clé à cliquet XR 18V DCF510N-XJ;207,40;OUTIL;DCF510N-XJ;DeWALT DCF510N-XJ — Clé à cliquet XR 18V DCF510N-XJ;328,52;Perçage, vissage et boulonnage;121,12;+58 %;référence + variante;mon prix est TRÈS au-dessus du prix idealo
DCN680NT;DeWALT DCN680NT-XJ — Cloueur de finition 18 Ga 18V DCN680NT-XJ;358,75;OUTIL;DCN680NT-XJ;DeWALT DCN680NT-XJ — Cloueur de finition 18 Ga 18V DCN680NT-XJ;568,51;Cloueurs;209,76;+58 %;référence + variante;mon prix est TRÈS au-dessus du prix idealo
DCD996;Pack 2 outils 18V XRP (2x5,0 Ah) (DCD996 + DCF887) en coffret TSTAK - DEWALT DCK276P2;505,55;PACK+2X5.0+COFFRET;DCD996N;DeWALT DCD996N — Perceuse à percussion 18V XR Brushless (machine seule);212,06;Perçage, vissage et boulonnage;293,49;−58 %;référence seule (variante différente);mon prix est SOUS le prix idealo — ATTENTION : rapproché sur la référence seule, la version peut différer
DCF620N;DEWALT DCF620N;125,12;OUTIL;DCF620NT-XJ;DeWALT DCF620NT-XJ — Visseuse à placo 18V XR (solo, coffret TSTAK);196,75;Perçage, vissage et boulonnage;71,63;+57 %;référence seule (variante différente);mon prix est TRÈS au-dessus du prix idealo — ATTENTION : rapproché sur la référence seule, la version peut différer
DCS512N;DeWALT DCS512N — DCS512N;134,34;OUTIL;DCS512N;DeWALT DCS512N — DCS512N;210,91;Scies;76,57;+57 %;référence + variante;mon prix est TRÈS au-dessus du prix idealo
DCR029-QW;DeWALT DCR029-QW — Radio de chantier 18V DCR029-QW Bluetooth;189,62;OUTIL;DCR029-QW;DeWALT DCR029-QW — Radio de chantier 18V DCR029-QW Bluetooth;297,72;Accessoires;108,10;+57 %;référence + variante;mon prix est TRÈS au-dessus du prix idealo
DCMPH566N;DeWalt DCMPH 566 N Taille-haies sur batterie 18 V 55 cm + 1x batterie 2,0 Ah - sans chargeur;287,08;PACK+1X2.0+CHARGEUR;DCMPH566N-XJ-XJ;DeWALT DCMPH566N-XJ-XJ — Taille haie sur perche orientable 18V DCMPH566N-XJ-XJ;450,40;Tronçonnage et élagage;163,32;+57 %;référence seule (variante différente);mon prix est TRÈS au-dessus du prix idealo — ATTENTION : rapproché sur la référence seule, la version peut différer
DCD708;Kit 2 Outils Perceuse Visseuse DCD708 + Visseuse à Chocs DCF787 - DEWALT - avec 2 batteries 18V 2Ah et 4Ah + Chargeur + ;379,00;PACK+1X2+CHARGEUR;DCD708NT;DeWALT DCD708NT — DCD708NT;162,97;Perçage, vissage et boulonnage;216,03;−57 %;référence seule (variante différente);mon prix est SOUS le prix idealo — ATTENTION : rapproché sur la référence seule, la version peut différer
DCE089NG18;DeWALT DCE089NG18-XJ — Laser 3 lignes vert 12V/18V DCE089NG18-XJ;413,76;OUTIL+VERT;DCE089NG18-XJ;DeWALT DCE089NG18-XJ — Laser 3 lignes vert 12V/18V DCE089NG18-XJ;648,62;Accessoires;234,86;+57 %;référence + variante;mon prix est TRÈS au-dessus du prix idealo
DCN660P1-QW;Dewalt DCN660P1-QW Cloueur de finition à batterie 16Ga XR 18V 1 X 5,0Ah Li-Ion (sans charbon);498,24;ACCESSOIRE;DCN660N-XJ;DeWALT DCN660N-XJ — Cloueur de finition 18V DCN660N-XJ;782,89;Cloueurs;284,65;+57 %;référence seule (variante différente);mon prix est TRÈS au-dessus du prix idealo — ATTENTION : rapproché sur la référence seule, la version peut différer
DCD791;DeWalt kit 18V XR DCD791 + DCG405 - 2x5Ah - Meuleuse 125 mm - Coffret TSTAK;708,66;PACK+2X5+COFFRET;DCD791N;DeWALT DCD791N — Perceuse-visseuse 18V DCD791N;302,84;Perçage, vissage et boulonnage;405,82;−57 %;référence seule (variante différente);mon prix est SOUS le prix idealo — ATTENTION : rapproché sur la référence seule, la version peut différer
DCE5801-XJ;DEWALT DCE5801-XJ Tube d'extrusion 1 pc(s);114,03;ACCESSOIRE;DCE5801;DeWALT DCE5801 — DCE5801 Couplage de tube transparent pour les canons chimiques XR DCE560 et DCE580;177,68;Combos;63,65;+56 %;référence + variante;mon prix est TRÈS au-dessus du prix idealo
DWE4277;DeWALT DWE4277 — DWE4277;138,49;OUTIL;DWE4277;DeWALT DWE4277 — DWE4277;216,05;Meulage, découpe et polissage;77,56;+56 %;référence + variante;mon prix est TRÈS au-dessus du prix idealo
DCW200;DeWALT DCW200 — DCW200;136,80;OUTIL;DCW200;DeWALT DCW200 — DCW200;213,96;Scies;77,16;+56 %;référence + variante;mon prix est TRÈS au-dessus du prix idealo
DWE4238;DeWALT DWE4238 — DWE4238;131,36;OUTIL;DWE4238;DeWALT DWE4238 — DWE4238;204,34;Meulage, découpe et polissage;72,98;+56 %;référence + variante;mon prix est TRÈS au-dessus du prix idealo
DCB189-XJ;DEWALT DCB189-XJ DCB189-XJ-Batería carril XR 18V Li-ION 4,0Ah;138,67;OUTIL+1X4.0;DCB189-XJ;DeWALT DCB189-XJ — DCB189-XJ DCB189-XJ-Batería carril XR 18V Li-ION 4,0Ah;216,32;Batteries et chargeurs;77,65;+56 %;référence + variante;mon prix est TRÈS au-dessus du prix idealo
DWMT73801-1;"DeWALT DWMT73801-1 Ensemble d'outils de mécanicien 108 pièces métriques impériales 1/4"" 3/8""";137,26;PACK;DWMT73801-1;"DeWALT DWMT73801-1 — DWMT73801-1 Ensemble d'outils de mécanicien 108 pièces métriques impériales 1/4"" 3/8""";214,54;Combos;77,28;+56 %;référence seule (variante différente);mon prix est TRÈS au-dessus du prix idealo — ATTENTION : rapproché sur la référence seule, la version peut différer
DCD776D1-QW;Dewalt DCD776D1-QW Perceuse à percussion à batterie 18V 1x2 Ah Li-Ion;136,95;PACK+1X2;DCD776D1-QW;DeWALT DCD776D1-QW — DCD776D1-QW Perceuse à percussion à batterie 18V 1x2 Ah Li-Ion;214,19;Perçage, vissage et boulonnage;77,24;+56 %;référence seule (variante différente);mon prix est TRÈS au-dessus du prix idealo — ATTENTION : rapproché sur la référence seule, la version peut différer
DCD771D2-QW;DeWALT DCD771D2-QW — DCD771D2-QW;139,75;PACK;DCD771D2-QW;DeWALT DCD771D2-QW — DCD771D2-QW;217,60;Perçage, vissage et boulonnage;77,85;+56 %;référence seule (variante différente);mon prix est TRÈS au-dessus du prix idealo — ATTENTION : rapproché sur la référence seule, la version peut différer
DWMT73801;"Ensemble d'outils DeWalt DWMT73801; 108 unités";140,40;PACK;DWMT73801;"DeWALT DWMT73801 — Ensemble d'outils DeWalt DWMT73801; 108 unités";218,33;Combos;77,93;+56 %;référence seule (variante différente);mon prix est TRÈS au-dessus du prix idealo — ATTENTION : rapproché sur la référence seule, la version peut différer
D215804-XJ;DEWALT D215804-XJ Extracteur de poussière et connexion, Noir, 1/2inch;140,15;OUTIL;D215804-XJ;DeWALT D215804-XJ — D215804-XJ Extracteur de poussière et connexion, Noir, 1/2inch;218,08;Aspirateurs;77,93;+56 %;référence + variante;mon prix est TRÈS au-dessus du prix idealo
DWE74911;DeWalt Machine stand (DWE74911);139,54;OUTIL;DWE74911;DeWALT DWE74911 — Machine stand (DWE74911);217,26;Accessoires;77,72;+56 %;référence + variante;mon prix est TRÈS au-dessus du prix idealo
DT90360-QZ;DEWALT DT90360-QZ Jeu de scies-cloches 20 mm, 22 mm, 25 mm, 32 mm, 35 mm, 44 mm, 51 mm, 64 mm 12 pc(s);139,38;OUTIL;DT90360-QZ;DeWALT DT90360-QZ — DT90360-QZ Jeu de scies-cloches 20 mm, 22 mm, 25 mm, 32 mm, 35 mm, 44 mm, 51 mm, 64 mm 12 pc(s);217,15;Scies;77,77;+56 %;référence + variante;mon prix est TRÈS au-dessus du prix idealo
DXV23PTA;Aspirateur eau et poussières 1150W - cuve 23L + prise asservie - DXV23PTA DEWALT;139,30;PACK;DXV23PTA;DeWALT DXV23PTA — Aspirateur eau et poussières 1150W - cuve 23L + prise asservie - DXV23PTA DEWALT;217,03;Aspirateurs;77,73;+56 %;référence seule (variante différente);mon prix est TRÈS au-dessus du prix idealo — ATTENTION : rapproché sur la référence seule, la version peut différer
DCB182;Dewalt DCB182 Lot de 2 batteries XR Li-Ion 18 V 4 Ah 18 V;139,00;PACK+1X4;DCB182;DeWALT DCB182 — DCB182 Lot de 2 batteries XR Li-Ion 18 V 4 Ah 18 V;216,70;Batteries et chargeurs;77,70;+56 %;référence seule (variante différente);mon prix est TRÈS au-dessus du prix idealo — ATTENTION : rapproché sur la référence seule, la version peut différer
DCB182-XJ;DeWalt - Laser Multilignes 3x360° 12V Li-Ion 2Ah - Niveau Laser Autonivelant 4° sans Fil avec Faisceaux Rouges & Batteri;488,42;PACK+1X2;DCB182;DeWALT DCB182 — DCB182 Lot de 2 batteries XR Li-Ion 18 V 4 Ah 18 V;216,70;Batteries et chargeurs;271,72;−56 %;référence seule (variante différente);mon prix est SOUS le prix idealo — ATTENTION : rapproché sur la référence seule, la version peut différer
DCD740;DeWALT DCD740 — DCD740;143,70;OUTIL;DCD740;DeWALT DCD740 — DCD740;222,44;Perçage, vissage et boulonnage;78,74;+55 %;référence + variante;mon prix est TRÈS au-dessus du prix idealo
DWH205DH-XJ;DeWALT DWH205DH-XJ — DWH205DH-XJ;141,90;OUTIL;DWH205DH-XJ;DeWALT DWH205DH-XJ — DWH205DH-XJ;220,22;Aspirateurs;78,32;+55 %;référence + variante;mon prix est TRÈS au-dessus du prix idealo
DCD716D2;DeWALT DCD716D2 — DCD716D2;141,24;PACK;DCD716D2;DeWALT DCD716D2 — DCD716D2;219,49;Perçage, vissage et boulonnage;78,25;+55 %;référence seule (variante différente);mon prix est TRÈS au-dessus du prix idealo — ATTENTION : rapproché sur la référence seule, la version peut différer
DPN2330-XJ;DeWALT DPN2330-XJ — DPN2330-XJ;140,96;OUTIL;DPN2330-XJ;DeWALT DPN2330-XJ — DPN2330-XJ;219,05;Perçage, vissage et boulonnage;78,09;+55 %;référence + variante;mon prix est TRÈS au-dessus du prix idealo
DCD740NT;DEWALT DCD740NT;143,70;PACK;DCD740;DeWALT DCD740 — DCD740;222,44;Perçage, vissage et boulonnage;78,74;+55 %;référence seule (variante différente);mon prix est TRÈS au-dessus du prix idealo — ATTENTION : rapproché sur la référence seule, la version peut différer
DCD716;DEWALT DCD716;141,24;OUTIL;DCD716D2;DeWALT DCD716D2 — DCD716D2;219,49;Perçage, vissage et boulonnage;78,25;+55 %;référence + variante;mon prix est TRÈS au-dessus du prix idealo
DCD791P1-QW;Dewalt DCD791P1-QW Perceuse visseuse compacte XR 18V 5Ah Li-Ion Brushless - 1 batteries + chargeur en coffret;195,42;PACK+1X5+COFFRET+CHARGEUR;DCD791N;DeWALT DCD791N — Perceuse-visseuse 18V DCD791N;302,84;Perçage, vissage et boulonnage;107,42;+55 %;référence seule (variante différente);mon prix est TRÈS au-dessus du prix idealo — ATTENTION : rapproché sur la référence seule, la version peut différer
DCG418NTA;DeWALT - Meuleuse d'angle sans fil 54 V, 125 mm, avec accessoires, 3 batteries Li-Ion 9,0 Ah et chargeur. DCG418NTA;744,44;PACK+1X9.0+CHARGEUR;DCG418NT-XJ;DeWALT DCG418NT-XJ — Meuleuse Ø125 mm 54V DCG418NT-XJ;332,35;Meulage, découpe et polissage;412,09;−55 %;référence seule (variante différente);mon prix est SOUS le prix idealo — ATTENTION : rapproché sur la référence seule, la version peut différer
DCB118Y3-QW;Pack énergie 54V/18V FLEXVOLT (3x12,0 Ah) avec chargeur rapide - DEWALT DCB118Y3-QW;787,48;PACK+3X12.0+CHARGEUR;DCB118X2-QW;DeWALT DCB118X2-QW — Pack énergie 54V/18V FLEXVOLT (2x9,0 Ah) + chargeur rapide DCB118;354,65;Batteries et chargeurs;432,83;−55 %;référence seule (variante différente);mon prix est SOUS le prix idealo — ATTENTION : rapproché sur la référence seule, la version peut différer
DT9436-QZ;DeWalt SDS-max 32x920x800 mm DT9436-QZ;87,98;OUTIL;DT9436-QZ;DeWALT DT9436-QZ — SDS-max 32x920x800 mm DT9436-QZ;136,61;Quincaillerie;48,63;+55 %;référence + variante;mon prix est TRÈS au-dessus du prix idealo
AT-DXV23P-QT;DeWALT AT-DXV23P-QT — AT-DXV23P-QT;144,10;OUTIL;AT-DXV23P-QT;DeWALT AT-DXV23P-QT — AT-DXV23P-QT;222,49;Aspirateurs;78,39;+54 %;référence + variante;mon prix est TRÈS au-dessus du prix idealo
DW0822-XJ;DeWALT DW0822-XJ — DW0822-XJ;147,89;OUTIL;DW0822-XJ;DeWALT DW0822-XJ — DW0822-XJ;227,60;Accessoires;79,71;+54 %;référence + variante;mon prix est TRÈS au-dessus du prix idealo
DCMST561N-XJ;DeWALT DCMST561N-XJ — DCMST561N-XJ;146,84;OUTIL;DCMST561N-XJ;DeWALT DCMST561N-XJ — DCMST561N-XJ;226,28;Tronçonnage et élagage;79,44;+54 %;référence + variante;mon prix est TRÈS au-dessus du prix idealo
DCD703NT;DeWALT DCD703NT — DCD703NT;146,79;OUTIL;DCD703NT;DeWALT DCD703NT — DCD703NT;226,20;Perçage, vissage et boulonnage;79,41;+54 %;référence + variante;mon prix est TRÈS au-dessus du prix idealo
DCH133N;DeWALT DCH133N — DCH133N;144,90;OUTIL;DCH133N;DeWALT DCH133N — DCH133N;223,87;Perforateurs;78,97;+54 %;référence + variante;mon prix est TRÈS au-dessus du prix idealo
DCF887D1T;Clé à chocs DeWALT DCF887D1T (1 x 2,0 Ah + DCB107 + TSTAK II) + kit de 32 embouts de vissage Impact Torsion;201,00;PACK+1X2.0+COFFRET;DCF887P2;"DeWALT DCF887P2 — Visseuse a chocs 1/4"" XR 18V (2x5Ah + chargeur + TSTAK)";310,37;Perçage, vissage et boulonnage;109,37;+54 %;référence seule (variante différente);mon prix est TRÈS au-dessus du prix idealo — ATTENTION : rapproché sur la référence seule, la version peut différer
DCM848N-XJ;DeWALT DCM848N-XJ — Polisseuse orbitale 18V DCM848N-XJ;217,62;OUTIL;DCM848N-XJ;DeWALT DCM848N-XJ — Polisseuse orbitale 18V DCM848N-XJ;334,73;Meulage, découpe et polissage;117,11;+54 %;référence + variante;mon prix est TRÈS au-dessus du prix idealo
DWE6423B-QS;Ponceuse excentrique filaire DEWALT DWE6423B-QS, 280 W;216,18;OUTIL;DWE6423-QS;DeWALT DWE6423-QS — Ponceuse excentrique filaire 280W Ø125 mm;99,94;Meulage, découpe et polissage;116,24;−54 %;référence + variante;mon prix est SOUS le prix idealo
DCB115;DeWalt DCS 334M2T (2 x 4,0 Ah + DCB115 + TSTAK II);369,00;PACK+2X4.0+COFFRET;DCB115E2-QW;DeWALT DCB115E2-QW — 2 Batteries Powerstack XR 18V 1.7Ah ( DCB115E2-QW );168,53;Batteries et chargeurs;200,47;−54 %;référence seule (variante différente);mon prix est SOUS le prix idealo — ATTENTION : rapproché sur la référence seule, la version peut différer
DCW620NT-XJ;DeWALT DCW620NT-XJ — Défonceuse XR 18V DCW620NT-XJ;380,21;OUTIL;DCW620NT-XJ;DeWALT DCW620NT-XJ — Défonceuse XR 18V DCW620NT-XJ;587,27;Défonceuses;207,06;+54 %;référence + variante;mon prix est TRÈS au-dessus du prix idealo
DCS367P2-QW;DeWALT DCS367P2-QW Kit De Scie Sabre Sans Fil Li-ion XR 18 V (2 Batteries 5,0 Ah) Dans Un Coffret TSTAK - Sans Balais;446,27;PACK+1X5.0+COFFRET;DCS367N-XJ;DeWALT DCS367N-XJ — Scie sabre compacte 18V XR Brushless (machine seule);204,95;Scies;241,32;−54 %;référence seule (variante différente);mon prix est SOUS le prix idealo — ATTENTION : rapproché sur la référence seule, la version peut différer
DCS578NTA;DeWALT - Scie circulaire sans fil 54 V, 190 mm, avec accessoires, 3 batteries Li-Ion 9,0 Ah et chargeur. DCS578NTA;789,85;PACK+1X9.0+CHARGEUR;DCS578NT-XJ;DeWALT DCS578NT-XJ — DCS578NT-XJ;364,67;Scies;425,18;−54 %;référence seule (variante différente);mon prix est SOUS le prix idealo — ATTENTION : rapproché sur la référence seule, la version peut différer
DCL045-XJ;DeWALT DCL045-XJ — DCL045-XJ;151,68;PACK;DCL045-XJ;DeWALT DCL045-XJ — DCL045-XJ;232,22;Accessoires;80,54;+53 %;référence seule (variante différente);mon prix est TRÈS au-dessus du prix idealo — ATTENTION : rapproché sur la référence seule, la version peut différer
DCD701D2;DeWALT DCD701D2 — DCD701D2;151,12;PACK;DCD701D2;DeWALT DCD701D2 — DCD701D2;231,52;Perçage, vissage et boulonnage;80,40;+53 %;référence seule (variante différente);mon prix est TRÈS au-dessus du prix idealo — ATTENTION : rapproché sur la référence seule, la version peut différer
DCMASED9N-XJ;DeWALT DCMASED9N-XJ Tête De Coupe À Bras Articulé Pour Coupe-bordures;150,12;OUTIL;DCMASED9N-XJ;DeWALT DCMASED9N-XJ — DCMASED9N-XJ Tête De Coupe À Bras Articulé Pour Coupe-bordures;230,28;Tronçonnage et élagage;80,16;+53 %;référence + variante;mon prix est TRÈS au-dessus du prix idealo
DXBC90006;DEWALT DXBC90006 Kit de récupération de Corde de remorquage cinétique Robuste de 2,2 cm x 9,2 m avec 2 manilles Souples ;149,76;PACK;DXBC90006;DeWALT DXBC90006 — DXBC90006 Kit de récupération de Corde de remorquage cinétique Robuste de 2,2 cm x 9,2 m avec 2 manilles Souples;229,88;Combos;80,12;+53 %;référence seule (variante différente);mon prix est TRÈS au-dessus du prix idealo — ATTENTION : rapproché sur la référence seule, la version peut différer
DCF923N;DeWALT DCF923N — DCF923N;155,10;OUTIL;DCF923N;DeWALT DCF923N — DCF923N;236,53;Perçage, vissage et boulonnage;81,43;+53 %;référence + variante;mon prix est TRÈS au-dessus du prix idealo
DWE494-QS;DeWALT DWE494-QS — DWE494-QS;152,39;OUTIL;DWE494-QS;DeWALT DWE494-QS — DWE494-QS;233,16;Meulage, découpe et polissage;80,77;+53 %;référence + variante;mon prix est TRÈS au-dessus du prix idealo
DCH072N;DeWALT DCH072N — DCH072N;151,90;OUTIL;DCH072N;DeWALT DCH072N — DCH072N;232,85;Perforateurs;80,95;+53 %;référence + variante;mon prix est TRÈS au-dessus du prix idealo
DCHJ067B-L;DEWALT DCHJ067B-L Veste chauffante à capuche nue, 20 V/12 V MAX, noir, taille L;152,30;OUTIL;DCHJ067B-L;DeWALT DCHJ067B-L — DCHJ067B-L Veste chauffante à capuche nue, 20 V/12 V MAX, noir, taille L;233,02;Perforateurs;80,72;+53 %;référence + variante;mon prix est TRÈS au-dessus du prix idealo
DCL074;DeWALT DCL074-XJ — Projecteur de chantier DCL074-XJ;194,18;PACK;DCL074-XJ;DeWALT DCL074-XJ — Projecteur de chantier DCL074-XJ;297,72;Accessoires;103,54;+53 %;référence seule (variante différente);mon prix est TRÈS au-dessus du prix idealo — ATTENTION : rapproché sur la référence seule, la version peut différer
DCG405NT;Meuleuse d'angle sans fil 125 mm 18 V - DCG405NT + Batterie lithium XR 18V 4Ah DCB182 DEWALT;339,90;PACK+1X4;DCG405N;DeWALT DCG405N — Meuleuse 125 mm 18V XR Brushless (outil nu);159,00;Meulage, découpe et polissage;180,90;−53 %;référence seule (variante différente);mon prix est SOUS le prix idealo — ATTENTION : rapproché sur la référence seule, la version peut différer
DCM200E2T-QW;DEWALT DCM200E2T-QW;376,09;PACK;DCM200N;DeWALT DCM200N — Lime à bande 18V DCM200N;573,58;Meulage, découpe et polissage;197,49;+53 %;référence seule (variante différente);mon prix est TRÈS au-dessus du prix idealo — ATTENTION : rapproché sur la référence seule, la version peut différer
XR18V;DEWALT - Pompe A Graisse Electrique Sur Batterie XR 18V 4Ah Li-Ion - Sans Fil - Pompe Graisse Avec Batterie Incluse & KS;404,69;PACK+1X4;XR18V;DeWALT XR18V — Souffleur Brushless XR 18V 5Ah Li-ION - Souffleur Électrique Portable sans Fil & Recharge de Fil Coupe Bordure 2,;188,89;Quincaillerie;215,80;−53 %;référence seule (variante différente);mon prix est SOUS le prix idealo — ATTENTION : rapproché sur la référence seule, la version peut différer
DCF964H2G;DEWALT DCF964H2G DCF964H2G-QW Clé à chocs sans fil 18 V Nombre d’accus fournis 2 5 Ah Li-Ion + 2 batteries, + chargeur;1004,85;PACK+1X5+CHARGEUR;DCF964N-XJ;DeWALT DCF964N-XJ — DCF964N-XJ;476,84;Perçage, vissage et boulonnage;528,01;−53 %;référence seule (variante différente);mon prix est SOUS le prix idealo — ATTENTION : rapproché sur la référence seule, la version peut différer
DCF809NT;DeWalt DCF 809 NT Visseuse à chocs sans fil 18 V Brushless Li-Ion + Coffret de transport T-STAK - sans batterie, sans ch;106,00;PACK+COFFRET;DCF809NT;DeWALT DCF809NT — DCF809NT;161,65;Perçage, vissage et boulonnage;55,65;+53 %;référence seule (variante différente);mon prix est TRÈS au-dessus du prix idealo — ATTENTION : rapproché sur la référence seule, la version peut différer
DNPT31R90Z;DeWalt DNPT31R90Z Pointes en bande papier 33° crantées 3.1x90mm Argent;81,24;OUTIL;DNPT31R90G12Z;DeWALT DNPT31R90G12Z — DNPT31R90G12Z 34° Clous lisses 3,1 x 90 mm 2200 pièces;123,96;Quincaillerie;42,72;+53 %;référence + variante;mon prix est TRÈS au-dessus du prix idealo
AT-DXV30SAPTA;DeWALT AT-DXV30SAPTA — AT-DXV30SAPTA;157,73;OUTIL;AT-DXV30SAPTA;DeWALT AT-DXV30SAPTA — AT-DXV30SAPTA;239,75;Aspirateurs;82,02;+52 %;référence + variante;mon prix est TRÈS au-dessus du prix idealo
DW275KN;DeWALT DW275KN — DW275KN;156,75;OUTIL;DW275KN;DeWALT DW275KN — DW275KN;238,57;Perçage, vissage et boulonnage;81,82;+52 %;référence + variante;mon prix est TRÈS au-dessus du prix idealo
DXV30SAPTA;DeWALT DXV30SAPTA — DXV30SAPTA;156,17;OUTIL;DXV30SAPTA;DeWALT DXV30SAPTA — DXV30SAPTA;237,85;Aspirateurs;81,68;+52 %;référence + variante;mon prix est TRÈS au-dessus du prix idealo
DCE100B;DEWALT Souffleur 20 V Max* pour Chantier, Compact, Outil Uniquement (DCE100B);154,86;OUTIL;DCE100B;DeWALT DCE100B — Souffleur 20 V Max* pour Chantier, Compact, Outil Uniquement (DCE100B);236,16;Aspirateurs;81,30;+52 %;référence + variante;mon prix est TRÈS au-dessus du prix idealo
EUDXV34P;DeWALT EUDXV34P — EUDXV34P;159,00;OUTIL;EUDXV34P;DeWALT EUDXV34P — EUDXV34P;241,37;Aspirateurs;82,37;+52 %;référence + variante;mon prix est TRÈS au-dessus du prix idealo
DCS571N;DeWALT DCS571N — DCS571N;159,00;OUTIL;DCS571N;DeWALT DCS571N — DCS571N;241,37;Scies;82,37;+52 %;référence + variante;mon prix est TRÈS au-dessus du prix idealo
DCD706D2;DeWALT DCD706D2 — DCD706D2;158,03;PACK;DCD706D2;DeWALT DCD706D2 — DCD706D2;240,05;Perçage, vissage et boulonnage;82,02;+52 %;référence seule (variante différente);mon prix est TRÈS au-dessus du prix idealo — ATTENTION : rapproché sur la référence seule, la version peut différer
DCD706;DEWALT DCD706;158,03;OUTIL;DCD706D2;DeWALT DCD706D2 — DCD706D2;240,05;Perçage, vissage et boulonnage;82,02;+52 %;référence + variante;mon prix est TRÈS au-dessus du prix idealo
DCF903B;DEWALT DCF903B XTREME 12V MAX Brushless 3/8 in. Cordless Impact Wrench (Tool Only);159,58;OUTIL;DCF903B;DeWALT DCF903B — DCF903B XTREME 12V MAX Brushless 3/8 in. Cordless Impact Wrench (Tool Only);241,92;Perçage, vissage et boulonnage;82,34;+52 %;référence + variante;mon prix est TRÈS au-dessus du prix idealo
DCB1104;DeWalt Power Set McLaren 2x 18V 4,0Ah (DCB1104);173,00;PACK+1X4.0;DCB1104-QW;DeWALT DCB1104-QW — Chargeur 12V/18V DCB1104-QW;82,38;Batteries et chargeurs;90,62;−52 %;référence seule (variante différente);mon prix est SOUS le prix idealo — ATTENTION : rapproché sur la référence seule, la version peut différer
DCB118;DeWalt FlexVolt Starter Set X1, Chargeur DCB118 + 1x Batterie 9,0Ah (54V/18V) (DCB118);233,35;PACK+1X9.0+CHARGEUR;DCB118X2-QW;DeWALT DCB118X2-QW — Pack énergie 54V/18V FLEXVOLT (2x9,0 Ah) + chargeur rapide DCB118;354,65;Batteries et chargeurs;121,30;+52 %;référence seule (variante différente);mon prix est TRÈS au-dessus du prix idealo — ATTENTION : rapproché sur la référence seule, la version peut différer
DCW220NT-XJ;DeWALT DCW220NT-XJ — Ponceuse à bande 18V DCW220NT-XJ;252,00;OUTIL;DCW220NT-XJ;DeWALT DCW220NT-XJ — Ponceuse à bande 18V DCW220NT-XJ;384,04;Meulage, découpe et polissage;132,04;+52 %;référence + variante;mon prix est TRÈS au-dessus du prix idealo
DCM565P1;Tronçonneuse Elagueuse XR 18V (1x 5Ah) Li-Ion DEWALT DCM565P1 & Oregon - Huile pour Chaîne et Guide-Chaîne de Tronçonneu;255,48;PACK+1X5;DCM565N-XJ;DeWALT DCM565N-XJ — Tronçonneuse 18V 30 cm DCM565N-XJ;388,93;Tronçonnage et élagage;133,45;+52 %;référence seule (variante différente);mon prix est TRÈS au-dessus du prix idealo — ATTENTION : rapproché sur la référence seule, la version peut différer
DCD800N;DeWalt DCD 800 N Batterie 18 V 90 Nm Brushless + 1x Batterie Powerstack 5,0 Ah - sans chargeur;263,40;PACK+1X5.0+CHARGEUR;DCD800NT-XJ;DeWALT DCD800NT-XJ — Perceuse-visseuse 18V DCD800NT-XJ;401,42;Perçage, vissage et boulonnage;138,02;+52 %;référence seule (variante différente);mon prix est TRÈS au-dessus du prix idealo — ATTENTION : rapproché sur la référence seule, la version peut différer
DCE590N-XJ;DeWALT DCE590N-XJ — Ventouse à vide d'air 18V DCE590N-XJ;272,20;PACK;DCE590N-XJ;DeWALT DCE590N-XJ — Ventouse à vide d'air 18V DCE590N-XJ;414,76;Accessoires;142,56;+52 %;référence seule (variante différente);mon prix est TRÈS au-dessus du prix idealo — ATTENTION : rapproché sur la référence seule, la version peut différer
DCD709M2T;Perceuse-visseuse DEWALT DCD709M2T 18 V (2 batteries 4,0 Ah + mallette);271,42;PACK+1X4.0+COFFRET;DCD709NT-XJ;DeWALT DCD709NT-XJ — Perceuse visseuse à percussion 18V DCD709NT-XJ;413,52;Perçage, vissage et boulonnage;142,10;+52 %;référence seule (variante différente);mon prix est TRÈS au-dessus du prix idealo — ATTENTION : rapproché sur la référence seule, la version peut différer
DCB115;DeWalt DCS 331P2 (2 x 5,0 Ah + DCB115 + TSTAK II);348,00;PACK+2X5.0+COFFRET;DCB115E2-QW;DeWALT DCB115E2-QW — 2 Batteries Powerstack XR 18V 1.7Ah ( DCB115E2-QW );168,53;Batteries et chargeurs;179,47;−52 %;référence seule (variante différente);mon prix est SOUS le prix idealo — ATTENTION : rapproché sur la référence seule, la version peut différer
DNW31R90E;DeWalt DNW31R90E Pointes en Bande Métal 34° Crantées, 3.1mm x 90mm, Argent;81,35;OUTIL;DNW31R90E;DeWALT DNW31R90E — DNW31R90E Pointes en Bande Métal 34° Crantées, 3.1mm x 90mm, Argent;123,58;Quincaillerie;42,23;+52 %;référence + variante;mon prix est TRÈS au-dessus du prix idealo
DFS9200B1G-QZ;DEWALT DFS9200B1G-QZ Grapas 50mm x 960;82,36;OUTIL;DFS9200B1G-QZ;DeWALT DFS9200B1G-QZ — DFS9200B1G-QZ Grapas 50mm x 960;124,78;Quincaillerie;42,42;+52 %;référence + variante;mon prix est TRÈS au-dessus du prix idealo
DT99576;DeWALT DT99576 — DT99576;82,01;OUTIL;DT99576;DeWALT DT99576 — DT99576;124,33;Quincaillerie;42,32;+52 %;référence + variante;mon prix est TRÈS au-dessus du prix idealo
DT99591-QZ;DeWALT DT99591-QZ — DT99591-QZ;81,99;PACK;DT99591-QZ;DeWALT DT99591-QZ — DT99591-QZ;124,38;Quincaillerie;42,39;+52 %;référence seule (variante différente);mon prix est TRÈS au-dessus du prix idealo — ATTENTION : rapproché sur la référence seule, la version peut différer
DT5466;DeWALT DT5466 — DT5466;81,52;OUTIL;DT5466;DeWALT DT5466 — DT5466;123,74;Quincaillerie;42,22;+52 %;référence + variante;mon prix est TRÈS au-dessus du prix idealo
DT3885;DeWALT DT3885 — DT3885;80,73;OUTIL;DT3885;DeWALT DT3885 — DT3885;122,80;Quincaillerie;42,07;+52 %;référence + variante;mon prix est TRÈS au-dessus du prix idealo
DNW3190E;DeWALT Clous 34º, lisse, 90 mm, 2200 pièces - DNW3190E;82,50;OUTIL;DNW3190E;DeWALT DNW3190E — Clous 34º, lisse, 90 mm, 2200 pièces - DNW3190E;124,99;Quincaillerie;42,49;+52 %;référence + variante;mon prix est TRÈS au-dessus du prix idealo
DNW2863E;DeWalt DNW2863E Clous, Argent, Taille 34 63mm, Set de 2200 Pièces;82,39;PACK;DNW2863E;DeWALT DNW2863E — DNW2863E Clous, Argent, Taille 34 63mm, Set de 2200 Pièces;124,96;Quincaillerie;42,57;+52 %;référence seule (variante différente);mon prix est TRÈS au-dessus du prix idealo — ATTENTION : rapproché sur la référence seule, la version peut différer
DT9442-QZ;DeWalt SDS-max 38x570x450 mm DT9442-QZ;81,98;OUTIL;DT9442-QZ;DeWALT DT9442-QZ — SDS-max 38x570x450 mm DT9442-QZ;124,37;Quincaillerie;42,39;+52 %;référence + variante;mon prix est TRÈS au-dessus du prix idealo
D25303DH-XJ;DeWALT D25303DH-XJ — D25303DH-XJ;163,60;OUTIL;D25303DH-XJ;DeWALT D25303DH-XJ — D25303DH-XJ;246,88;Aspirateurs;83,28;+51 %;référence + variante;mon prix est TRÈS au-dessus du prix idealo
DCG407NT-XJ;DeWALT DCG407NT-XJ — DCG407NT-XJ;163,14;OUTIL;DCG407NT-XJ;DeWALT DCG407NT-XJ — DCG407NT-XJ;246,34;Meulage, découpe et polissage;83,20;+51 %;référence + variante;mon prix est TRÈS au-dessus du prix idealo
DWE496;DeWALT DWE496 — DWE496;162,00;OUTIL;DWE496;DeWALT DWE496 — DWE496;244,94;Meulage, découpe et polissage;82,94;+51 %;référence + variante;mon prix est TRÈS au-dessus du prix idealo
DXV234P;DeWALT DXV234P — DXV234P;161,99;OUTIL;DXV234P;DeWALT DXV234P — DXV234P;244,93;Aspirateurs;82,94;+51 %;référence + variante;mon prix est TRÈS au-dessus du prix idealo
DCF622;DeWALT DCF622 — DCF622;160,87;OUTIL;DCF622;DeWALT DCF622 — DCF622;243,55;Perçage, vissage et boulonnage;82,68;+51 %;référence + variante;mon prix est TRÈS au-dessus du prix idealo
DCB104-QW;DeWALT DCB104-QW — DCB104-QW;160,65;PACK;DCB104-QW;DeWALT DCB104-QW — DCB104-QW;243,38;Batteries et chargeurs;82,73;+51 %;référence seule (variante différente);mon prix est TRÈS au-dessus du prix idealo — ATTENTION : rapproché sur la référence seule, la version peut différer
DCMPH566N;DeWalt DCMPH 566 N Taille-haies sur batterie 18 V 55 cm + 1x batterie 5,0 Ah - sans chargeur;298,30;PACK+1X5.0+CHARGEUR;DCMPH566N-XJ-XJ;DeWALT DCMPH566N-XJ-XJ — Taille haie sur perche orientable 18V DCMPH566N-XJ-XJ;450,40;Tronçonnage et élagage;152,10;+51 %;référence seule (variante différente);mon prix est TRÈS au-dessus du prix idealo — ATTENTION : rapproché sur la référence seule, la version peut différer
DCG405P3-QW;DEWALT DCG405P3-QW;323,89;PACK;DCG405N;DeWALT DCG405N — Meuleuse 125 mm 18V XR Brushless (outil nu);159,00;Meulage, découpe et polissage;164,89;−51 %;référence seule (variante différente);mon prix est SOUS le prix idealo — ATTENTION : rapproché sur la référence seule, la version peut différer
DCS355NT-XJ;DEWALT - Multi-Cutter XR 18V - DCS355NT-XJ - L'Outil Multifonctionnel Oscillant & Meuleuse Brushless XR 18V 5Ah Li-Ion -;336,35;OUTIL+1X5;DCS355NT-XJ;DeWALT DCS355NT-XJ — Outil multifonctions oscillant 18V XR Brushless (solo, TSTAK);163,50;Outils multifonctions;172,85;−51 %;référence seule (variante différente);mon prix est SOUS le prix idealo — ATTENTION : rapproché sur la référence seule, la version peut différer
DCF620P3T;Visseuse rapide DeWALT DCF620P3T (3 x 5,0Ah + DCB115 + TSTAK II);403,00;PACK+3X5.0+COFFRET;DCF620NT-XJ;DeWALT DCF620NT-XJ — Visseuse à placo 18V XR (solo, coffret TSTAK);196,75;Perçage, vissage et boulonnage;206,25;−51 %;référence seule (variante différente);mon prix est SOUS le prix idealo — ATTENTION : rapproché sur la référence seule, la version peut différer
DCF921P2LRT-QW;DeWALT DCF921P2LRT-QW Visseuse À Chocs Compacte À Batterie Li-ion 18 V (2 Batteries 5,0 Ah) Dans Un Coffret TSTAK - 406 ;419,69;PACK+1X5.0+COFFRET;DCF921N-XJ;DeWALT DCF921N-XJ — DCF921N-XJ;206,95;Perçage, vissage et boulonnage;212,74;−51 %;référence seule (variante différente);mon prix est SOUS le prix idealo — ATTENTION : rapproché sur la référence seule, la version peut différer
DCD791/DCG405;Pack 2 outils 18 V XR (DCD791/DCG405) + 25 disques à tronçonner (DT43906) + 2 batteries 5.0 Ah + chargeur + TSTAK DEWALT;621,01;PACK+1X5.0+COFFRET+CHARGEUR;DCD791N;DeWALT DCD791N — Perceuse-visseuse 18V DCD791N;302,84;Perçage, vissage et boulonnage;318,17;−51 %;référence seule (variante différente);mon prix est SOUS le prix idealo — ATTENTION : rapproché sur la référence seule, la version peut différer
DCF964H2G-QW;Boulonneuse à chocs DCF964H2G-QW 18V 3/4 pouces POWERSTACK 2 batteries chargeur;977,98;PACK+CHARGEUR;DCF964N-XJ;DeWALT DCF964N-XJ — DCF964N-XJ;476,84;Perçage, vissage et boulonnage;501,14;−51 %;référence seule (variante différente);mon prix est SOUS le prix idealo — ATTENTION : rapproché sur la référence seule, la version peut différer
DNN20R45E;DEWALT DNN20R45E Coil Clous 2.03-45 Ring, 17,5 m;82,60;OUTIL;DNN20R45E;DeWALT DNN20R45E — DNN20R45E Coil Clous 2.03-45 Ring, 17,5 m;125,05;Quincaillerie;42,45;+51 %;référence + variante;mon prix est TRÈS au-dessus du prix idealo
DNW2890E;DEWALT DNW2890E;83,68;OUTIL;DNW2890E;DeWALT DNW2890E — DNW2890E;126,44;Quincaillerie;42,76;+51 %;référence + variante;mon prix est TRÈS au-dessus du prix idealo
DFS9175B1G-QZ;DEWALT DFS9175B1G-QZ Grapas 45mm x 960;84,23;OUTIL;DFS9175B1G-QZ;DeWALT DFS9175B1G-QZ — DFS9175B1G-QZ Grapas 45mm x 960;127,10;Quincaillerie;42,87;+51 %;référence + variante;mon prix est TRÈS au-dessus du prix idealo
DNBA1644SZ;DNBA1644SZ Clous 20, Gris, Taille SS 44mm, Set de 2500 Pièces;85,22;PACK;DNBA1644SZ;DeWALT DNBA1644SZ — DNBA1644SZ Clous 20, Gris, Taille SS 44mm, Set de 2500 Pièces;128,34;Quincaillerie;43,12;+51 %;référence seule (variante différente);mon prix est TRÈS au-dessus du prix idealo — ATTENTION : rapproché sur la référence seule, la version peut différer
UC4200;DeWALT UC4200 — UC4200;85,05;PACK;UC4200;DeWALT UC4200 — UC4200;128,09;Quincaillerie;43,04;+51 %;référence seule (variante différente);mon prix est TRÈS au-dessus du prix idealo — ATTENTION : rapproché sur la référence seule, la version peut différer
DT4281-QZ;DeWALT DT4281-QZ — DT4281-QZ;85,04;OUTIL;DT4281-QZ;DeWALT DT4281-QZ — DT4281-QZ;128,08;Quincaillerie;43,04;+51 %;référence + variante;mon prix est TRÈS au-dessus du prix idealo
DWST83522-9;DeWALT DWST83522-9 — DWST83522-9;84,98;OUTIL;DWST83522-9;DeWALT DWST83522-9 — DWST83522-9;127,98;Quincaillerie;43,00;+51 %;référence + variante;mon prix est TRÈS au-dessus du prix idealo
305X30;DeWALT 305X30 — 305X30;83,53;OUTIL;305X30;DeWALT 305X30 — 305X30;126,22;Quincaillerie;42,69;+51 %;référence + variante;mon prix est TRÈS au-dessus du prix idealo
DT20452-QZ;DeWalt EXTREME Full Carbide SDS-plus Set Forets à Percussion 10x160x100mm (DT20452-QZ);84,98;PACK;DT20452-QZ;DeWALT DT20452-QZ — EXTREME Full Carbide SDS-plus Set Forets à Percussion 10x160x100mm (DT20452-QZ);127,98;Quincaillerie;43,00;+51 %;référence seule (variante différente);mon prix est TRÈS au-dessus du prix idealo — ATTENTION : rapproché sur la référence seule, la version peut différer
DWST60122-1;DeWalt McLaren Sac à dos d'outillage noir/jaune (DWST60122-1);84,94;OUTIL;DWST60122-1;DeWALT DWST60122-1 — McLaren Sac à dos d'outillage noir/jaune (DWST60122-1);128,00;Quincaillerie;43,06;+51 %;référence + variante;mon prix est TRÈS au-dessus du prix idealo
DT9572-QZ;DeWalt SDS-plus 14x1000x950 mm DT9572-QZ;84,83;OUTIL;DT9572-QZ;DeWALT DT9572-QZ — SDS-plus 14x1000x950 mm DT9572-QZ;127,84;Quincaillerie;43,01;+51 %;référence + variante;mon prix est TRÈS au-dessus du prix idealo
DT71517T;Accessoire d'angle DEWALT (90°, inclut 9 embouts de vissage à couple élevé, adapté à une utilisation avec des visseuses ;84,65;PACK;DT71517T;DeWALT DT71517T — Accessoire d'angle DEWALT (90°, inclut 9 embouts de vissage à couple élevé, adapté à une utilisation avec des visseuses;127,66;Quincaillerie;43,01;+51 %;référence seule (variante différente);mon prix est TRÈS au-dessus du prix idealo — ATTENTION : rapproché sur la référence seule, la version peut différer
DT9559-QZ;DEWALT Foret SDS-Plus Extreme 2 taillants 12 x 950 mm - DT9559-QZ;84,24;OUTIL;DT9559-QZ;DeWALT DT9559-QZ — Foret SDS-Plus Extreme 2 taillants 12 x 950 mm - DT9559-QZ;127,12;Quincaillerie;42,88;+51 %;référence + variante;mon prix est TRÈS au-dessus du prix idealo
DT6762-QZ;DeWalt SDS-max 65x107 mm DT6762-QZ;83,99;OUTIL;DT6762-QZ;DeWALT DT6762-QZ — SDS-max 65x107 mm DT6762-QZ;126,83;Quincaillerie;42,84;+51 %;référence + variante;mon prix est TRÈS au-dessus du prix idealo
DWST171194;DeWalt TSTAK V (DWST171194);83,40;PACK+COFFRET;DWST171194;DeWALT DWST171194 — TSTAK V (DWST171194);126,10;Quincaillerie;42,70;+51 %;référence seule (variante différente);mon prix est TRÈS au-dessus du prix idealo — ATTENTION : rapproché sur la référence seule, la version peut différer
DNW28R63G12E;DEWALT DNW28R63G12E Clou, Argent, Taille 34/63 mm, Set de 2200 Pièces;82,37;PACK;DNW28R63G12E;DeWALT DNW28R63G12E — DNW28R63G12E Clou, Argent, Taille 34/63 mm, Set de 2200 Pièces;124,79;Quincaillerie;42,42;+51 %;référence seule (variante différente);mon prix est TRÈS au-dessus du prix idealo — ATTENTION : rapproché sur la référence seule, la version peut différer
DT9973;DeWALT DT9973 — DT9973;83,10;OUTIL;DT9973;DeWALT DT9973 — DT9973;125,74;Quincaillerie;42,64;+51 %;référence + variante;mon prix est TRÈS au-dessus du prix idealo
DWST60102-1;DeWALT DWST60102-1 — DWST60102-1;82,55;OUTIL;DWST60102-1;DeWALT DWST60102-1 — DWST60102-1;125,06;Quincaillerie;42,51;+51 %;référence + variante;mon prix est TRÈS au-dessus du prix idealo
DT8091-QZ;DeWalt 90 x 400 mm (DT8091-QZ);83,04;OUTIL;DT8091-QZ;DeWALT DT8091-QZ — 90 x 400 mm (DT8091-QZ);125,64;Quincaillerie;42,60;+51 %;référence + variante;mon prix est TRÈS au-dessus du prix idealo
DWMT19238;"Jeu de tournevis DeWalt DWMT19238; 37 unités";82,95;OUTIL;DWMT19238;"DeWALT DWMT19238 — Jeu de tournevis DeWalt DWMT19238; 37 unités";125,51;Quincaillerie;42,56;+51 %;référence + variante;mon prix est TRÈS au-dessus du prix idealo
DWMT74733;DEWALT Ensemble de clés mixtes à cliquet SAE, technologie à couple direct, étui verrouillable inclus, 8 pièces (DWMT7473;82,85;PACK;DWMT74733;DeWALT DWMT74733 — Ensemble de clés mixtes à cliquet SAE, technologie à couple direct, étui verrouillable inclus, 8 pièces (DWMT7473;125,42;Quincaillerie;42,57;+51 %;référence seule (variante différente);mon prix est TRÈS au-dessus du prix idealo — ATTENTION : rapproché sur la référence seule, la version peut différer
DCB1102MDR-QW;Dewalt DCB1102MDR-QW Pack 2 batteries 4.0Ah + 2.0Ah XR 18V Li-Ion + chargeur;134,72;PACK+1X4.0+CHARGEUR;DCB1102-QW;DeWALT DCB1102-QW — Chargeur 10.8V à 18V DCB1102-QW;67,60;Batteries et chargeurs;67,12;−50 %;référence seule (variante différente);mon prix est SOUS le prix idealo — ATTENTION : rapproché sur la référence seule, la version peut différer
DCD771S2-QW;DEWALT DCD771S2-QW;144,60;OUTIL;DCD771D2-QW;DeWALT DCD771D2-QW — DCD771D2-QW;217,60;Perçage, vissage et boulonnage;73,00;+50 %;référence + variante;mon prix est TRÈS au-dessus du prix idealo
DCB184;2 BATTERIES 18v DEWALT DCB184 5Ah LI-ION + CHARGEUR DCB1104;160,00;PACK+1X5+CHARGEUR;DCB184;DeWALT DCB184 — Batterie 18V XR Li-Ion 5,0 Ah (témoin de charge LED);80,39;Batteries et chargeurs;79,61;−50 %;référence seule (variante différente);mon prix est SOUS le prix idealo — ATTENTION : rapproché sur la référence seule, la version peut différer
DCF815N;DeWALT DCF815N — DCF815N;170,95;OUTIL;DCF815N;DeWALT DCF815N — DCF815N;256,08;Perçage, vissage et boulonnage;85,13;+50 %;référence + variante;mon prix est TRÈS au-dessus du prix idealo
DCF500N-XJ;DeWALT DCF500N-XJ — DCF500N-XJ;170,70;OUTIL;DCF500N-XJ;DeWALT DCF500N-XJ — DCF500N-XJ;255,71;Perçage, vissage et boulonnage;85,01;+50 %;référence + variante;mon prix est TRÈS au-dessus du prix idealo
DCF503N-XJ;DeWALT DCF503N-XJ — DCF503N-XJ;170,08;OUTIL;DCF503N-XJ;DeWALT DCF503N-XJ — DCF503N-XJ;254,95;Perçage, vissage et boulonnage;84,87;+50 %;référence + variante;mon prix est TRÈS au-dessus du prix idealo
DW341K;DeWALT DW341K — DW341K;168,49;OUTIL;DW341K;DeWALT DW341K — DW341K;252,90;Scies;84,41;+50 %;référence + variante;mon prix est TRÈS au-dessus du prix idealo
DCF504;DeWALT DCF504 — DCF504;168,49;OUTIL;DCF504;DeWALT DCF504 — DCF504;252,90;Perçage, vissage et boulonnage;84,41;+50 %;référence + variante;mon prix est TRÈS au-dessus du prix idealo
DCD991;DeWALT DCD991 — DCD991;168,08;OUTIL;DCD991;DeWALT DCD991 — DCD991;252,46;Perçage, vissage et boulonnage;84,38;+50 %;référence + variante;mon prix est TRÈS au-dessus du prix idealo
DCS380;DeWALT DCS380 — DCS380;167,00;OUTIL;DCS380;DeWALT DCS380 — DCS380;251,17;Scies;84,17;+50 %;référence + variante;mon prix est TRÈS au-dessus du prix idealo
DCDW104;DeWALT DCDW104 — DCDW104;166,44;OUTIL;DCDW104;DeWALT DCDW104 — DCDW104;250,49;Perçage, vissage et boulonnage;84,05;+50 %;référence + variante;mon prix est TRÈS au-dessus du prix idealo
DPN1664PP-XJ;DeWALT DPN1664PP-XJ — DPN1664PP-XJ;166,20;OUTIL;DPN1664PP-XJ;DeWALT DPN1664PP-XJ — DPN1664PP-XJ;250,13;Perçage, vissage et boulonnage;83,93;+50 %;référence + variante;mon prix est TRÈS au-dessus du prix idealo
D215852-XJ;DEWALT D215852-XJ-ramasseur D215851 eau pour;171,12;OUTIL;D215852-XJ;DeWALT D215852-XJ — D215852-XJ-ramasseur D215851 eau pour;256,16;Combos;85,04;+50 %;référence + variante;mon prix est TRÈS au-dessus du prix idealo
DCB1404-QW;DEWALT XR Chargeur QUADPORT 4A, DCB1404-QW;167,28;PACK+CHARGEUR;DCB1404-QW;DeWALT DCB1404-QW — XR Chargeur QUADPORT 4A, DCB1404-QW;251,42;Batteries et chargeurs;84,14;+50 %;référence seule (variante différente);mon prix est TRÈS au-dessus du prix idealo — ATTENTION : rapproché sur la référence seule, la version peut différer
DCH033N-XJ;DeWALT DCH033N-XJ — DCH033N-XJ;172,80;PACK;DCH033N-XJ;DeWALT DCH033N-XJ — DCH033N-XJ;258,34;Perforateurs;85,54;+50 %;référence seule (variante différente);mon prix est TRÈS au-dessus du prix idealo — ATTENTION : rapproché sur la référence seule, la version peut différer
DCV100P1;DeWalt DCV 100 P1 1 x 5Ah Battery with Charger;199,54;PACK+1X5+CHARGEUR;DCV100-XJ;DeWALT DCV100-XJ — Souffleur compact sans fil 18V XR (machine seule);98,78;Souffleurs;100,76;−50 %;référence seule (variante différente);mon prix est SOUS le prix idealo — ATTENTION : rapproché sur la référence seule, la version peut différer
DCG405P2;DeWalt DCG 405 P2 (sans mallette);319,37;PACK+COFFRET;DCG405N;DeWALT DCG405N — Meuleuse 125 mm 18V XR Brushless (outil nu);159,00;Meulage, découpe et polissage;160,37;−50 %;référence seule (variante différente);mon prix est SOUS le prix idealo — ATTENTION : rapproché sur la référence seule, la version peut différer
DCG405P2;DeWalt DCG 405 P2 (2x 5,0 Ah + charger);319,37;PACK+2X5.0+CHARGEUR;DCG405N;DeWALT DCG405N — Meuleuse 125 mm 18V XR Brushless (outil nu);159,00;Meulage, découpe et polissage;160,37;−50 %;référence seule (variante différente);mon prix est SOUS le prix idealo — ATTENTION : rapproché sur la référence seule, la version peut différer
DCS367NT-XJ;DEWALT - Scie Sabre Compact Brushless XR 18V Li-Ion - DCS367NT-XJ & Meuleuse Brushless XR 18V 5Ah Li-Ion - DCG406NT-XJ -;410,27;OUTIL+1X5;DCS367N-XJ;DeWALT DCS367N-XJ — Scie sabre compacte 18V XR Brushless (machine seule);204,95;Scies;205,32;−50 %;référence seule (variante différente);mon prix est SOUS le prix idealo — ATTENTION : rapproché sur la référence seule, la version peut différer
DCF512D1;DEWALT DCF512D1;440,66;PACK;DCF512N;"DeWALT DCF512N — Clé à cliquet 18V XR 1/2"" Brushless (produit seul)";218,59;Perçage, vissage et boulonnage;222,07;−50 %;référence seule (variante différente);mon prix est SOUS le prix idealo — ATTENTION : rapproché sur la référence seule, la version peut différer
DWE7492-QS;DeWALT DWE7492-QS — Scie sur table DWE7492-QS Ø250 mm;594,20;OUTIL;DWE7492-QS;DeWALT DWE7492-QS — Scie sur table DWE7492-QS Ø250 mm;889,00;Scies;294,80;+50 %;référence + variante;mon prix est TRÈS au-dessus du prix idealo
DCB548;Dewalt DCB548 Lot de 2 batteries XR Flexvolt 12 Ah 18 V/54 V + chargeur DCB118 Flev Volt;629,00;PACK+1X12+CHARGEUR;DCB548-XJ;DeWALT DCB548-XJ — Batterie XR 18V-54V 12Ah-4Ah Flexvolt DCB548-XJ;316,21;Batteries et chargeurs;312,79;−50 %;référence seule (variante différente);mon prix est SOUS le prix idealo — ATTENTION : rapproché sur la référence seule, la version peut différer
DCV584L-QW;Aspirateur DCV584L-QW + 2 batteries 18V/54V 9Ah-3Ah + 1 chargeur DCB118-QW DEWALT;593,90;PACK+1X9+CHARGEUR;DCV584L;DeWALT DCV584L — Aspirateur eau et poussière 18/54V FLEXVOLT ou secteur (classe L);294,40;Aspirateurs;299,50;−50 %;référence seule (variante différente);mon prix est SOUS le prix idealo — ATTENTION : rapproché sur la référence seule, la version peut différer
DCF964H2G-QW;Boulonneuse à chocs 3/4 pouces 18V - POWERSTACK - PACK GFN - DEWALT - DCF964H2G-QW;958,80;PACK;DCF964N-XJ;DeWALT DCF964N-XJ — DCF964N-XJ;476,84;Perçage, vissage et boulonnage;481,96;−50 %;référence seule (variante différente);mon prix est SOUS le prix idealo — ATTENTION : rapproché sur la référence seule, la version peut différer
DNBA1650SZ;DEWALT DNBA1650SZ Clous 20, Gris, Taille SS 50mm, Set de 2500 Pièces;86,35;PACK;DNBA1650SZ;DeWALT DNBA1650SZ — DNBA1650SZ Clous 20, Gris, Taille SS 50mm, Set de 2500 Pièces;129,70;Quincaillerie;43,35;+50 %;référence seule (variante différente);mon prix est TRÈS au-dessus du prix idealo — ATTENTION : rapproché sur la référence seule, la version peut différer
DS150;DeWALT DS150 — DS150;86,00;PACK;DS150;DeWALT DS150 — DS150;129,26;Quincaillerie;43,26;+50 %;référence seule (variante différente);mon prix est TRÈS au-dessus du prix idealo — ATTENTION : rapproché sur la référence seule, la version peut différer
DWMT75462-0;DeWALT DWMT75462-0 — DWMT75462-0;85,99;OUTIL;DWMT75462-0;DeWALT DWMT75462-0 — DWMT75462-0;129,24;Quincaillerie;43,25;+50 %;référence + variante;mon prix est TRÈS au-dessus du prix idealo
DT20775;DeWALT DT20775 — DT20775;85,90;PACK;DT20775;DeWALT DT20775 — DT20775;129,19;Quincaillerie;43,29;+50 %;référence seule (variante différente);mon prix est TRÈS au-dessus du prix idealo — ATTENTION : rapproché sur la référence seule, la version peut différer
DWST83522-1;DeWALT DWST83522-1 — DWST83522-1;85,90;OUTIL;DWST83522-1;DeWALT DWST83522-1 — DWST83522-1;129,19;Quincaillerie;43,29;+50 %;référence + variante;mon prix est TRÈS au-dessus du prix idealo
DE3474;DeWALT DE3474 — DE3474;85,68;OUTIL;DE3474;DeWALT DE3474 — DE3474;128,87;Quincaillerie;43,19;+50 %;référence + variante;mon prix est TRÈS au-dessus du prix idealo
DT9816-QZ;DeWalt SDS-plus 6x160x100 mm 50 pièces DT9816-QZ;86,58;OUTIL;DT9816-QZ;DeWALT DT9816-QZ — SDS-plus 6x160x100 mm 50 pièces DT9816-QZ;129,96;Quincaillerie;43,38;+50 %;référence + variante;mon prix est TRÈS au-dessus du prix idealo
DWST550114;DEWALT DWST550114 Pochette à Outils en Cuir pour électricien 8 Poches avec Boucles pour Marteau et chaîne à Ruban Marron;86,40;OUTIL;DWST550114;DeWALT DWST550114 — DWST550114 Pochette à Outils en Cuir pour électricien 8 Poches avec Boucles pour Marteau et chaîne à Ruban Marron;129,79;Quincaillerie;43,39;+50 %;référence + variante;mon prix est TRÈS au-dessus du prix idealo
DT6761-QZ;DeWalt HB SDS-max 50x107 mm DT6761-QZ;85,99;OUTIL;DT6761-QZ;DeWALT DT6761-QZ — HB SDS-max 50x107 mm DT6761-QZ;129,24;Quincaillerie;43,25;+50 %;référence + variante;mon prix est TRÈS au-dessus du prix idealo
DW3112;"DEWALT Lame de scie à onglet 25,4 cm (10"") - ATB - Entaille fine - Mandrin de 1,5 cm - 24 dents (DW3112)";85,90;OUTIL;DW3112;"DeWALT DW3112 — Lame de scie à onglet 25,4 cm (10"") - ATB - Entaille fine - Mandrin de 1,5 cm - 24 dents (DW3112)";129,19;Quincaillerie;43,29;+50 %;référence + variante;mon prix est TRÈS au-dessus du prix idealo
DT8972-QZ;DeWALT DT8972-QZ — DT8972-QZ;88,03;OUTIL;DT8972-QZ;DeWALT DT8972-QZ — DT8972-QZ;131,78;Quincaillerie;43,75;+50 %;référence + variante;mon prix est TRÈS au-dessus du prix idealo
DT6946-QZ;DeWALT DT6946-QZ — DT6946-QZ;87,48;OUTIL;DT6946-QZ;DeWALT DT6946-QZ — DT6946-QZ;131,14;Quincaillerie;43,66;+50 %;référence + variante;mon prix est TRÈS au-dessus du prix idealo
DWST40603-1;DeWALT DWST40603-1 — DWST40603-1;86,82;OUTIL;DWST40603-1;DeWALT DWST40603-1 — DWST40603-1;130,32;Quincaillerie;43,50;+50 %;référence + variante;mon prix est TRÈS au-dessus du prix idealo
DT8374-QZ;DeWALT DT8374-QZ — DT8374-QZ;86,76;OUTIL;DT8374-QZ;DeWALT DT8374-QZ — DT8374-QZ;130,22;Quincaillerie;43,46;+50 %;référence + variante;mon prix est TRÈS au-dessus du prix idealo
DWHT82811-0;DeWalt Coffret Pinces VDE, 3 Pièces (DWHT82811-0);87,53;PACK+COFFRET;DWHT82811-0;DeWALT DWHT82811-0 — Coffret Pinces VDE, 3 Pièces (DWHT82811-0);131,12;Quincaillerie;43,59;+50 %;référence seule (variante différente);mon prix est TRÈS au-dessus du prix idealo — ATTENTION : rapproché sur la référence seule, la version peut différer
DNBDA1538SZ;DeWALT DNBDA1538SZ Clavos 1,8mm x 38mm 15GA;87,17;OUTIL;DNBDA1538SZ;DeWALT DNBDA1538SZ — DNBDA1538SZ Clavos 1,8mm x 38mm 15GA;130,75;Quincaillerie;43,58;+50 %;référence + variante;mon prix est TRÈS au-dessus du prix idealo
DWST60106-1;DeWalt Panier porte-outils 51 cm DWST60106-1;87,04;OUTIL;DWST60106-1;DeWALT DWST60106-1 — Panier porte-outils 51 cm DWST60106-1;130,56;Quincaillerie;43,52;+50 %;référence + variante;mon prix est TRÈS au-dessus du prix idealo
DCB1880-XJ;DeWALT DCB1880-XJ — DCB1880-XJ;142,45;PACK;DCB1880-XJ;DeWALT DCB1880-XJ — DCB1880-XJ;212,68;Batteries et chargeurs;70,23;+49 %;référence seule (variante différente);mon prix est TRÈS au-dessus du prix idealo — ATTENTION : rapproché sur la référence seule, la version peut différer
DCM563PB-XJ;DeWalt - Taille-Haies Brushless XR 18V 5Ah Li-ION - DCM563PB-XJ - Taille Haie Électrique sans Fil & Recharge de Fil Coup;155,58;OUTIL+1X5;DCM563PB-XJ;DeWALT DCM563PB-XJ — Taille haie 18V 55 cm DCM563PB-XJ;231,32;Tronçonnage et élagage;75,74;+49 %;référence seule (variante différente);mon prix est TRÈS au-dessus du prix idealo — ATTENTION : rapproché sur la référence seule, la version peut différer
DXCMD155PE;DeWALT DXCMD155PE — DXCMD155PE;177,99;OUTIL;DXCMD155PE;DeWALT DXCMD155PE — DXCMD155PE;264,67;Accessoires;86,68;+49 %;référence + variante;mon prix est TRÈS au-dessus du prix idealo
DCS382N;DeWALT DCS382N — DCS382N;177,04;OUTIL;DCS382N;DeWALT DCS382N — DCS382N;263,44;Scies;86,40;+49 %;référence + variante;mon prix est TRÈS au-dessus du prix idealo
DCM561;DeWALT DCM561 — DCM561;176,50;PACK;DCM561;DeWALT DCM561 — DCM561;262,81;Tronçonnage et élagage;86,31;+49 %;référence seule (variante différente);mon prix est TRÈS au-dessus du prix idealo — ATTENTION : rapproché sur la référence seule, la version peut différer
DCF513N-XJ;DeWALT DCF513N-XJ — DCF513N-XJ;174,65;OUTIL;DCF513N-XJ;DeWALT DCF513N-XJ — DCF513N-XJ;260,58;Perçage, vissage et boulonnage;85,93;+49 %;référence + variante;mon prix est TRÈS au-dessus du prix idealo
TD.POWERSET5007;DeWALT TD.POWERSET5007 — TD.POWERSET5007;174,00;PACK;TD.POWERSET5007;DeWALT TD.POWERSET5007 — TD.POWERSET5007;259,79;Batteries et chargeurs;85,79;+49 %;référence seule (variante différente);mon prix est TRÈS au-dessus du prix idealo — ATTENTION : rapproché sur la référence seule, la version peut différer
DCD795NT-XJ;DeWalt DCD795NT-XJ Perceuse-visseuse compact 18 V sans batterie/accessoires avec T-Stak Box ii;178,20;PACK+COFFRET;DCD795NT-XJ;DeWALT DCD795NT-XJ — DCD795NT-XJ Perceuse-visseuse compact 18 V sans batterie/accessoires avec T-Stak Box ii;264,98;Perçage, vissage et boulonnage;86,78;+49 %;référence seule (variante différente);mon prix est TRÈS au-dessus du prix idealo — ATTENTION : rapproché sur la référence seule, la version peut différer
DWMT19230;DeWalt Ensemble de clés à cliquet métriques, 12 pièces (DWMT19230);176,87;PACK;DWMT19230;DeWALT DWMT19230 — Ensemble de clés à cliquet métriques, 12 pièces (DWMT19230);263,36;Perçage, vissage et boulonnage;86,49;+49 %;référence seule (variante différente);mon prix est TRÈS au-dessus du prix idealo — ATTENTION : rapproché sur la référence seule, la version peut différer
DT3115-QZ;DEWALT Ponceuse Excentrique XR 18V 125mm Brushless - Appareil Électrique Sans Fil - Régulateur de Vitesse - Prise en Mai;175,62;OUTIL;DT3115-QZ;DeWALT DT3115-QZ — Ponceuse Excentrique XR 18V 125mm Brushless - Appareil Électrique Sans Fil - Régulateur de Vitesse - Prise en Mai;261,67;Scies;86,05;+49 %;référence + variante;mon prix est TRÈS au-dessus du prix idealo
DCB1104-6;Pack de 6 chargeurs DeWALT DCB1104-6 (DCB1104 - 12V 18V);174,00;PACK+CHARGEUR;DCB1104-6;DeWALT DCB1104-6 — Pack de 6 chargeurs DeWALT DCB1104-6 (DCB1104 - 12V 18V);259,79;Batteries et chargeurs;85,79;+49 %;référence seule (variante différente);mon prix est TRÈS au-dessus du prix idealo — ATTENTION : rapproché sur la référence seule, la version peut différer
DCMBA572N;DeWALT DCMBA572N — DCMBA572N;178,98;PACK;DCMBA572N;DeWALT DCMBA572N — DCMBA572N;265,97;Tronçonnage et élagage;86,99;+49 %;référence seule (variante différente);mon prix est TRÈS au-dessus du prix idealo — ATTENTION : rapproché sur la référence seule, la version peut différer
DCS335NT;DEWALT DCS335NT;199,87;PACK;DCS335N-XJ;DeWALT DCS335N-XJ — Scie sauteuse 18V DCS335N-XJ;297,72;Scies;97,85;+49 %;référence seule (variante différente);mon prix est TRÈS au-dessus du prix idealo — ATTENTION : rapproché sur la référence seule, la version peut différer
DCF870P2T-QW;Dewalt DCF870P2T-QW Visseuse à chocs Hydraulique XR 18V 1/4″ Brushless 2 x 5,0Ah Batteries + chargeur en Coffret TSTAK;362,75;PACK+2X5.0+COFFRET+CHARGEUR;DCF870N-XJ;DeWALT DCF870N-XJ — Visseuse à chocs hydraulique 18V XR (machine seule);185,74;Perçage, vissage et boulonnage;177,01;−49 %;référence seule (variante différente);mon prix est SOUS le prix idealo — ATTENTION : rapproché sur la référence seule, la version peut différer
DNM40R40GZ;DeWALT DNM40R40GZ Clous anneau GAL, Argent, 4x40mm Set de 2000 Pieces;91,27;PACK;DNM40R40GZ;DeWALT DNM40R40GZ — DNM40R40GZ Clous anneau GAL, Argent, 4x40mm Set de 2000 Pieces;135,72;Quincaillerie;44,45;+49 %;référence seule (variante différente);mon prix est TRÈS au-dessus du prix idealo — ATTENTION : rapproché sur la référence seule, la version peut différer
DT3888;DeWALT DT3888 — DT3888;89,65;OUTIL;DT3888;DeWALT DT3888 — DT3888;133,75;Quincaillerie;44,10;+49 %;référence + variante;mon prix est TRÈS au-dessus du prix idealo
DT9943;DeWALT DT9943 — DT9943;89,51;OUTIL;DT9943;DeWALT DT9943 — DT9943;133,64;Quincaillerie;44,13;+49 %;référence + variante;mon prix est TRÈS au-dessus du prix idealo
DT2186-QZ;DeWALT DT2186-QZ — DT2186-QZ;88,90;OUTIL;DT2186-QZ;DeWALT DT2186-QZ — DT2186-QZ;132,82;Quincaillerie;43,92;+49 %;référence + variante;mon prix est TRÈS au-dessus du prix idealo
DWST60101-9;DeWalt McLaren sac à dos d'outillage avec roulettes et poignée télescopique (DWST60101-9);89,75;PACK;DWST60101-9;DeWALT DWST60101-9 — McLaren sac à dos d'outillage avec roulettes et poignée télescopique (DWST60101-9);133,91;Quincaillerie;44,16;+49 %;référence seule (variante différente);mon prix est TRÈS au-dessus du prix idealo — ATTENTION : rapproché sur la référence seule, la version peut différer
DT3889-QZ;DEWALT DT3889-QZ DT3889-QZ-Coronas de Diamante en Seco;89,58;OUTIL;DT3889-QZ;DeWALT DT3889-QZ — DT3889-QZ DT3889-QZ-Coronas de Diamante en Seco;133,66;Quincaillerie;44,08;+49 %;référence + variante;mon prix est TRÈS au-dessus du prix idealo
DT6837-QZ;DeWalt 38 x 280mm (DT6837-QZ);89,51;OUTIL;DT6837-QZ;DeWALT DT6837-QZ — 38 x 280mm (DT6837-QZ);133,64;Quincaillerie;44,13;+49 %;référence + variante;mon prix est TRÈS au-dessus du prix idealo
DT5563;DeWalt EXTREME 2 HSS-G Foret métal 13 x 151 x 98 mm Grand pack (DT5563);88,88;PACK;DT5563;DeWALT DT5563 — EXTREME 2 HSS-G Foret métal 13 x 151 x 98 mm Grand pack (DT5563);132,79;Quincaillerie;43,91;+49 %;référence seule (variante différente);mon prix est TRÈS au-dessus du prix idealo — ATTENTION : rapproché sur la référence seule, la version peut différer
DWMT19261-0;DEWALT DWMT19261-0 fr Jeu de clés à douilles métriques de cliquet, 7 pcs.;88,71;OUTIL;DWMT19261-0;DeWALT DWMT19261-0 — DWMT19261-0 fr Jeu de clés à douilles métriques de cliquet, 7 pcs.;132,62;Quincaillerie;43,91;+49 %;référence + variante;mon prix est TRÈS au-dessus du prix idealo
DT4376-QZ;DeWALT DT4376-QZ — DT4376-QZ;90,87;OUTIL;DT4376-QZ;DeWALT DT4376-QZ — DT4376-QZ;135,30;Quincaillerie;44,43;+49 %;référence + variante;mon prix est TRÈS au-dessus du prix idealo
DT5929-QZ;DeWALT DT5929-QZ — DT5929-QZ;90,68;OUTIL;DT5929-QZ;DeWALT DT5929-QZ — DT5929-QZ;135,02;Quincaillerie;44,34;+49 %;référence + variante;mon prix est TRÈS au-dessus du prix idealo
DT2976;DeWalt Lame alligator brique DT2976;91,19;OUTIL;DT2976;DeWALT DT2976 — Lame alligator brique DT2976;135,70;Quincaillerie;44,51;+49 %;référence + variante;mon prix est TRÈS au-dessus du prix idealo
DT9444-QZ;DeWalt SDS-max 40x380x250 mm DT9444-QZ;90,99;OUTIL;DT9444-QZ;DeWALT DT9444-QZ — SDS-max 40x380x250 mm DT9444-QZ;135,40;Quincaillerie;44,41;+49 %;référence + variante;mon prix est TRÈS au-dessus du prix idealo
DEWDE0733;DeWalt Trépied pour DEWDE0733 et DE0733-XJ;90,10;OUTIL;DEWDE0733;DeWALT DEWDE0733 — Trépied pour DEWDE0733 et DE0733-XJ;134,34;Quincaillerie;44,24;+49 %;référence + variante;mon prix est TRÈS au-dessus du prix idealo
DW264K;DeWALT DW264K — DW264K;181,92;OUTIL;DW264K;DeWALT DW264K — DW264K;269,42;Perçage, vissage et boulonnage;87,50;+48 %;référence + variante;mon prix est TRÈS au-dessus du prix idealo
DWE4557;DeWALT DWE4557 — DWE4557;181,90;OUTIL;DWE4557;DeWALT DWE4557 — DWE4557;269,39;Meulage, découpe et polissage;87,49;+48 %;référence + variante;mon prix est TRÈS au-dessus du prix idealo
DWD524KS;DeWALT DWD524KS — DWD524KS;181,55;OUTIL;DWD524KS;DeWALT DWD524KS — DWD524KS;269,05;Perçage, vissage et boulonnage;87,50;+48 %;référence + variante;mon prix est TRÈS au-dessus du prix idealo
DCK211D2T-QW;DeWALT DCK211D2T-QW — DCK211D2T-QW;181,25;PACK;DCK211D2T-QW;DeWALT DCK211D2T-QW — DCK211D2T-QW;268,61;Combos;87,36;+48 %;référence seule (variante différente);mon prix est TRÈS au-dessus du prix idealo — ATTENTION : rapproché sur la référence seule, la version peut différer
DCD999;DeWALT DCD999N-XJ — Perceuse-visseuse à percussion 18V DCD999N-XJ;179,90;OUTIL;DCD999N-XJ;DeWALT DCD999N-XJ — Perceuse-visseuse à percussion 18V DCD999N-XJ;266,98;Perçage, vissage et boulonnage;87,08;+48 %;référence + variante;mon prix est TRÈS au-dessus du prix idealo
DCL043-XJ;DEWALT Projecteur de Chantier Compact XR Sans Fil - Sans Batterie Ni Chargeur & Lampe Projecteur LED XR 18V, 1.000 lumen;180,93;PACK+CHARGEUR;DCL043-XJ;DeWALT DCL043-XJ — Projecteur de Chantier Compact XR Sans Fil - Sans Batterie Ni Chargeur & Lampe Projecteur LED XR 18V, 1.000 lumen;268,32;Accessoires;87,39;+48 %;référence seule (variante différente);mon prix est TRÈS au-dessus du prix idealo — ATTENTION : rapproché sur la référence seule, la version peut différer
DCHJ080B-XL;DEWALT DCHJ080B-XL DCHJ080B Sweat à capuche chauffant Gris XL;180,07;OUTIL;DCHJ080B-XL;DeWALT DCHJ080B-XL — DCHJ080B-XL DCHJ080B Sweat à capuche chauffant Gris XL;267,23;Combos;87,16;+48 %;référence + variante;mon prix est TRÈS au-dessus du prix idealo
DCG413N;Meuleuse d'angle sans fil DeWalt 115 mm avec interrupteur à bascule 18 V, sans batterie DCG413N;179,92;OUTIL;DCG413N;DeWALT DCG413N — Meuleuse d'angle sans fil DeWalt 115 mm avec interrupteur à bascule 18 V, sans batterie DCG413N;267,00;Meulage, découpe et polissage;87,08;+48 %;référence + variante;mon prix est TRÈS au-dessus du prix idealo
D28492S;DeWALT D28492S — D28492S;186,96;OUTIL;D28492S;DeWALT D28492S — D28492S;275,77;Meulage, découpe et polissage;88,81;+48 %;référence + variante;mon prix est TRÈS au-dessus du prix idealo
DCH253N;DeWALT DCH253N — DCH253N;185,28;OUTIL;DCH253N;DeWALT DCH253N — DCH253N;273,66;Perforateurs;88,38;+48 %;référence + variante;mon prix est TRÈS au-dessus du prix idealo
DWE575K;DeWALT DWE575K — DWE575K;185,28;OUTIL;DWE575K;DeWALT DWE575K — DWE575K;273,66;Scies;88,38;+48 %;référence + variante;mon prix est TRÈS au-dessus du prix idealo
DCF887P1;Clé à chocs DeWALT DCF887P1 (1 x 5,0 Ah + DCB115 + TSTAK II);210,00;PACK+1X5.0+COFFRET;DCF887P2;"DeWALT DCF887P2 — Visseuse a chocs 1/4"" XR 18V (2x5Ah + chargeur + TSTAK)";310,37;Perçage, vissage et boulonnage;100,37;+48 %;référence seule (variante différente);mon prix est TRÈS au-dessus du prix idealo — ATTENTION : rapproché sur la référence seule, la version peut différer
DCB205;DeWALT DCB205 Non-Batterie Rechargeable-Piles;242,60;PACK;DCB205;DeWALT DCB205 — DCB205 Non-Batterie Rechargeable-Piles;359,89;Batteries et chargeurs;117,29;+48 %;référence seule (variante différente);mon prix est TRÈS au-dessus du prix idealo — ATTENTION : rapproché sur la référence seule, la version peut différer
DCV584L-QW;Aspirateur DCV584L-QW + 2 batteries 18V/54V 6Ah-2Ah + 1 chargeur DCB118-QW DEWALT;564,90;PACK+1X6+CHARGEUR;DCV584L;DeWALT DCV584L — Aspirateur eau et poussière 18/54V FLEXVOLT ou secteur (classe L);294,40;Aspirateurs;270,50;−48 %;référence seule (variante différente);mon prix est SOUS le prix idealo — ATTENTION : rapproché sur la référence seule, la version peut différer
DCS578T2;DEWALT DCS578T2;701,01;PACK;DCS578NT-XJ;DeWALT DCS578NT-XJ — DCS578NT-XJ;364,67;Scies;336,34;−48 %;référence seule (variante différente);mon prix est SOUS le prix idealo — ATTENTION : rapproché sur la référence seule, la version peut différer
DT9448-QZ;DeWalt SDS-max 45x570x450 mm DT9448-QZ;123,98;OUTIL;DT9448-QZ;DeWALT DT9448-QZ — SDS-max 45x570x450 mm DT9448-QZ;183,40;Quincaillerie;59,42;+48 %;référence + variante;mon prix est TRÈS au-dessus du prix idealo
DNBA1632SZ;DeWALT Clous pour cloueurs de finition sans fil SS, inoxydable, 32 mm, 2500 pièces - DNBA1632SZ;92,14;OUTIL;DNBA1632SZ;DeWALT DNBA1632SZ — Clous pour cloueurs de finition sans fil SS, inoxydable, 32 mm, 2500 pièces - DNBA1632SZ;136,82;Quincaillerie;44,68;+48 %;référence + variante;mon prix est TRÈS au-dessus du prix idealo
DT8356-QZ;DeWALT DT8356-QZ — DT8356-QZ;95,62;OUTIL;DT8356-QZ;DeWALT DT8356-QZ — DT8356-QZ;141,13;Quincaillerie;45,51;+48 %;référence + variante;mon prix est TRÈS au-dessus du prix idealo
DT4346-QZ;DeWALT DT4346-QZ — DT4346-QZ;94,98;OUTIL;DT4346-QZ;DeWALT DT4346-QZ — DT4346-QZ;140,28;Quincaillerie;45,30;+48 %;référence + variante;mon prix est TRÈS au-dessus du prix idealo
DT8353-QZ;DeWALT DT8353-QZ — DT8353-QZ;93,26;OUTIL;DT8353-QZ;DeWALT DT8353-QZ — DT8353-QZ;138,22;Quincaillerie;44,96;+48 %;référence + variante;mon prix est TRÈS au-dessus du prix idealo
DE0736;DeWALT DE0736 — DE0736;93,13;OUTIL;DE0736;DeWALT DE0736 — DE0736;138,02;Quincaillerie;44,89;+48 %;référence + variante;mon prix est TRÈS au-dessus du prix idealo
DT8412-XJ;DeWALT DT8412-XJ — DT8412-XJ;92,62;OUTIL;DT8412-XJ;DeWALT DT8412-XJ — DT8412-XJ;137,45;Quincaillerie;44,83;+48 %;référence + variante;mon prix est TRÈS au-dessus du prix idealo
DWMT19237-1;DeWalt Jeu de clés mixtes 18 pièces métriques (DWMT19237-1);96,04;OUTIL;DWMT19237-1;DeWALT DWMT19237-1 — Jeu de clés mixtes 18 pièces métriques (DWMT19237-1);141,66;Quincaillerie;45,62;+48 %;référence + variante;mon prix est TRÈS au-dessus du prix idealo
DT20451-QZ;DeWalt EXTREME Full Carbide SDS-plus Set Forets à Percussion 8x160x100mm (DT20451-QZ);94,99;PACK;DT20451-QZ;DeWALT DT20451-QZ — EXTREME Full Carbide SDS-plus Set Forets à Percussion 8x160x100mm (DT20451-QZ);140,30;Quincaillerie;45,31;+48 %;référence seule (variante différente);mon prix est TRÈS au-dessus du prix idealo — ATTENTION : rapproché sur la référence seule, la version peut différer
DNBT1840SZ;DEWALT DNBT1840SZ Clous DNBT, Argent, 40mm, Set de 5000 Pièces;94,87;PACK;DNBT1840SZ;DeWALT DNBT1840SZ — DNBT1840SZ Clous DNBT, Argent, 40mm, Set de 5000 Pièces;140,22;Quincaillerie;45,35;+48 %;référence seule (variante différente);mon prix est TRÈS au-dessus du prix idealo — ATTENTION : rapproché sur la référence seule, la version peut différer
DNR3125GZ;DeWalt Clou de bobine DNR3125GZ 25mm galvanisé, 7200 pièces (DNR3125GZ);94,63;OUTIL;DNR3125GZ;DeWALT DNR3125GZ — Clou de bobine DNR3125GZ 25mm galvanisé, 7200 pièces (DNR3125GZ);139,86;Quincaillerie;45,23;+48 %;référence + variante;mon prix est TRÈS au-dessus du prix idealo
DWA4204;DeWALT Dwa4204 Large Titanium oscillant Lame de bois avec des Clous, DWA4204;94,39;OUTIL;DWA4204;DeWALT DWA4204 — Dwa4204 Large Titanium oscillant Lame de bois avec des Clous, DWA4204;139,61;Quincaillerie;45,22;+48 %;référence + variante;mon prix est TRÈS au-dessus du prix idealo
DT6771-QZ;DeWalt DT6771-QZ - Adaptador para corona perforadora SDS-Max 400mm;93,99;OUTIL;DT6771-QZ;DeWALT DT6771-QZ — DT6771-QZ - Adaptador para corona perforadora SDS-Max 400mm;139,10;Quincaillerie;45,11;+48 %;référence + variante;mon prix est TRÈS au-dessus du prix idealo
DWST550115;DeWalt DWST550115 Pochette à outils en cuir et ceinture - Quantité 5;93,46;OUTIL;DWST550115;DeWALT DWST550115 — DWST550115 Pochette à outils en cuir et ceinture - Quantité 5;138,42;Quincaillerie;44,96;+48 %;référence + variante;mon prix est TRÈS au-dessus du prix idealo
DT20461-QZ;DeWalt ELITE SERIES™ Disque Diamant All Purpose 355x25,4mm (DT20461-QZ);93,13;OUTIL;DT20461-QZ;DeWALT DT20461-QZ — ELITE SERIES™ Disque Diamant All Purpose 355x25,4mm (DT20461-QZ);138,02;Quincaillerie;44,89;+48 %;référence + variante;mon prix est TRÈS au-dessus du prix idealo
DCB184-XJ;DeWalt 2x DCB184-XJ XR 5.0 Ah;152,73;OUTIL+1X5.0;DCB184;DeWALT DCB184 — Batterie 18V XR Li-Ion 5,0 Ah (témoin de charge LED);80,39;Batteries et chargeurs;72,34;−47 %;référence + variante;mon prix est SOUS le prix idealo
DCF901NT;DeWALT DCF901NT — DCF901NT;190,00;OUTIL;DCF901NT;DeWALT DCF901NT — DCF901NT;279,49;Perçage, vissage et boulonnage;89,49;+47 %;référence + variante;mon prix est TRÈS au-dessus du prix idealo
DCM562P1;DeWALT DCM562P1 — DCM562P1;188,38;PACK;DCM562P1;DeWALT DCM562P1 — DCM562P1;277,49;Tronçonnage et élagage;89,11;+47 %;référence seule (variante différente);mon prix est TRÈS au-dessus du prix idealo — ATTENTION : rapproché sur la référence seule, la version peut différer
DCDW105;DeWALT DCDW105 — DCDW105;186,34;OUTIL;DCDW105;DeWALT DCDW105 — DCDW105;274,85;Perçage, vissage et boulonnage;88,51;+47 %;référence + variante;mon prix est TRÈS au-dessus du prix idealo
DWE576K-QS;DeWALT DWE576K-QS — Scie circulaire 1600 W 190 mm DWE576K-QS;194,90;OUTIL;DWE576K-QS;DeWALT DWE576K-QS — Scie circulaire 1600 W 190 mm DWE576K-QS;285,53;Scies;90,63;+47 %;référence + variante;mon prix est TRÈS au-dessus du prix idealo
DCS373N;DeWALT DCS373N — DCS373N;194,27;OUTIL;DCS373N;DeWALT DCS373N — DCS373N;284,80;Scies;90,53;+47 %;référence + variante;mon prix est TRÈS au-dessus du prix idealo
DEWDCS565N;DeWALT DEWDCS565N — DEWDCS565N;193,13;OUTIL;DEWDCS565N;DeWALT DEWDCS565N — DEWDCS565N;283,32;Scies;90,19;+47 %;référence + variante;mon prix est TRÈS au-dessus du prix idealo
DCDW107;DeWALT DCDW107 — DCDW107;192,02;OUTIL;DCDW107;DeWALT DCDW107 — DCDW107;281,88;Perçage, vissage et boulonnage;89,86;+47 %;référence + variante;mon prix est TRÈS au-dessus du prix idealo
DCMAS5713N;DeWALT DCMAS5713N — DCMAS5713N;191,90;PACK;DCMAS5713N;DeWALT DCMAS5713N — DCMAS5713N;281,71;Tronçonnage et élagage;89,81;+47 %;référence seule (variante différente);mon prix est TRÈS au-dessus du prix idealo — ATTENTION : rapproché sur la référence seule, la version peut différer
D25144K-QS;DEWALT - Perforateur SDS-PLUS 3J - D25144K-QS - Marteau Perforateur Puissant à 3 Modes avec Coffret de Transport & Jeu d;193,14;PACK+COFFRET;D25144K-QS;DeWALT D25144K-QS — Référence D25144K-QS — descriptif à compléter;283,33;Combos;90,19;+47 %;référence seule (variante différente);mon prix est TRÈS au-dessus du prix idealo — ATTENTION : rapproché sur la référence seule, la version peut différer
DPC6MRC-QS;DEWALT DEWALT Compresseur de montage DPC6MRC-QS Quantité:1;193,98;OUTIL;DPC6MRC-QS;DeWALT DPC6MRC-QS — DEWALT Compresseur de montage DPC6MRC-QS Quantité:1;284,38;Accessoires;90,40;+47 %;référence + variante;mon prix est TRÈS au-dessus du prix idealo
DCDW106-XJ;"DeWalt Couronne de perçage à eau diamantée 122mm, longueur de travail 400mm, 1 1/4"" UNC (DCDW106-XJ)";192,02;OUTIL;DCDW106-XJ;"DeWALT DCDW106-XJ — Couronne de perçage à eau diamantée 122mm, longueur de travail 400mm, 1 1/4"" UNC (DCDW106-XJ)";281,88;Perçage, vissage et boulonnage;89,86;+47 %;référence + variante;mon prix est TRÈS au-dessus du prix idealo
DCK266NT;Dewalt DCK266NT Perceuse visseuse à percussion (DCD796) Visseuse à chocs (DCF887) - (sans batterie ni chargeur) en TSTAK;191,48;PACK+COFFRET+CHARGEUR;DCK266NT;DeWALT DCK266NT — DCK266NT Perceuse visseuse à percussion (DCD796) Visseuse à chocs (DCF887) - (sans batterie ni chargeur) en TSTAK;281,28;Combos;89,80;+47 %;référence seule (variante différente);mon prix est TRÈS au-dessus du prix idealo — ATTENTION : rapproché sur la référence seule, la version peut différer
DCD791E1;DeWalt DCD 791 E1 Perceuse-visseuse sans fil 18 V 70 Nm Brushless + 1x batterie Powerstack 1,7 Ah + chargeur;206,11;PACK+1X1.7+CHARGEUR;DCD791N;DeWALT DCD791N — Perceuse-visseuse 18V DCD791N;302,84;Perçage, vissage et boulonnage;96,73;+47 %;référence seule (variante différente);mon prix est TRÈS au-dessus du prix idealo — ATTENTION : rapproché sur la référence seule, la version peut différer
DCD796M2;Dewalt DCD796M2 Perceuse à percussion 18V XR (2x 4,0Ah) + chargeur en TSTAK;239,42;PACK+2X4.0+COFFRET+CHARGEUR;DCD796NT-XJ;DeWALT DCD796NT-XJ — Perceuse visseuse à percussion 18V DCD796NT-XJ;352,09;Perçage, vissage et boulonnage;112,67;+47 %;référence seule (variante différente);mon prix est TRÈS au-dessus du prix idealo — ATTENTION : rapproché sur la référence seule, la version peut différer
DCF899NT-XJ;DeWalt - Boulonneuse à Chocs 1/2' Brushless XR 18V 5Ah Li-ion - DCF899NT-XJ - Visseuse a Choc sans Fil avec Coffret & Co;293,71;PACK+1X5+COFFRET;DCF899P2;"DeWALT DCF899P2 — Boulonneuse à chocs 1/2"" 18V XR 950 Nm (2×5,0 Ah + chargeur + coffret TSTAK)";431,24;Perçage, vissage et boulonnage;137,53;+47 %;référence seule (variante différente);mon prix est TRÈS au-dessus du prix idealo — ATTENTION : rapproché sur la référence seule, la version peut différer
DCG405M2;Dewalt DCG405M2 Set meuleuse dangle Li-Ion 18V XR(2x batterie 4.0Ah) dans TSTAK - 125mm - moteur brushless;299,74;PACK+1X4.0+COFFRET;DCG405N;DeWALT DCG405N — Meuleuse 125 mm 18V XR Brushless (outil nu);159,00;Meulage, découpe et polissage;140,74;−47 %;référence seule (variante différente);mon prix est SOUS le prix idealo — ATTENTION : rapproché sur la référence seule, la version peut différer
DCG405H1T-QW;Dewalt DCG405H1T-QW Set meuleuse dangle Li-Ion 18V XR (1 x batterie Powerstack 5.0Ah) dans TSTAK - 125mm - moteur brushl;298,71;PACK+1X5.0+COFFRET;DCG405N;DeWALT DCG405N — Meuleuse 125 mm 18V XR Brushless (outil nu);159,00;Meulage, découpe et polissage;139,71;−47 %;référence seule (variante différente);mon prix est SOUS le prix idealo — ATTENTION : rapproché sur la référence seule, la version peut différer
DCS367NT-XJ;Scie sabre XR 18V DCS367NT-XJ + 2 batteries 18V 5 Ah + 1 chargeur DCB1104-QW DEWALT;389,90;PACK+1X5+CHARGEUR;DCS367N-XJ;DeWALT DCS367N-XJ — Scie sabre compacte 18V XR Brushless (machine seule);204,95;Scies;184,95;−47 %;référence seule (variante différente);mon prix est SOUS le prix idealo — ATTENTION : rapproché sur la référence seule, la version peut différer
DCF921P2LRT;DEWALT Clé à chocs sans fil 1/2'', 2 batteries 5,0 Ah Lanyard Ready, chargeur DCF921P2LRT;387,64;PACK+1X5.0+CHARGEUR;DCF921N-XJ;DeWALT DCF921N-XJ — DCF921N-XJ;206,95;Perçage, vissage et boulonnage;180,69;−47 %;référence seule (variante différente);mon prix est SOUS le prix idealo — ATTENTION : rapproché sur la référence seule, la version peut différer
DFS9150B1G-QZ;DEWALT DFS9150B1G-QZ Grapas 40mm x 960;96,24;OUTIL;DFS9150B1G-QZ;DeWALT DFS9150B1G-QZ — DFS9150B1G-QZ Grapas 40mm x 960;141,85;Quincaillerie;45,61;+47 %;référence + variante;mon prix est TRÈS au-dessus du prix idealo
DNPT28R;Pack de 2200 pointes crantées électro-zinguées 33° DEWALT DNPT28R;83,19;PACK;DNPT28R63G12Z;DeWALT DNPT28R63G12Z — DNPT28R63G12Z - Cabeza redonda galvanizada 2.8x63mm;122,59;Quincaillerie;39,40;+47 %;référence seule (variante différente);mon prix est TRÈS au-dessus du prix idealo — ATTENTION : rapproché sur la référence seule, la version peut différer
DNF55;DEWALT PowerCoil ongles DNF 55 mm 12.6 KST. Bague Tige, 1 pièce, dnf23r55e;96,33;OUTIL;DNF55;DeWALT DNF55 — PowerCoil ongles DNF 55 mm 12.6 KST. Bague Tige, 1 pièce, dnf23r55e;142,00;Quincaillerie;45,67;+47 %;référence + variante;mon prix est TRÈS au-dessus du prix idealo
DE1000;DEWALT DE1000 Support universel (Import Grande Bretagne);96,42;ACCESSOIRE;DE1000;DeWALT DE1000 — DE1000 Support universel (Import Grande Bretagne);142,13;Quincaillerie;45,71;+47 %;référence + variante;mon prix est TRÈS au-dessus du prix idealo
DXTT-2-942;DeWalt Ausziehbarer Griff pour Trockenbauwände 94 cm - 160 cm DXTT-2-942;95,75;OUTIL;DXTT-2-942;DeWALT DXTT-2-942 — Ausziehbarer Griff pour Trockenbauwände 94 cm - 160 cm DXTT-2-942;141,23;Quincaillerie;45,48;+47 %;référence + variante;mon prix est TRÈS au-dessus du prix idealo
DT4942-QZ;DeWALT DT4942-QZ — DT4942-QZ;99,17;OUTIL;DT4942-QZ;DeWALT DT4942-QZ — DT4942-QZ;145,49;Quincaillerie;46,32;+47 %;référence + variante;mon prix est TRÈS au-dessus du prix idealo
DT2979;DeWALT DT2979 — DT2979;97,90;OUTIL;DT2979;DeWALT DT2979 — DT2979;143,92;Quincaillerie;46,02;+47 %;référence + variante;mon prix est TRÈS au-dessus du prix idealo
DT70620T;DeWALT DT70620T — DT70620T;96,73;OUTIL;DT70620T;DeWALT DT70620T — DT70620T;142,49;Quincaillerie;45,76;+47 %;référence + variante;mon prix est TRÈS au-dessus du prix idealo
DT6934-QZ;DeWalt 127 x 445 mm (DT6934-QZ);99,82;OUTIL;DT6934-QZ;DeWALT DT6934-QZ — 127 x 445 mm (DT6934-QZ);146,34;Quincaillerie;46,52;+47 %;référence + variante;mon prix est TRÈS au-dessus du prix idealo
DT4358QZ;DeWalt Extreme 315 x 30 x 3,0 72WZ (DT4358QZ);97,63;OUTIL;DT4358QZ;DeWALT DT4358QZ — Extreme 315 x 30 x 3,0 72WZ (DT4358QZ);143,62;Quincaillerie;45,99;+47 %;référence + variante;mon prix est TRÈS au-dessus du prix idealo
DT6764-QZ;DeWalt HB SDS-max 90x107 mm DT6764-QZ;97,37;OUTIL;DT6764-QZ;DeWALT DT6764-QZ — HB SDS-max 90x107 mm DT6764-QZ;143,23;Quincaillerie;45,86;+47 %;référence + variante;mon prix est TRÈS au-dessus du prix idealo
DT8266;DeWalt Scie cloche bi-métal 177 mm (DT8266);97,32;OUTIL;DT8266;DeWALT DT8266 — Scie cloche bi-métal 177 mm (DT8266);143,26;Quincaillerie;45,94;+47 %;référence + variante;mon prix est TRÈS au-dessus du prix idealo
DNF64;DEWALT dnf23r64e PowerCoil ongles DNF 64 mm 10,5 KST. Anneau Tige, Lot de 6;97,12;PACK;DNF64;DeWALT DNF64 — dnf23r64e PowerCoil ongles DNF 64 mm 10,5 KST. Anneau Tige, Lot de 6;142,96;Quincaillerie;45,84;+47 %;référence seule (variante différente);mon prix est TRÈS au-dessus du prix idealo — ATTENTION : rapproché sur la référence seule, la version peut différer
DNBT1850SZ;DEWALT DNBT1850SZ - Puntas Brad 1,25mm x 50mm 18GA Acero inox316;97,02;OUTIL;DNBT1850SZ;DeWALT DNBT1850SZ — DNBT1850SZ - Puntas Brad 1,25mm x 50mm 18GA Acero inox316;142,81;Quincaillerie;45,79;+47 %;référence + variante;mon prix est TRÈS au-dessus du prix idealo
DT9687;Foret SDS-plus 4 TAILLANTS 22x450x400mm DT9687;96,82;OUTIL;DT9687;DeWALT DT9687 — Foret SDS-plus 4 TAILLANTS 22x450x400mm DT9687;142,62;Quincaillerie;45,80;+47 %;référence + variante;mon prix est TRÈS au-dessus du prix idealo
DW5891;DEWALT Adaptateur SDS Max vers SDS+ (DW5891);100,04;ACCESSOIRE;DW5891;DeWALT DW5891 — Adaptateur SDS Max vers SDS+ (DW5891);146,56;Quincaillerie;46,52;+47 %;référence + variante;mon prix est TRÈS au-dessus du prix idealo
DT9617-QZ;DeWalt SDS-plus 26x800x750 mm DT9617-QZ;107,03;OUTIL;DT9617-QZ;DeWALT DT9617-QZ — SDS-plus 26x800x750 mm DT9617-QZ;156,96;Quincaillerie;49,93;+47 %;référence + variante;mon prix est TRÈS au-dessus du prix idealo
DNW28R50G12E;DeWalt DNW28R50G12E;85,14;OUTIL;DNW28R63G12E;DeWALT DNW28R63G12E — DNW28R63G12E Clou, Argent, Taille 34/63 mm, Set de 2200 Pièces;124,79;Quincaillerie;39,65;+47 %;référence + variante;mon prix est TRÈS au-dessus du prix idealo
DCB107;DeWalt XR Power Set / 2 x 18V 4,0 Ah + DCB107;152,00;PACK+1X4.0;DCB107-QW;DeWALT DCB107-QW — Chargeur 10.8-18V DCB107-QW;82,38;Batteries et chargeurs;69,62;−46 %;référence seule (variante différente);mon prix est SOUS le prix idealo — ATTENTION : rapproché sur la référence seule, la version peut différer
D21441;DeWALT D21441 — D21441;195,99;OUTIL;D21441;DeWALT D21441 — D21441;286,73;Perçage, vissage et boulonnage;90,74;+46 %;référence + variante;mon prix est TRÈS au-dessus du prix idealo
DCF860N-XJ;DeWALT DCF860N-XJ — DCF860N-XJ;195,92;OUTIL;DCF860N-XJ;DeWALT DCF860N-XJ — DCF860N-XJ;286,82;Perçage, vissage et boulonnage;90,90;+46 %;référence + variante;mon prix est TRÈS au-dessus du prix idealo
D25144K-QS;DeWALT D25144K-QS — Référence D25144K-QS — descriptif à compléter;193,99;OUTIL;D25144K-QS;DeWALT D25144K-QS — Référence D25144K-QS — descriptif à compléter;283,33;Combos;89,34;+46 %;référence + variante;mon prix est TRÈS au-dessus du prix idealo
DCD790D2;DeWALT DCD790D2 — DCD790D2;199,90;PACK;DCD790D2;DeWALT DCD790D2 — DCD790D2;291,66;Perçage, vissage et boulonnage;91,76;+46 %;référence seule (variante différente);mon prix est TRÈS au-dessus du prix idealo — ATTENTION : rapproché sur la référence seule, la version peut différer
DWE4559;DeWALT DWE4559 — DWE4559;199,00;OUTIL;DWE4559;DeWALT DWE4559 — DWE4559;290,54;Meulage, découpe et polissage;91,54;+46 %;référence + variante;mon prix est TRÈS au-dessus du prix idealo
DWE4357-QS;DeWALT DWE4357-QS — DWE4357-QS;197,90;OUTIL;DWE4357-QS;DeWALT DWE4357-QS — DWE4357-QS;289,13;Meulage, découpe et polissage;91,23;+46 %;référence + variante;mon prix est TRÈS au-dessus du prix idealo
DCMHT573N-XJ;DeWALT DCMHT573N-XJ — DCMHT573N-XJ;196,26;OUTIL;DCMHT573N-XJ;DeWALT DCMHT573N-XJ — DCMHT573N-XJ;287,12;Tronçonnage et élagage;90,86;+46 %;référence + variante;mon prix est TRÈS au-dessus du prix idealo
DWD522KS;DeWALT DWD522KS — DWD522KS;201,34;OUTIL;DWD522KS;DeWALT DWD522KS — DWD522KS;293,35;Perçage, vissage et boulonnage;92,01;+46 %;référence + variante;mon prix est TRÈS au-dessus du prix idealo
DWE4369-QS;DeWalt INOX DWE4369-QS;202,95;OUTIL;DWE4369-QS;DeWALT DWE4369-QS — INOX DWE4369-QS;295,30;Meulage, découpe et polissage;92,35;+46 %;référence + variante;mon prix est TRÈS au-dessus du prix idealo
DCS386NT-XJ;DeWALT DCS386NT-XJ — Scie sabre 18V DCS386NT-XJ;249,07;OUTIL;DCS386NT-XJ;DeWALT DCS386NT-XJ — Scie sabre 18V DCS386NT-XJ;363,12;Scies;114,05;+46 %;référence + variante;mon prix est TRÈS au-dessus du prix idealo
DCF899P1-QW;Dewalt DCF899P1-QW Boulonneuse à chocs 18V 5Ah (1x5.0Ah) Li-Ion XR en coffret TSTAK;296,14;PACK+1X5.0+COFFRET;DCF899P2;"DeWALT DCF899P2 — Boulonneuse à chocs 1/2"" 18V XR 950 Nm (2×5,0 Ah + chargeur + coffret TSTAK)";431,24;Perçage, vissage et boulonnage;135,10;+46 %;référence seule (variante différente);mon prix est TRÈS au-dessus du prix idealo — ATTENTION : rapproché sur la référence seule, la version peut différer
DNF65;DEWALT PowerCoil ongles DNF 65 mm 6 Kst. lisse, 1 pièce, dnf2865e;102,60;OUTIL;DNF65;DeWALT DNF65 — PowerCoil ongles DNF 65 mm 6 Kst. lisse, 1 pièce, dnf2865e;149,69;Quincaillerie;47,09;+46 %;référence + variante;mon prix est TRÈS au-dessus du prix idealo
DT20500-QZ;DEWALT - Renvoi d’angle droit compact, DT20500-QZ;102,04;OUTIL;DT20500-QZ;DeWALT DT20500-QZ — Référence DT20500-QZ — descriptif à compléter;148,98;Quincaillerie;46,94;+46 %;référence + variante;mon prix est TRÈS au-dessus du prix idealo
DWST83395-1;Boîte à outils vide DEWALT DWST83395-1 noir, jaune 1 pc(s);98,22;OUTIL;DWST83395-1;DeWALT DWST83395-1 — Boîte à outils vide DEWALT DWST83395-1 noir, jaune 1 pc(s);143,00;Quincaillerie;44,78;+46 %;référence + variante;mon prix est TRÈS au-dessus du prix idealo
DT40256-QZ;DeWALT DT40256-QZ — DT40256-QZ;102,99;OUTIL;DT40256-QZ;DeWALT DT40256-QZ — DT40256-QZ;150,16;Quincaillerie;47,17;+46 %;référence + variante;mon prix est TRÈS au-dessus du prix idealo
350/30;DeWALT 350/30 — 350/30;101,92;OUTIL;350/30;DeWALT 350/30 — 350/30;148,91;Quincaillerie;46,99;+46 %;référence + variante;mon prix est TRÈS au-dessus du prix idealo
DW1361;DeWALT DW1361 — DW1361;101,68;OUTIL;DW1361;DeWALT DW1361 — DW1361;148,56;Quincaillerie;46,88;+46 %;référence + variante;mon prix est TRÈS au-dessus du prix idealo
DT6763-QZ;DeWalt SDS-max 80x107 mm DT6763-QZ;102,79;OUTIL;DT6763-QZ;DeWALT DT6763-QZ — SDS-max 80x107 mm DT6763-QZ;149,98;Quincaillerie;47,19;+46 %;référence + variante;mon prix est TRÈS au-dessus du prix idealo
DT9443-QZ;DeWalt SDS-max 38x670x550 mm DT9443-QZ;102,45;OUTIL;DT9443-QZ;DeWALT DT9443-QZ — SDS-max 38x670x550 mm DT9443-QZ;149,47;Quincaillerie;47,02;+46 %;référence + variante;mon prix est TRÈS au-dessus du prix idealo
DWA427SET;DEWALT Lot de 7 lames oscillantes à usage général pour bois avec clous (DWA427SET);102,14;PACK;DWA427SET;DeWALT DWA427SET — Lot de 7 lames oscillantes à usage général pour bois avec clous (DWA427SET);149,12;Quincaillerie;46,98;+46 %;référence seule (variante différente);mon prix est TRÈS au-dessus du prix idealo — ATTENTION : rapproché sur la référence seule, la version peut différer
DT20562-QZ;DEWALT DT20562-QZ Adaptateur/tête de taraudage Adapté pour (perceuses) Dewalt;102,04;ACCESSOIRE;DT20562-QZ;DeWALT DT20562-QZ — DT20562-QZ Adaptateur/tête de taraudage Adapté pour (perceuses) Dewalt;148,98;Quincaillerie;46,94;+46 %;référence + variante;mon prix est TRÈS au-dessus du prix idealo
DCB1102D2;DeWalt DCB 1102 D2;123,78;PACK;DCB1102-QW;DeWALT DCB1102-QW — Chargeur 10.8V à 18V DCB1102-QW;67,60;Batteries et chargeurs;56,18;−45 %;référence seule (variante différente);mon prix est SOUS le prix idealo — ATTENTION : rapproché sur la référence seule, la version peut différer
DCV100E1;DeWalt DCV 100 E1 Souffleur / Souffleuse de feuilles 18 V + 1x batterie Powerstack 1,7 Ah + chargeur;180,27;PACK+1X1.7+CHARGEUR;DCV100-XJ;DeWALT DCV100-XJ — Souffleur compact sans fil 18V XR (machine seule);98,78;Souffleurs;81,49;−45 %;référence seule (variante différente);mon prix est SOUS le prix idealo — ATTENTION : rapproché sur la référence seule, la version peut différer
DCD100M2T;DeWALT DCD100M2T — DCD100M2T;203,99;PACK;DCD100M2T;DeWALT DCD100M2T — DCD100M2T;296,60;Perçage, vissage et boulonnage;92,61;+45 %;référence seule (variante différente);mon prix est TRÈS au-dessus du prix idealo — ATTENTION : rapproché sur la référence seule, la version peut différer
DWE4579;DeWALT DWE4579 — DWE4579;203,99;OUTIL;DWE4579;DeWALT DWE4579 — DWE4579;296,60;Meulage, découpe et polissage;92,61;+45 %;référence + variante;mon prix est TRÈS au-dessus du prix idealo
DXCMS2524HE;DeWALT DXCMS2524HE — DXCMS2524HE;203,98;OUTIL;DXCMS2524HE;DeWALT DXCMS2524HE — DXCMS2524HE;296,59;Accessoires;92,61;+45 %;référence + variante;mon prix est TRÈS au-dessus du prix idealo
DCE154N;DeWALT DCE154N — DCE154N;203,96;PACK;DCE154N;DeWALT DCE154N — DCE154N;296,56;Accessoires;92,60;+45 %;référence seule (variante différente);mon prix est TRÈS au-dessus du prix idealo — ATTENTION : rapproché sur la référence seule, la version peut différer
DXV34P-QT;DeWALT DXV34P-QT — DXV34P-QT;209,99;OUTIL;DXV34P-QT;DeWALT DXV34P-QT — DXV34P-QT;304,07;Aspirateurs;94,08;+45 %;référence + variante;mon prix est TRÈS au-dessus du prix idealo
DXPW001U;DeWALT DXPW001U - Nettoyeur haute pression à eau froide - 160 bars - 480 l/h;210,63;OUTIL;DXPW001U;DeWALT DXPW001U — DXPW001U - Nettoyeur haute pression à eau froide - 160 bars - 480 l/h;304,78;Accessoires;94,15;+45 %;référence + variante;mon prix est TRÈS au-dessus du prix idealo
DCB115;DeWalt DCS 334M1T (1 x 4,0 Ah + DCB115 + TSTAK II);308,00;PACK+1X4.0+COFFRET;DCB115E2-QW;DeWALT DCB115E2-QW — 2 Batteries Powerstack XR 18V 1.7Ah ( DCB115E2-QW );168,53;Batteries et chargeurs;139,47;−45 %;référence seule (variante différente);mon prix est SOUS le prix idealo — ATTENTION : rapproché sur la référence seule, la version peut différer
DCMPS520P2-QW;Dewalt DCMPS520P2-QW Tronçonneuse élagueuse - Lame de 20 cm - XR - 18V - 2 X 5.0Ah Batreries + chargeur;305,68;PACK+2X5.0+CHARGEUR;DCMPS520N-XJ;DeWALT DCMPS520N-XJ — Tronçonneuse d'élagage 18V XR guide 20 cm (solo);166,63;Tronçonnage et élagage;139,05;−45 %;référence seule (variante différente);mon prix est SOUS le prix idealo — ATTENTION : rapproché sur la référence seule, la version peut différer
DCE531N-XJ;DeWALT DCE531N-XJ — Vibrateur à béton DCE531N-XJ;348,99;PACK;DCE531N-XJ;DeWALT DCE531N-XJ — Vibrateur à béton DCE531N-XJ;507,24;Accessoires;158,25;+45 %;référence seule (variante différente);mon prix est TRÈS au-dessus du prix idealo — ATTENTION : rapproché sur la référence seule, la version peut différer
DWE625-QS;DEWALT DWE625-QS;430,12;OUTIL;DWE625KT-QS;DeWALT DWE625KT-QS — Défonceuse 2300 W 12 mm DWE625KT-QS;624,02;Défonceuses;193,90;+45 %;référence + variante;mon prix est TRÈS au-dessus du prix idealo
DT6928-QZ;DeWALT DT6928-QZ — DT6928-QZ;109,28;OUTIL;DT6928-QZ;DeWALT DT6928-QZ — DT6928-QZ;157,91;Quincaillerie;48,63;+45 %;référence + variante;mon prix est TRÈS au-dessus du prix idealo
DE0737;DeWALT DE0737 — DE0737;107,75;OUTIL;DE0737;DeWALT DE0737 — DE0737;156,02;Quincaillerie;48,27;+45 %;référence + variante;mon prix est TRÈS au-dessus du prix idealo
DT2977;DeWALT DT2977 — DT2977;107,50;OUTIL;DT2977;DeWALT DT2977 — DT2977;155,77;Quincaillerie;48,27;+45 %;référence + variante;mon prix est TRÈS au-dessus du prix idealo
DWMT19261;"Jeu de clés DeWalt DWMT19261; 7 unités";109,50;OUTIL;DWMT19261;"DeWALT DWMT19261 — Jeu de clés DeWalt DWMT19261; 7 unités";158,23;Quincaillerie;48,73;+45 %;référence + variante;mon prix est TRÈS au-dessus du prix idealo
DT70775-QZ;DeWalt Toughcase Medium Set de Vissage 80 pièces avec Accouplement Angulaire (DT70775-QZ);109,00;PACK;DT70775-QZ;DeWALT DT70775-QZ — Toughcase Medium Set de Vissage 80 pièces avec Accouplement Angulaire (DT70775-QZ);157,62;Quincaillerie;48,62;+45 %;référence seule (variante différente);mon prix est TRÈS au-dessus du prix idealo — ATTENTION : rapproché sur la référence seule, la version peut différer
DT6810-QZ;DeWalt 32 x 200 mm (DT6810-QZ);108,48;OUTIL;DT6810-QZ;DeWALT DT6810-QZ — 32 x 200 mm (DT6810-QZ);156,97;Quincaillerie;48,49;+45 %;référence + variante;mon prix est TRÈS au-dessus du prix idealo
DNBDA38;DEWALT Clou à tête refoulé DNBDA 38 mm DEWALT acier inoxydable Quantité:4000;107,99;OUTIL;DNBDA38;DeWALT DNBDA38 — Clou à tête refoulé DNBDA 38 mm DEWALT acier inoxydable Quantité:4000;156,37;Quincaillerie;48,38;+45 %;référence + variante;mon prix est TRÈS au-dessus du prix idealo
DWST83529-1;DeWalt ToughSystem 2.0 (DWST83529-1);107,99;PACK+COFFRET;DWST83529-1;DeWALT DWST83529-1 — ToughSystem 2.0 (DWST83529-1);156,37;Quincaillerie;48,38;+45 %;référence seule (variante différente);mon prix est TRÈS au-dessus du prix idealo — ATTENTION : rapproché sur la référence seule, la version peut différer
DNW2880E;DeWALT Clous 34º, lisse, 80 mm, 2200 pièces - DNW2880E;107,78;OUTIL;DNW2880E;DeWALT DNW2880E — Clous 34º, lisse, 80 mm, 2200 pièces - DNW2880E;156,06;Quincaillerie;48,28;+45 %;référence + variante;mon prix est TRÈS au-dessus du prix idealo
DWST50113-1;DeWalt Ceinture porte-outils en cuir (DWST50113-1);107,70;OUTIL;DWST50113-1;DeWALT DWST50113-1 — Ceinture porte-outils en cuir (DWST50113-1);155,95;Quincaillerie;48,25;+45 %;référence + variante;mon prix est TRÈS au-dessus du prix idealo
DWMT73813;"DEWALT DWMT73813, Jeu de Douilles SAE/métrique, 1/2"", 23 pièces";104,34;OUTIL;DWMT73813;"DeWALT DWMT73813 — DWMT73813, Jeu de Douilles SAE/métrique, 1/2"", 23 pièces";151,81;Quincaillerie;47,47;+45 %;référence + variante;mon prix est TRÈS au-dessus du prix idealo
DT4217-QZ;DeWALT DT4217-QZ — DT4217-QZ;106,04;OUTIL;DT4217-QZ;DeWALT DT4217-QZ — DT4217-QZ;153,97;Quincaillerie;47,93;+45 %;référence + variante;mon prix est TRÈS au-dessus du prix idealo
DWST60101-1;DeWALT DWST60101-1 — DWST60101-1;104,91;OUTIL;DWST60101-1;DeWALT DWST60101-1 — DWST60101-1;152,54;Quincaillerie;47,63;+45 %;référence + variante;mon prix est TRÈS au-dessus du prix idealo
DT1926-QZ;DeWALT DT1926-QZ — DT1926-QZ;104,58;OUTIL;DT1926-QZ;DeWALT DT1926-QZ — DT1926-QZ;152,16;Quincaillerie;47,58;+45 %;référence + variante;mon prix est TRÈS au-dessus du prix idealo
DW1969;DeWalt DW1969 Lot de 29 forets à pointe pilote, avec index en métal;107,01;PACK;DW1969;DeWALT DW1969 — DW1969 Lot de 29 forets à pointe pilote, avec index en métal;155,40;Quincaillerie;48,39;+45 %;référence seule (variante différente);mon prix est TRÈS au-dessus du prix idealo — ATTENTION : rapproché sur la référence seule, la version peut différer
AW2600;Dewalt - Boîte à outils « Toughsystem 2.0 » AW2600 (taille unique) (noir/jaune);106,61;PACK+COFFRET;AW2600;DeWALT AW2600 — Référence AW2600 — descriptif à compléter;154,69;Quincaillerie;48,08;+45 %;référence seule (variante différente);mon prix est TRÈS au-dessus du prix idealo — ATTENTION : rapproché sur la référence seule, la version peut différer
DT20907-QZ;DEWALT DT20907-QZ Kit de conversion;104,99;ACCESSOIRE;DT20907-QZ;DeWALT DT20907-QZ — DT20907-QZ Kit de conversion;152,65;Quincaillerie;47,66;+45 %;référence + variante;mon prix est TRÈS au-dessus du prix idealo
DT60836-QZ;DeWalt SDS-max 32x920x790 mm DT60836-QZ;104,99;OUTIL;DT60836-QZ;DeWALT DT60836-QZ — SDS-max 32x920x790 mm DT60836-QZ;152,65;Quincaillerie;47,66;+45 %;référence + variante;mon prix est TRÈS au-dessus du prix idealo
DWST83542-1;"DeWALT DWST83542-1 Sac À Outils McLaren À Roulettes Pour TOUGHSYSTEM - 22""";104,99;PACK+COFFRET;DWST83542-1;"DeWALT DWST83542-1 — DWST83542-1 Sac À Outils McLaren À Roulettes Pour TOUGHSYSTEM - 22""";152,65;Quincaillerie;47,66;+45 %;référence seule (variante différente);mon prix est TRÈS au-dessus du prix idealo — ATTENTION : rapproché sur la référence seule, la version peut différer
DT60842-QZ;DeWalt SDS-max 38x570x440 mm DT60842-QZ;104,98;OUTIL;DT60842-QZ;DeWALT DT60842-QZ — SDS-max 38x570x440 mm DT60842-QZ;152,64;Quincaillerie;47,66;+45 %;référence + variante;mon prix est TRÈS au-dessus du prix idealo
DCE5801-XJ;Tube long transparent pour pistolet à mastic - DEWALT - DCE5801-XJ;122,97;OUTIL;DCE5801;DeWALT DCE5801 — DCE5801 Couplage de tube transparent pour les canons chimiques XR DCE560 et DCE580;177,68;Combos;54,71;+44 %;référence seule (variante différente);mon prix est TRÈS au-dessus du prix idealo — ATTENTION : rapproché sur la référence seule, la version peut différer
DCB547;DeWALT DCB547-XJ — Batterie 18V-54V 9Ah-3Ah XR Flexvolt DCB547-XJ;163,70;PACK+1X9;DCB547-XJ;DeWALT DCB547-XJ — Batterie 18V-54V 9Ah-3Ah XR Flexvolt DCB547-XJ;236,22;Batteries et chargeurs;72,52;+44 %;référence seule (variante différente);mon prix est TRÈS au-dessus du prix idealo — ATTENTION : rapproché sur la référence seule, la version peut différer
DCS369NT-XJ;DEWALT DCS369NT-XJ Scie Sabre Compacte - XR 18V - Brushless - Sans Batterie Ni Chargeur - En Coffret TSTAK & DT2352-QZ L;167,80;PACK+COFFRET+CHARGEUR;DCS369NT-XJ;DeWALT DCS369NT-XJ — Scie sabre 18V DCS369NT-XJ;242,41;Scies;74,61;+44 %;référence seule (variante différente);mon prix est TRÈS au-dessus du prix idealo — ATTENTION : rapproché sur la référence seule, la version peut différer
DCV100D1;DeWalt DCV 100 D1 Souffleur / Souffleur de feuilles 18 V + 1x batterie 2,0 Ah + chargeur;175,19;PACK+1X2.0+CHARGEUR;DCV100-XJ;DeWALT DCV100-XJ — Souffleur compact sans fil 18V XR (machine seule);98,78;Souffleurs;76,41;−44 %;référence seule (variante différente);mon prix est SOUS le prix idealo — ATTENTION : rapproché sur la référence seule, la version peut différer
DCV100D1;DeWalt DCV 100 D1 Souffleur de Feuilles sans Fil 18V, 2,0Ah (DCV 100);175,19;PACK+1X2.0;DCV100-XJ;DeWALT DCV100-XJ — Souffleur compact sans fil 18V XR (machine seule);98,78;Souffleurs;76,41;−44 %;référence seule (variante différente);mon prix est SOUS le prix idealo — ATTENTION : rapproché sur la référence seule, la version peut différer
DCF840E1T-XJ;DEWALT DCF840E1T-XJ;193,66;PACK;DCF840NT-XJ;DeWALT DCF840NT-XJ — Visseuse à chocs 18V DCF840NT-XJ;278,21;Perçage, vissage et boulonnage;84,55;+44 %;référence seule (variante différente);mon prix est TRÈS au-dessus du prix idealo — ATTENTION : rapproché sur la référence seule, la version peut différer
DCG430N;DeWALT DCG430N — DCG430N;214,90;OUTIL;DCG430N;DeWALT DCG430N — DCG430N;310,10;Meulage, découpe et polissage;95,20;+44 %;référence + variante;mon prix est TRÈS au-dessus du prix idealo
DW268K;DeWALT DW268K — DW268K;214,00;OUTIL;DW268K;DeWALT DW268K — DW268K;309,01;Perçage, vissage et boulonnage;95,01;+44 %;référence + variante;mon prix est TRÈS au-dessus du prix idealo
DCS565NT-XJ;DeWALT DCS565NT-XJ — DCS565NT-XJ;219,98;OUTIL;DCS565NT-XJ;DeWALT DCS565NT-XJ — DCS565NT-XJ;316,33;Scies;96,35;+44 %;référence + variante;mon prix est TRÈS au-dessus du prix idealo
DWS773;DeWALT DWS773 — DWS773;219,95;OUTIL;DWS773;DeWALT DWS773 — DWS773;316,28;Scies;96,33;+44 %;référence + variante;mon prix est TRÈS au-dessus du prix idealo
DWE4347-QS;DeWALT DWE4347-QS — DWE4347-QS;219,83;OUTIL;DWE4347-QS;DeWALT DWE4347-QS — DWE4347-QS;316,12;Meulage, découpe et polissage;96,29;+44 %;référence + variante;mon prix est TRÈS au-dessus du prix idealo
D28730;DeWALT D28730 — D28730;219,00;OUTIL;D28730;DeWALT D28730 — D28730;315,14;Tronçonnage et élagage;96,14;+44 %;référence + variante;mon prix est TRÈS au-dessus du prix idealo
AT-DXV34PTA;DeWALT AT-DXV34PTA — AT-DXV34PTA;218,53;OUTIL;AT-DXV34PTA;DeWALT AT-DXV34PTA — AT-DXV34PTA;314,46;Aspirateurs;95,93;+44 %;référence + variante;mon prix est TRÈS au-dessus du prix idealo
DW680K;DeWALT DW680K — DW680K;218,04;OUTIL;DW680K;DeWALT DW680K — DW680K;313,98;Scies;95,94;+44 %;référence + variante;mon prix est TRÈS au-dessus du prix idealo
48-0026;DeWALT 48-0026 — 48-0026;217,25;OUTIL;48-0026;DeWALT 48-0026 — 48-0026;313,06;Aspirateurs;95,81;+44 %;référence + variante;mon prix est TRÈS au-dessus du prix idealo
DWD241-QS;DeWALT DWD241-QS — DWD241-QS;215,90;OUTIL;DWD241-QS;DeWALT DWD241-QS — DWD241-QS;311,33;Perçage, vissage et boulonnage;95,43;+44 %;référence + variante;mon prix est TRÈS au-dessus du prix idealo
DCG420N;DeWALT DCG420N-XJ — Meuleuse droite compacte XR 18V DCG420N-XJ;236,00;OUTIL;DCG420N-XJ;DeWALT DCG420N-XJ — Meuleuse droite compacte XR 18V DCG420N-XJ;340,90;Meulage, découpe et polissage;104,90;+44 %;référence + variante;mon prix est TRÈS au-dessus du prix idealo
XR18V;Dewalt Multicutter 18v dewalt - sans Batterie ni Chargeur - dcs356nt-xj & Ponceuse Excentrique XR 18V 125mm Brushless - ;335,94;PACK+CHARGEUR;XR18V;DeWALT XR18V — Souffleur Brushless XR 18V 5Ah Li-ION - Souffleur Électrique Portable sans Fil & Recharge de Fil Coupe Bordure 2,;188,89;Quincaillerie;147,05;−44 %;référence seule (variante différente);mon prix est SOUS le prix idealo — ATTENTION : rapproché sur la référence seule, la version peut différer
DCD999NT-XJ;Perceuse-visseuse à percussion 18V DCD999NT-XJ + 2 batteries POWERSTACK 18V 5 Ah + 1 Chargeur DCB1104-QW DEWALT;477,90;PACK+1X5+CHARGEUR;DCD999N-XJ;DeWALT DCD999N-XJ — Perceuse-visseuse à percussion 18V DCD999N-XJ;266,98;Perçage, vissage et boulonnage;210,92;−44 %;référence seule (variante différente);mon prix est SOUS le prix idealo — ATTENTION : rapproché sur la référence seule, la version peut différer
DWS780;DeWALT DWS780-QS — Scie à onglet radiale Ø305 mm DWS780-QS;812,30;OUTIL;DWS780-QS;DeWALT DWS780-QS — Scie à onglet radiale Ø305 mm DWS780-QS;1171,99;Scies;359,69;+44 %;référence + variante;mon prix est TRÈS au-dessus du prix idealo
DT7926-XJ;DEWALT Foret métal HSS-G Coffret 29 pièces - DT7926-XJ & Coffret de 32 Embouts de Vissage de 25mm Robustes et Précis - A;111,07;PACK+COFFRET;DT7926-XJ;DeWALT DT7926-XJ — Foret métal HSS-G Coffret 29 pièces - DT7926-XJ & Coffret de 32 Embouts de Vissage de 25mm Robustes et Précis - A;160,16;Quincaillerie;49,09;+44 %;référence seule (variante différente);mon prix est TRÈS au-dessus du prix idealo — ATTENTION : rapproché sur la référence seule, la version peut différer
EU2-973;DeWalt Taloche de finition courbée pour cloison sèche, acier inoxydable doré, 16in (EU2-973);109,14;OUTIL;EU2-973;DeWALT EU2-973 — Taloche de finition courbée pour cloison sèche, acier inoxydable doré, 16in (EU2-973);157,70;Quincaillerie;48,56;+44 %;référence + variante;mon prix est TRÈS au-dessus du prix idealo
DXMH3288;STANLEY DXMH3288 DEWALT Tuyau d'arrosage robuste de qualité professionnelle, 30,5 m x 1,6 cm, jaune, noir;107,79;OUTIL;DXMH3288;DeWALT DXMH3288 — STANLEY DXMH3288 DEWALT Tuyau d'arrosage robuste de qualité professionnelle, 30,5 m x 1,6 cm, jaune, noir;155,74;Quincaillerie;47,95;+44 %;référence + variante;mon prix est TRÈS au-dessus du prix idealo
DT1474-QZ;DeWALT DT1474-QZ — DT1474-QZ;111,98;OUTIL;DT1474-QZ;DeWALT DT1474-QZ — DT1474-QZ;161,26;Quincaillerie;49,28;+44 %;référence + variante;mon prix est TRÈS au-dessus du prix idealo
DWST83295-1;DeWALT DWST83295-1 — DWST83295-1;111,98;PACK;DWST83295-1;DeWALT DWST83295-1 — DWST83295-1;161,26;Quincaillerie;49,28;+44 %;référence seule (variante différente);mon prix est TRÈS au-dessus du prix idealo — ATTENTION : rapproché sur la référence seule, la version peut différer
EU2-971;DeWalt Taloche de finition courbée, acier inoxydable doré, 12in (EU2-971);114,64;OUTIL;EU2-971;DeWALT EU2-971 — Taloche de finition courbée, acier inoxydable doré, 12in (EU2-971);164,51;Quincaillerie;49,87;+44 %;référence + variante;mon prix est TRÈS au-dessus du prix idealo
DNF2570E;DeWALT Clous à rouleau DNF 70 mm, lisse, 7200 pièces - DNF2570E;114,46;OUTIL;DNF2570E;DeWALT DNF2570E — Clous à rouleau DNF 70 mm, lisse, 7200 pièces - DNF2570E;164,36;Quincaillerie;49,90;+44 %;référence + variante;mon prix est TRÈS au-dessus du prix idealo
DT60845-QZ;DeWalt SDS-max 40x570x440 mm DT60845-QZ;113,99;OUTIL;DT60845-QZ;DeWALT DT60845-QZ — SDS-max 40x570x440 mm DT60845-QZ;163,69;Quincaillerie;49,70;+44 %;référence + variante;mon prix est TRÈS au-dessus du prix idealo
DWST1-75676;DeWalt Tréteaux 2 pcs - DWST1-75676;112,18;OUTIL;DWST1-75676;DeWALT DWST1-75676 — Tréteaux 2 pcs - DWST1-75676;161,54;Quincaillerie;49,36;+44 %;référence + variante;mon prix est TRÈS au-dessus du prix idealo
DCD791D2-QW;DEWALT - Perceuse Visseuse Compact Brushless XR 18V Li-Ion 2Ah - DCD791D2-QW & Coffret de 32 Embouts de Vissage de 25mm ;212,09;PACK+1X2+COFFRET;DCD791N;DeWALT DCD791N — Perceuse-visseuse 18V DCD791N;302,84;Perçage, vissage et boulonnage;90,75;+43 %;référence seule (variante différente);mon prix est TRÈS au-dessus du prix idealo — ATTENTION : rapproché sur la référence seule, la version peut différer
DCD791NT-XJ;Perceuse-visseuse 18V DCD791NT-XJ + 1 batterie 18V 5 Ah + 1 chargeur DCB1104-QW DEWALT;211,90;PACK+1X5+CHARGEUR;DCD791N;DeWALT DCD791N — Perceuse-visseuse 18V DCD791N;302,84;Perçage, vissage et boulonnage;90,94;+43 %;référence seule (variante différente);mon prix est TRÈS au-dessus du prix idealo — ATTENTION : rapproché sur la référence seule, la version peut différer
DMF1550-XJ;DeWALT DMF1550-XJ — DMF1550-XJ;226,44;OUTIL;DMF1550-XJ;DeWALT DMF1550-XJ — DMF1550-XJ;324,26;Perçage, vissage et boulonnage;97,82;+43 %;référence + variante;mon prix est TRÈS au-dessus du prix idealo
DW331K;DeWALT DW331K — DW331K;225,62;OUTIL;DW331K;DeWALT DW331K — DW331K;323,32;Scies;97,70;+43 %;référence + variante;mon prix est TRÈS au-dessus du prix idealo
DCF514N;DeWALT DCF514N — DCF514N;225,00;OUTIL;DCF514N;DeWALT DCF514N — DCF514N;322,43;Perçage, vissage et boulonnage;97,43;+43 %;référence + variante;mon prix est TRÈS au-dessus du prix idealo
DWP849X;DeWALT DWP849X — DWP849X;223,58;OUTIL;DWP849X;DeWALT DWP849X — DWP849X;320,83;Meulage, découpe et polissage;97,25;+43 %;référence + variante;mon prix est TRÈS au-dessus du prix idealo
DCPW550B;DEWALT DCPW550B Power Cleaner Jaune/Noir;226,91;OUTIL;DCPW550B;DeWALT DCPW550B — DCPW550B Power Cleaner Jaune/Noir;324,94;Accessoires;98,03;+43 %;référence + variante;mon prix est TRÈS au-dessus du prix idealo
DT40251-QZ;DEWALT Scie circulaire XR 18VBL - sans Batterie ni Chargeur - Multi-matériaux 115 mm Jaune & DT40251-QZ Extreme Metal 11;225,07;PACK+CHARGEUR;DT40251-QZ;DeWALT DT40251-QZ — Scie circulaire XR 18VBL - sans Batterie ni Chargeur - Multi-matériaux 115 mm Jaune & DT40251-QZ Extreme Metal 11;322,52;Scies;97,45;+43 %;référence seule (variante différente);mon prix est TRÈS au-dessus du prix idealo — ATTENTION : rapproché sur la référence seule, la version peut différer
DCH243N-XJ;DEWALT DCH243N-XJ 18 V Bare Unit Cordless Rotary Ha mmer;224,30;OUTIL;DCH243N-XJ;DeWALT DCH243N-XJ — DCH243N-XJ 18 V Bare Unit Cordless Rotary Ha mmer;321,65;Perforateurs;97,35;+43 %;référence + variante;mon prix est TRÈS au-dessus du prix idealo
DCGG571NK-XJ;DeWALT DCGG571NK-XJ — DCGG571NK-XJ;231,35;PACK;DCGG571NK-XJ;DeWALT DCGG571NK-XJ — DCGG571NK-XJ;330,37;Meulage, découpe et polissage;99,02;+43 %;référence seule (variante différente);mon prix est TRÈS au-dessus du prix idealo — ATTENTION : rapproché sur la référence seule, la version peut différer
DCMBL777;DeWALT DCMBL777 — DCMBL777;229,00;OUTIL;DCMBL777;DeWALT DCMBL777 — DCMBL777;327,47;Tronçonnage et élagage;98,47;+43 %;référence + variante;mon prix est TRÈS au-dessus du prix idealo
DCGG571;DEWALT DCGG571;231,35;OUTIL;DCGG571NK-XJ;DeWALT DCGG571NK-XJ — DCGG571NK-XJ;330,37;Meulage, découpe et polissage;99,02;+43 %;référence + variante;mon prix est TRÈS au-dessus du prix idealo
DWMT19231;DEWALT Jeu de clés à cliquet SAE, flexibles, 12 pièces (DWMT19231);233,25;OUTIL;DWMT19231;DeWALT DWMT19231 — Jeu de clés à cliquet SAE, flexibles, 12 pièces (DWMT19231);332,62;Perçage, vissage et boulonnage;99,37;+43 %;référence + variante;mon prix est TRÈS au-dessus du prix idealo
QT960W;Aspirateur eau et poussière DeWalt DXVP-QT 960W 34L 230V;229,00;OUTIL;QT960W;DeWALT QT960W — Aspirateur eau et poussière DeWalt DXVP-QT 960W 34L 230V;327,47;Aspirateurs;98,47;+43 %;référence + variante;mon prix est TRÈS au-dessus du prix idealo
DW304PK;DeWALT DW304PK — DW304PK;235,10;OUTIL;DW304PK;DeWALT DW304PK — DW304PK;335,02;Scies;99,92;+43 %;référence + variante;mon prix est TRÈS au-dessus du prix idealo
DCK2060D2T;DeWALT DCK2060D2T — DCK2060D2T;234,56;PACK;DCK2060D2T;DeWALT DCK2060D2T — DCK2060D2T;334,25;Combos;99,69;+43 %;référence seule (variante différente);mon prix est TRÈS au-dessus du prix idealo — ATTENTION : rapproché sur la référence seule, la version peut différer
DCM849;DeWALT DCM849 — DCM849;234,04;OUTIL;DCM849;DeWALT DCM849 — DCM849;333,74;Meulage, découpe et polissage;99,70;+43 %;référence + variante;mon prix est TRÈS au-dessus du prix idealo
DCD800E2;DeWalt DCD 800 E2 Batterie 18 V 90 Nm Sans Balais + 2x Batterie Powerstack 1,7 Ah + Chargeur;281,22;PACK+1X1.7+CHARGEUR;DCD800NT-XJ;DeWALT DCD800NT-XJ — Perceuse-visseuse 18V DCD800NT-XJ;401,42;Perçage, vissage et boulonnage;120,20;+43 %;référence seule (variante différente);mon prix est TRÈS au-dessus du prix idealo — ATTENTION : rapproché sur la référence seule, la version peut différer
DCG405P1;DeWalt DCG 405 P1 18 V 125 mm Meuleuse sans fil Brushless avec boîtier TStak + 1x Batterie 5 Ah + Chargeur;276,69;PACK+1X5+COFFRET+CHARGEUR;DCG405N;DeWALT DCG405N — Meuleuse 125 mm 18V XR Brushless (outil nu);159,00;Meulage, découpe et polissage;117,69;−43 %;référence seule (variante différente);mon prix est SOUS le prix idealo — ATTENTION : rapproché sur la référence seule, la version peut différer
DCV517N-XJ;DeWalt DCV517N-XJ - Aspirateur solides et liquides portatif à batterie - 18V 5Ah;300,86;PACK+1X5;DCV517N-XJ;DeWALT DCV517N-XJ — DCV517N-XJ;170,99;Aspirateurs;129,87;−43 %;référence seule (variante différente);mon prix est SOUS le prix idealo — ATTENTION : rapproché sur la référence seule, la version peut différer
DCMCST635N-XJ;DeWALT DCMCST635N-XJ — Tronçonneuse 54V 35 cm DCMCST635N-XJ;359,76;PACK;DCMCST635N-XJ;DeWALT DCMCST635N-XJ — Tronçonneuse 54V 35 cm DCMCST635N-XJ;513,24;Tronçonnage et élagage;153,48;+43 %;référence seule (variante différente);mon prix est TRÈS au-dessus du prix idealo — ATTENTION : rapproché sur la référence seule, la version peut différer
DCG406NT-XJ;DEWALT - Perforateur-Burineur SDS-PLUS Brushless 2.6J 18V 4Ah Li-Ion - Sans Fil avec Coffret TSTAK & Meuleuse Brushless ;449,66;PACK+1X4+COFFRET;DCG406N-XJ;DeWALT DCG406N-XJ — Meuleuse Ø125 mm DCG406N-XJ;254,68;Meulage, découpe et polissage;194,98;−43 %;référence seule (variante différente);mon prix est SOUS le prix idealo — ATTENTION : rapproché sur la référence seule, la version peut différer
DCS579NTA;DeWALT - Scie circulaire sans fil 54 V, 190 mm, avec accessoires, 3 batteries Li-Ion 9,0 Ah et chargeur. DCS579NTA;833,84;PACK+1X9.0+CHARGEUR;DCS579NT-XJ;DeWALT DCS579NT-XJ — Scie circulaire 54V Ø190 mm DCS579NT-XJ;476,21;Scies;357,63;−43 %;référence seule (variante différente);mon prix est SOUS le prix idealo — ATTENTION : rapproché sur la référence seule, la version peut différer
DGL573;DeWALT DGL573 — DGL573;115,24;OUTIL;DGL573;DeWALT DGL573 — DGL573;165,25;Quincaillerie;50,01;+43 %;référence + variante;mon prix est TRÈS au-dessus du prix idealo
DNF70;DEWALT PowerCoil ongles DNF 70 mm 6 KST. Bague Tige, 1 pièce, dnf28r70e;106,22;OUTIL;DNF70;DeWALT DNF70 — PowerCoil ongles DNF 70 mm 6 KST. Bague Tige, 1 pièce, dnf28r70e;152,34;Quincaillerie;46,12;+43 %;référence + variante;mon prix est TRÈS au-dessus du prix idealo
DWST08017-9;DeWalt Kit Toughsystem-Tstak 3 pièces DWST08017-9;112,99;PACK+COFFRET;DWST08017-9;DeWALT DWST08017-9 — Kit Toughsystem-Tstak 3 pièces DWST08017-9;161,87;Quincaillerie;48,88;+43 %;référence seule (variante différente);mon prix est TRÈS au-dessus du prix idealo — ATTENTION : rapproché sur la référence seule, la version peut différer
DT4612-QZ;DeWALT DT4612-QZ — DT4612-QZ;118,87;OUTIL;DT4612-QZ;DeWALT DT4612-QZ — DT4612-QZ;169,75;Quincaillerie;50,88;+43 %;référence + variante;mon prix est TRÈS au-dessus du prix idealo
DT90017-QZ;DeWALT DT90017-QZ — DT90017-QZ;117,26;OUTIL;DT90017-QZ;DeWALT DT90017-QZ — DT90017-QZ;167,80;Quincaillerie;50,54;+43 %;référence + variante;mon prix est TRÈS au-dessus du prix idealo
DT1916-QZ;DeWALT DT1916-QZ — DT1916-QZ;116,99;OUTIL;DT1916-QZ;DeWALT DT1916-QZ — DT1916-QZ;167,41;Quincaillerie;50,42;+43 %;référence + variante;mon prix est TRÈS au-dessus du prix idealo
DWST17871;DeWALT DWST17871 — DWST17871;116,74;PACK;DWST17871;DeWALT DWST17871 — DWST17871;167,17;Quincaillerie;50,43;+43 %;référence seule (variante différente);mon prix est TRÈS au-dessus du prix idealo — ATTENTION : rapproché sur la référence seule, la version peut différer
DNBDA1550SZ;DeWALT DNBDA1550SZ — DNBDA1550SZ;115,94;OUTIL;DNBDA1550SZ;DeWALT DNBDA1550SZ — DNBDA1550SZ;166,14;Quincaillerie;50,20;+43 %;référence + variante;mon prix est TRÈS au-dessus du prix idealo
DWHT56032-0;DeWALT DWHT56032-0 — DWHT56032-0;115,64;OUTIL;DWHT56032-0;DeWALT DWHT56032-0 — DWHT56032-0;165,71;Quincaillerie;50,07;+43 %;référence + variante;mon prix est TRÈS au-dessus du prix idealo
DT70706M-QZ;DeWALT DT70706M-QZ Ensemble de forets et d’embouts avec mug thermique - 25 pieces;119,69;PACK;DT70706M-QZ;DeWALT DT70706M-QZ — DT70706M-QZ Ensemble de forets et d’embouts avec mug thermique - 25 pieces;170,80;Quincaillerie;51,11;+43 %;référence seule (variante différente);mon prix est TRÈS au-dessus du prix idealo — ATTENTION : rapproché sur la référence seule, la version peut différer
DWST1-70702;DeWalt Combo TSTAK (DWST1-70702);119,27;PACK+COFFRET;DWST1-70702;DeWALT DWST1-70702 — Combo TSTAK (DWST1-70702);170,20;Quincaillerie;50,93;+43 %;référence seule (variante différente);mon prix est TRÈS au-dessus du prix idealo — ATTENTION : rapproché sur la référence seule, la version peut différer
DT3752;DeWalt Disque de Coupe Diamant (DT3752);119,22;OUTIL;DT3752;DeWALT DT3752 — Disque de Coupe Diamant (DT3752);170,12;Quincaillerie;50,90;+43 %;référence + variante;mon prix est TRÈS au-dessus du prix idealo
DNF60;DEWALT PowerCoil ongles DNF 60 mm 9.9 KST. Bague Tige, 1 pièce, dnf25r60e;119,17;OUTIL;DNF60;DeWALT DNF60 — PowerCoil ongles DNF 60 mm 9.9 KST. Bague Tige, 1 pièce, dnf25r60e;170,05;Quincaillerie;50,88;+43 %;référence + variante;mon prix est TRÈS au-dessus du prix idealo
EU2-972;DeWalt Truelle de finition en acier inoxydable dorée courbée 14in (EU2-972);119,11;OUTIL;EU2-972;DeWALT EU2-972 — Truelle de finition en acier inoxydable dorée courbée 14in (EU2-972);170,09;Quincaillerie;50,98;+43 %;référence + variante;mon prix est TRÈS au-dessus du prix idealo
DN350-XJ;DeWALT DN350-XJ Clou Duplex 21° (16D) À Tige En Plastique - 76/89 X 3,3 Mm - 2 000 Pièces;118,69;OUTIL;DN350-XJ;DeWALT DN350-XJ — DN350-XJ Clou Duplex 21° (16D) À Tige En Plastique - 76/89 X 3,3 Mm - 2 000 Pièces;169,49;Quincaillerie;50,80;+43 %;référence + variante;mon prix est TRÈS au-dessus du prix idealo
DCA1820;DeWalt Adaptateur de batterie pour outil de 18 V, DCA1820;118,21;ACCESSOIRE;DCA1820;DeWALT DCA1820 — Adaptateur de batterie pour outil de 18 V, DCA1820;168,92;Quincaillerie;50,71;+43 %;référence + variante;mon prix est TRÈS au-dessus du prix idealo
HSS40;DEWALT-fraise à carotter HSS 40 mm;117,74;OUTIL;HSS40;DeWALT HSS40 — DEWALT-fraise à carotter HSS 40 mm;168,37;Quincaillerie;50,63;+43 %;référence + variante;mon prix est TRÈS au-dessus du prix idealo
DE0882;DeWalt Mire graduée DE0882;116,41;OUTIL;DE0882;DeWALT DE0882 — Mire graduée DE0882;166,70;Quincaillerie;50,29;+43 %;référence + variante;mon prix est TRÈS au-dessus du prix idealo
DWST08330-1;DeWalt ToughSystem 2.0 DWST08330-1;116,33;PACK+COFFRET;DWST08330-1;DeWALT DWST08330-1 — ToughSystem 2.0 DWST08330-1;166,58;Quincaillerie;50,25;+43 %;référence seule (variante différente);mon prix est TRÈS au-dessus du prix idealo — ATTENTION : rapproché sur la référence seule, la version peut différer
DWST1-75694;DeWalt TOUGHSYSTEM Système de rangement mural (DWST1-75694);116,00;PACK+COFFRET;DWST1-75694;DeWALT DWST1-75694 — TOUGHSYSTEM Système de rangement mural (DWST1-75694);166,22;Quincaillerie;50,22;+43 %;référence seule (variante différente);mon prix est TRÈS au-dessus du prix idealo — ATTENTION : rapproché sur la référence seule, la version peut différer
DT70736TM-QZ;DeWalt FLEXTORQ ToughCase Coffret 32 Embouts de Vissage avec Mug (DT70736TM-QZ);120,57;PACK+COFFRET;DT70736TM-QZ;DeWALT DT70736TM-QZ — FLEXTORQ ToughCase Coffret 32 Embouts de Vissage avec Mug (DT70736TM-QZ);171,82;Quincaillerie;51,25;+43 %;référence seule (variante différente);mon prix est TRÈS au-dessus du prix idealo — ATTENTION : rapproché sur la référence seule, la version peut différer
DT20699-QZ;DEWALT DT20699-QZ Bandoulière;119,99;OUTIL;DT20699-QZ;DeWALT DT20699-QZ — DT20699-QZ Bandoulière;171,11;Quincaillerie;51,12;+43 %;référence + variante;mon prix est TRÈS au-dessus du prix idealo
DWMT86090-0;"DeWalt Jeu de douilles à impact 1/2"" 13-24mm, 8 pièces (DWMT86090-0)";88,26;OUTIL;DWMT86090-0;"DeWALT DWMT86090-0 — Jeu de douilles à impact 1/2"" 13-24mm, 8 pièces (DWMT86090-0)";126,61;Quincaillerie;38,35;+43 %;référence + variante;mon prix est TRÈS au-dessus du prix idealo
DCF620NT;DeWALT DCF620NT-XJ — Visseuse à placo 18V XR (solo, coffret TSTAK);138,79;OUTIL+COFFRET;DCF620NT-XJ;DeWALT DCF620NT-XJ — Visseuse à placo 18V XR (solo, coffret TSTAK);196,75;Perçage, vissage et boulonnage;57,96;+42 %;référence + variante;mon prix est TRÈS au-dessus du prix idealo
DCV100N;DeWalt DCV 100 N 1 x Battery without Charger;169,02;PACK+CHARGEUR;DCV100-XJ;DeWALT DCV100-XJ — Souffleur compact sans fil 18V XR (machine seule);98,78;Souffleurs;70,24;−42 %;référence seule (variante différente);mon prix est SOUS le prix idealo — ATTENTION : rapproché sur la référence seule, la version peut différer
DCF892NT-XJ;DeWALT DCF892NT-XJ — DCF892NT-XJ;239,10;OUTIL;DCF892NT-XJ;DeWALT DCF892NT-XJ — DCF892NT-XJ;340,00;Perçage, vissage et boulonnage;100,90;+42 %;référence + variante;mon prix est TRÈS au-dessus du prix idealo
DCG421N-XJ;DeWALT DCG421N-XJ — DCG421N-XJ;239,00;OUTIL;DCG421N-XJ;DeWALT DCG421N-XJ — DCG421N-XJ;339,86;Meulage, découpe et polissage;100,86;+42 %;référence + variante;mon prix est TRÈS au-dessus du prix idealo
DCN701N;DeWALT DCN701N — DCN701N;238,99;OUTIL;DCN701N;DeWALT DCN701N — DCN701N;339,84;Perçage, vissage et boulonnage;100,85;+42 %;référence + variante;mon prix est TRÈS au-dessus du prix idealo
DCE088NG18-XJ;DeWALT DCE088NG18-XJ — DCE088NG18-XJ;238,10;OUTIL;DCE088NG18-XJ;DeWALT DCE088NG18-XJ — DCE088NG18-XJ;338,58;Accessoires;100,48;+42 %;référence + variante;mon prix est TRÈS au-dessus du prix idealo
DCR027;DeWALT DCR027 — DCR027;235,38;OUTIL;DCR027;DeWALT DCR027 — DCR027;335,41;Accessoires;100,03;+42 %;référence + variante;mon prix est TRÈS au-dessus du prix idealo
DCF894N-XJ;"DEWALT Clé à Chocs Compacte 1/2"" XR 18V sans Batterie ni Chargeur DCF894N-XJ";239,00;PACK+CHARGEUR;DCF894N-XJ;"DeWALT DCF894N-XJ — Clé à Chocs Compacte 1/2"" XR 18V sans Batterie ni Chargeur DCF894N-XJ";339,86;Perçage, vissage et boulonnage;100,86;+42 %;référence seule (variante différente);mon prix est TRÈS au-dessus du prix idealo — ATTENTION : rapproché sur la référence seule, la version peut différer
DCS491;DeWALT DCS491 — DCS491;244,33;OUTIL;DCS491;DeWALT DCS491 — DCS491;346,21;Meulage, découpe et polissage;101,88;+42 %;référence + variante;mon prix est TRÈS au-dessus du prix idealo
DWE4997-QS;DeWALT DWE4997-QS — DWE4997-QS;240,89;OUTIL;DWE4997-QS;DeWALT DWE4997-QS — DWE4997-QS;342,06;Meulage, découpe et polissage;101,17;+42 %;référence + variante;mon prix est TRÈS au-dessus du prix idealo
DCG404;DeWALT DCG404 — DCG404;239,99;OUTIL;DCG404;DeWALT DCG404 — DCG404;341,03;Meulage, découpe et polissage;101,04;+42 %;référence + variante;mon prix est TRÈS au-dessus du prix idealo
DCM572N-XJ;DeWALT DCM572N-XJ — DCM572N-XJ;246,10;OUTIL;DCM572N-XJ;DeWALT DCM572N-XJ — DCM572N-XJ;348,48;Tronçonnage et élagage;102,38;+42 %;référence + variante;mon prix est TRÈS au-dessus du prix idealo
DCM571N;DeWALT DCM571N — DCM571N;245,99;PACK;DCM571N;DeWALT DCM571N — DCM571N;348,32;Tronçonnage et élagage;102,33;+42 %;référence seule (variante différente);mon prix est TRÈS au-dessus du prix idealo — ATTENTION : rapproché sur la référence seule, la version peut différer
DCDW102-XJ;DEWALT DCDW102-XJ DCDW102-XJ Couronne de perçage à eau diamantée 61 mm 1 pc(s);247,49;OUTIL;DCDW102-XJ;DeWALT DCDW102-XJ — DCDW102-XJ DCDW102-XJ Couronne de perçage à eau diamantée 61 mm 1 pc(s);350,20;Perçage, vissage et boulonnage;102,71;+42 %;référence + variante;mon prix est TRÈS au-dessus du prix idealo
DCF85ME2GT-QW;DEWALT DCF85ME2GT-QW;293,00;OUTIL;DCF85M;DeWALT DCF85M — Perceuse et visseuse à chocs sans balais DEWALT DCF85M 20V | Outil électrique avec couple de 205 Nm, 0-3250 tr/min, mand;171,14;Perçage, vissage et boulonnage;121,86;−42 %;référence + variante;mon prix est SOUS le prix idealo
DCH273NT;DeWalt DCH 273 NT 18 V Brushless Perforateur-burineur SDS-Plus + Coffret TSTAK + 5 forets - sans Batterie, sans Chargeur;291,40;PACK+COFFRET+CHARGEUR;DCH273P1T-QW;DeWALT DCH273P1T-QW — Perforateur burineur SDS-Plus 18V XR (1×5,0 Ah + chargeur + coffret);412,73;Perforateurs;121,33;+42 %;référence seule (variante différente);mon prix est TRÈS au-dessus du prix idealo — ATTENTION : rapproché sur la référence seule, la version peut différer
DCB115H2-QW;Starter-Kit 18V Powerstack (2x5,0 Ah) avec chargeur - DCB115H2-QW;289,90;PACK+2X5.0+CHARGEUR;DCB115E2-QW;DeWALT DCB115E2-QW — 2 Batteries Powerstack XR 18V 1.7Ah ( DCB115E2-QW );168,53;Batteries et chargeurs;121,37;−42 %;référence seule (variante différente);mon prix est SOUS le prix idealo — ATTENTION : rapproché sur la référence seule, la version peut différer
DCF870E2T-QW;DEWALT DCF870E2T-QW;321,70;PACK;DCF870N-XJ;DeWALT DCF870N-XJ — Visseuse à chocs hydraulique 18V XR (machine seule);185,74;Perçage, vissage et boulonnage;135,96;−42 %;référence seule (variante différente);mon prix est SOUS le prix idealo — ATTENTION : rapproché sur la référence seule, la version peut différer
DCS380M2;DEWALT DCS380M2;430,72;PACK;DCS380;DeWALT DCS380 — DCS380;251,17;Scies;179,55;−42 %;référence seule (variante différente);mon prix est SOUS le prix idealo — ATTENTION : rapproché sur la référence seule, la version peut différer
DCS577T2;DEWALT DCS577T2;768,57;PACK;DCS577N-XJ;DeWALT DCS577N-XJ — DCS577N-XJ;444,65;Scies;323,92;−42 %;référence seule (variante différente);mon prix est SOUS le prix idealo — ATTENTION : rapproché sur la référence seule, la version peut différer
DWMT74739;"DEWALT DWMT74739 Coffret de douilles à choc 1/2"" 23 pièces";117,55;PACK+COFFRET;DWMT74739;"DeWALT DWMT74739 — DWMT74739 Coffret de douilles à choc 1/2"" 23 pièces";166,64;Quincaillerie;49,09;+42 %;référence seule (variante différente);mon prix est TRÈS au-dessus du prix idealo — ATTENTION : rapproché sur la référence seule, la version peut différer
DT2966;DeWALT DT2966 — DT2966;124,28;OUTIL;DT2966;DeWALT DT2966 — DT2966;176,35;Quincaillerie;52,07;+42 %;référence + variante;mon prix est TRÈS au-dessus du prix idealo
DT60847-QZ;DeWALT DT60847-QZ — DT60847-QZ;122,46;OUTIL;DT60847-QZ;DeWALT DT60847-QZ — DT60847-QZ;174,14;Quincaillerie;51,68;+42 %;référence + variante;mon prix est TRÈS au-dessus du prix idealo
DWST83411-1;DeWALT DWST83411-1 — DWST83411-1;121,73;PACK;DWST83411-1;DeWALT DWST83411-1 — DWST83411-1;173,22;Quincaillerie;51,49;+42 %;référence seule (variante différente);mon prix est TRÈS au-dessus du prix idealo — ATTENTION : rapproché sur la référence seule, la version peut différer
DWST1-71196;DeWalt Chariot T-Stak (DWST1-71196);124,00;PACK+COFFRET;DWST1-71196;DeWALT DWST1-71196 — Chariot T-Stak (DWST1-71196);176,08;Quincaillerie;52,08;+42 %;référence seule (variante différente);mon prix est TRÈS au-dessus du prix idealo — ATTENTION : rapproché sur la référence seule, la version peut différer
DT90356-QZ;DeWalt Extreme Ensemble de Scies-Cloches Bi-Métal Électricien 11 pièces en Coffret (DT90356-QZ);122,98;PACK+COFFRET;DT90356-QZ;DeWALT DT90356-QZ — Extreme Ensemble de Scies-Cloches Bi-Métal Électricien 11 pièces en Coffret (DT90356-QZ);174,76;Quincaillerie;51,78;+42 %;référence seule (variante différente);mon prix est TRÈS au-dessus du prix idealo — ATTENTION : rapproché sur la référence seule, la version peut différer
DT90354;DeWalt Bim Electrician's Hole Saw 11-piece Set DT90354;121,99;PACK;DT90354;DeWALT DT90354 — Bim Electrician's Hole Saw 11-piece Set DT90354;173,59;Quincaillerie;51,60;+42 %;référence seule (variante différente);mon prix est TRÈS au-dessus du prix idealo — ATTENTION : rapproché sur la référence seule, la version peut différer
DT8351-QZ;DeWALT DT8351-QZ — DT8351-QZ;126,66;OUTIL;DT8351-QZ;DeWALT DT8351-QZ — DT8351-QZ;179,35;Quincaillerie;52,69;+42 %;référence + variante;mon prix est TRÈS au-dessus du prix idealo
DT40257-QZ;DeWALT DT40257-QZ — DT40257-QZ;124,75;OUTIL;DT40257-QZ;DeWALT DT40257-QZ — DT40257-QZ;177,02;Quincaillerie;52,27;+42 %;référence + variante;mon prix est TRÈS au-dessus du prix idealo
DT4957-QZ;DeWalt Coffret de forets métaux HSS-CO 29 pièces (DT4957-QZ);127,03;PACK+COFFRET;DT4957-QZ;DeWALT DT4957-QZ — Coffret de forets métaux HSS-CO 29 pièces (DT4957-QZ);179,75;Quincaillerie;52,72;+42 %;référence seule (variante différente);mon prix est TRÈS au-dessus du prix idealo — ATTENTION : rapproché sur la référence seule, la version peut différer
DT60231-QZ;DeWalt Foret aspirant SDS-Max Ø18mm, 400/600mm (DT60231-QZ);126,30;OUTIL;DT60231-QZ;DeWALT DT60231-QZ — Foret aspirant SDS-Max Ø18mm, 400/600mm (DT60231-QZ);178,84;Quincaillerie;52,54;+42 %;référence + variante;mon prix est TRÈS au-dessus du prix idealo
DCD996;DeWALT DCD996N — Perceuse à percussion 18V XR Brushless (machine seule);149,88;OUTIL;DCD996N;DeWALT DCD996N — Perceuse à percussion 18V XR Brushless (machine seule);212,06;Perçage, vissage et boulonnage;62,18;+41 %;référence + variante;mon prix est TRÈS au-dessus du prix idealo
DCMHT567N-XJ;DeWALT DCMHT567N-XJ — DCMHT567N-XJ;209,90;OUTIL;DCMHT567N-XJ;DeWALT DCMHT567N-XJ — DCMHT567N-XJ;295,81;Tronçonnage et élagage;85,91;+41 %;référence + variante;mon prix est TRÈS au-dessus du prix idealo
DCF520;DeWALT DCF520 — DCF520;250,00;OUTIL;DCF520;DeWALT DCF520 — DCF520;353,26;Perçage, vissage et boulonnage;103,26;+41 %;référence + variante;mon prix est TRÈS au-dessus du prix idealo
DXCMS156RE;DeWALT DXCMS156RE — DXCMS156RE;249,90;OUTIL;DXCMS156RE;DeWALT DXCMS156RE — DXCMS156RE;353,11;Accessoires;103,21;+41 %;référence + variante;mon prix est TRÈS au-dessus du prix idealo
D26500K;DeWALT D26500K — D26500K;249,60;OUTIL;D26500K;DeWALT D26500K — D26500K;352,93;Scies;103,33;+41 %;référence + variante;mon prix est TRÈS au-dessus du prix idealo
DCK795S2T;DeWALT DCK795S2T — DCK795S2T;247,98;OUTIL;DCK795S2T;DeWALT DCK795S2T — DCK795S2T;350,89;Combos;102,91;+41 %;référence + variante;mon prix est TRÈS au-dessus du prix idealo
DCDW108;DeWALT DCDW108 — DCDW108;247,50;OUTIL;DCDW108;DeWALT DCDW108 — DCDW108;350,21;Perçage, vissage et boulonnage;102,71;+41 %;référence + variante;mon prix est TRÈS au-dessus du prix idealo
DCF86MP1T;DeWalt McLaren F1 Team DCF86MP1T 18V 1x 5,0 Ah und Ladegerät in TSTAK;249,59;PACK+1X5.0+COFFRET;DCF86MP1T;DeWALT DCF86MP1T — McLaren F1 Team DCF86MP1T 18V 1x 5,0 Ah und Ladegerät in TSTAK;352,92;Perçage, vissage et boulonnage;103,33;+41 %;référence seule (variante différente);mon prix est TRÈS au-dessus du prix idealo — ATTENTION : rapproché sur la référence seule, la version peut différer
DCD86MP1T-QW;DeWalt Cordless Impact Drill/Driver DCD86MP1T-QW;249,54;PACK;DCD86MP1T-QW;DeWALT DCD86MP1T-QW — Cordless Impact Drill/Driver DCD86MP1T-QW;352,85;Perçage, vissage et boulonnage;103,31;+41 %;référence seule (variante différente);mon prix est TRÈS au-dessus du prix idealo — ATTENTION : rapproché sur la référence seule, la version peut différer
DT70523TM-QZ;DEWALT DT70523TM-QZ DT70523TM-QZ-Expositor Merchandiser DT70523T x 12;249,06;OUTIL;DT70523TM-QZ;DeWALT DT70523TM-QZ — DT70523TM-QZ DT70523TM-QZ-Expositor Merchandiser DT70523T x 12;352,18;Combos;103,12;+41 %;référence + variante;mon prix est TRÈS au-dessus du prix idealo
DCF850P1T-QW;Dewalt DCF850P1T-QW Visseuse à chocs ultra compacte XR 18V 1 X 5AH Li-Ion Brushless;247,39;PACK+1X5;DCF850P2T;"DeWALT DCF850P2T — Visseuse a chocs 1/4"" XR 18V Ultra-compacte (2x5Ah + TSTAK)";349,00;Perçage, vissage et boulonnage;101,61;+41 %;référence seule (variante différente);mon prix est TRÈS au-dessus du prix idealo — ATTENTION : rapproché sur la référence seule, la version peut différer
D25333K;DeWALT D25333K — D25333K;256,00;OUTIL;D25333K;DeWALT D25333K — D25333K;360,71;Perforateurs;104,71;+41 %;référence + variante;mon prix est TRÈS au-dessus du prix idealo
DCF902D2-QW;DeWALT DCF902D2-QW — DCF902D2-QW;255,16;PACK;DCF902D2-QW;DeWALT DCF902D2-QW — DCF902D2-QW;359,77;Perçage, vissage et boulonnage;104,61;+41 %;référence seule (variante différente);mon prix est TRÈS au-dessus du prix idealo — ATTENTION : rapproché sur la référence seule, la version peut différer
DCK2110L2T-QW;DeWALT DCK2110L2T-QW — DCK2110L2T-QW;253,87;PACK;DCK2110L2T-QW;DeWALT DCK2110L2T-QW — DCK2110L2T-QW;357,96;Combos;104,09;+41 %;référence seule (variante différente);mon prix est TRÈS au-dessus du prix idealo — ATTENTION : rapproché sur la référence seule, la version peut différer
DPN46RN-XJ;DeWALT DPN46RN-XJ — DPN46RN-XJ;253,45;OUTIL;DPN46RN-XJ;DeWALT DPN46RN-XJ — DPN46RN-XJ;357,61;Perçage, vissage et boulonnage;104,16;+41 %;référence + variante;mon prix est TRÈS au-dessus du prix idealo
DW0811;DeWALT DW0811 — DW0811;253,18;OUTIL;DW0811;DeWALT DW0811 — DW0811;357,24;Accessoires;104,06;+41 %;référence + variante;mon prix est TRÈS au-dessus du prix idealo
DCL079-XJ;DeWALT DCL079-XJ — DCL079-XJ;250,99;PACK;DCL079-XJ;DeWALT DCL079-XJ — DCL079-XJ;354,65;Accessoires;103,66;+41 %;référence seule (variante différente);mon prix est TRÈS au-dessus du prix idealo — ATTENTION : rapproché sur la référence seule, la version peut différer
DCF902;DEWALT DCF902;255,16;OUTIL;DCF902D2-QW;DeWALT DCF902D2-QW — DCF902D2-QW;359,77;Perçage, vissage et boulonnage;104,61;+41 %;référence + variante;mon prix est TRÈS au-dessus du prix idealo
DCB283BC;DEWALT Pack 2 batteries bluetooth 18V 2Ah + Adapt USB - DCB283BC;254,09;PACK+1X2;DCB283BC;DeWALT DCB283BC — Pack 2 batteries bluetooth 18V 2Ah + Adapt USB - DCB283BC;358,27;Batteries et chargeurs;104,18;+41 %;référence seule (variante différente);mon prix est TRÈS au-dessus du prix idealo — ATTENTION : rapproché sur la référence seule, la version peut différer
DCK2067D2T-QW;DEWALT - Kit 2 outils XR 18V 2Ah Li-Ion : Perceuse visseuse Compact Brushless + Gonfleur - DCK2067D2T-QW;251,45;PACK+1X2;DCK2067D2T-QW;DeWALT DCK2067D2T-QW — Référence DCK2067D2T-QW — descriptif à compléter;355,04;Combos;103,59;+41 %;référence seule (variante différente);mon prix est TRÈS au-dessus du prix idealo — ATTENTION : rapproché sur la référence seule, la version peut différer
DCS578NT-XJ;DeWALT DCS578NT-XJ — DCS578NT-XJ;259,18;OUTIL;DCS578NT-XJ;DeWALT DCS578NT-XJ — DCS578NT-XJ;364,67;Scies;105,49;+41 %;référence + variante;mon prix est TRÈS au-dessus du prix idealo
DCE050N-XJ;DeWALT DCE050N-XJ — DCE050N-XJ;258,68;OUTIL;DCE050N-XJ;DeWALT DCE050N-XJ — DCE050N-XJ;363,96;Accessoires;105,28;+41 %;référence + variante;mon prix est TRÈS au-dessus du prix idealo
DCK2062D2T-QW;DeWALT DCK2062D2T-QW — DCK2062D2T-QW;256,74;PACK;DCK2062D2T-QW;DeWALT DCK2062D2T-QW — DCK2062D2T-QW;361,49;Combos;104,75;+41 %;référence seule (variante différente);mon prix est TRÈS au-dessus du prix idealo — ATTENTION : rapproché sur la référence seule, la version peut différer
DCD85MM2T;DeWalt McLaren DCD85MM2T Impact Drill incl. 2nd Battery, incl. Charger;259,90;PACK+CHARGEUR;DCD85MM2T;DeWALT DCD85MM2T — McLaren DCD85MM2T Impact Drill incl. 2nd Battery, incl. Charger;365,42;Perçage, vissage et boulonnage;105,52;+41 %;référence seule (variante différente);mon prix est TRÈS au-dessus du prix idealo — ATTENTION : rapproché sur la référence seule, la version peut différer
DCD85MM2T;DeWalt McLaren DCD85MM2T Impact Drill;259,90;PACK;DCD85MM2T;DeWALT DCD85MM2T — McLaren DCD85MM2T Impact Drill incl. 2nd Battery, incl. Charger;365,42;Perçage, vissage et boulonnage;105,52;+41 %;référence seule (variante différente);mon prix est TRÈS au-dessus du prix idealo — ATTENTION : rapproché sur la référence seule, la version peut différer
DCG405NT-XJ;Meuleuse Ø125 mm 18V DCG405NT-XJ + 1 batterie 18V 5 Ah + 1 chargeur DCB1104-QW + 25 disques DEWALT;269,90;PACK+1X5+CHARGEUR;DCG405N;DeWALT DCG405N — Meuleuse 125 mm 18V XR Brushless (outil nu);159,00;Meulage, découpe et polissage;110,90;−41 %;référence seule (variante différente);mon prix est SOUS le prix idealo — ATTENTION : rapproché sur la référence seule, la version peut différer
DCD805NT;DeWalt DCD 805 NT Perceuse-visseuse à percussion sans fil 18 V 90 Nm Brushless + 1x batterie Powerstack 5,0 Ah + TSTAK -;284,43;PACK+1X5.0+COFFRET;DCD805NT-XJ;DeWALT DCD805NT-XJ — Perceuse-visseuse à percussion 18V DCD805NT-XJ;401,42;Perçage, vissage et boulonnage;116,99;+41 %;référence seule (variante différente);mon prix est TRÈS au-dessus du prix idealo — ATTENTION : rapproché sur la référence seule, la version peut différer
DCH273NT;DeWALT DCH273NT-XJ — Perforateur SDS Plus 18V DCH273NT-XJ;292,33;PACK;DCH273P1T-QW;DeWALT DCH273P1T-QW — Perforateur burineur SDS-Plus 18V XR (1×5,0 Ah + chargeur + coffret);412,73;Perforateurs;120,40;+41 %;référence seule (variante différente);mon prix est TRÈS au-dessus du prix idealo — ATTENTION : rapproché sur la référence seule, la version peut différer
DCF85MM2T-QW;DEWALT DCF85MM2T-QW;289,90;PACK;DCF85M;DeWALT DCF85M — Perceuse et visseuse à chocs sans balais DEWALT DCF85M 20V | Outil électrique avec couple de 205 Nm, 0-3250 tr/min, mand;171,14;Perçage, vissage et boulonnage;118,76;−41 %;référence seule (variante différente);mon prix est SOUS le prix idealo — ATTENTION : rapproché sur la référence seule, la version peut différer
DCS570M2-QW;Dewalt DCS570M2-QW Scie circulaire XR Li-Ion 18V Brushless + 2 x 4.0Ah Batteries + Chargeur + Coffret TSTAK;359,74;PACK+2X4.0+COFFRET+CHARGEUR;DCS570N;DeWALT DCS570N — Scie circulaire 18V XR Brushless Ø184 mm (machine seule);211,49;Scies;148,25;−41 %;référence seule (variante différente);mon prix est SOUS le prix idealo — ATTENTION : rapproché sur la référence seule, la version peut différer
DCH253M2-QW;DEWALT - Perforateur SDS-PLUS Brushless 2.1J 18V 4Ah Li-Ion - DCH253M2-QW & Jeu de 3 Burins SDS-PLUS - DT60330-QZ - 2 Bu;462,04;PACK+1X4;DCH253N;DeWALT DCH253N — DCH253N;273,66;Perforateurs;188,38;−41 %;référence seule (variante différente);mon prix est SOUS le prix idealo — ATTENTION : rapproché sur la référence seule, la version peut différer
DT60234-QZ;Dewalt DT60234-QZ Foret aspirant SDS-Max diamètre 28mm longueur 400mm;129,69;OUTIL;DT60234-QZ;DeWALT DT60234-QZ — DT60234-QZ Foret aspirant SDS-Max diamètre 28mm longueur 400mm;183,12;Quincaillerie;53,43;+41 %;référence + variante;mon prix est TRÈS au-dessus du prix idealo
DT20465-QZ;DeWalt Disque Diamant pour Béton Renforcé Ø355x25,4mm (DT20465-QZ);129,44;OUTIL;DT20465-QZ;DeWALT DT20465-QZ — Disque Diamant pour Béton Renforcé Ø355x25,4mm (DT20465-QZ);182,77;Quincaillerie;53,33;+41 %;référence + variante;mon prix est TRÈS au-dessus du prix idealo
DT20463-QZ;DeWalt Elite Series Disque Diamant Segmenté Tout Usage 300mm (DT20463-QZ);128,52;OUTIL;DT20463-QZ;DeWALT DT20463-QZ — Elite Series Disque Diamant Segmenté Tout Usage 300mm (DT20463-QZ);181,60;Quincaillerie;53,08;+41 %;référence + variante;mon prix est TRÈS au-dessus du prix idealo
DT20467-QZ;DeWalt Elite Series Disque Diamant Segmenté Asphalte 350x25,4mm (DT20467-QZ);128,52;OUTIL;DT20467-QZ;DeWALT DT20467-QZ — Elite Series Disque Diamant Segmenté Asphalte 350x25,4mm (DT20467-QZ);181,60;Quincaillerie;53,08;+41 %;référence + variante;mon prix est TRÈS au-dessus du prix idealo
DWST60107-1;DeWALT DWST60107-1 — DWST60107-1;132,74;OUTIL;DWST60107-1;DeWALT DWST60107-1 — DWST60107-1;186,77;Quincaillerie;54,03;+41 %;référence + variante;mon prix est TRÈS au-dessus du prix idealo
XR18V;DEWALT Souffleur Brushless XR 18V 5Ah Li-ION - Souffleur Électrique Portable sans Fil & Recharge de Fil Coupe Bordure 2,;134,44;OUTIL+1X5;XR18V;DeWALT XR18V — Souffleur Brushless XR 18V 5Ah Li-ION - Souffleur Électrique Portable sans Fil & Recharge de Fil Coupe Bordure 2,;188,89;Quincaillerie;54,45;+41 %;référence + variante;mon prix est TRÈS au-dessus du prix idealo
DCB184;Batterie d'outil originale LiIon 18V 5,0Ah Dewalt DCB184;134,05;PACK+1X5.0;DCB184;DeWALT DCB184 — Batterie 18V XR Li-Ion 5,0 Ah (témoin de charge LED);80,39;Batteries et chargeurs;53,66;−40 %;référence seule (variante différente);mon prix est SOUS le prix idealo — ATTENTION : rapproché sur la référence seule, la version peut différer
DWMT73803;DeWALT DWMT73803 — DWMT73803;262,64;PACK;DWMT73803;DeWALT DWMT73803 — DWMT73803;368,75;Combos;106,11;+40 %;référence seule (variante différente);mon prix est TRÈS au-dessus du prix idealo — ATTENTION : rapproché sur la référence seule, la version peut différer
DCB549-XJ;DeWALT DCB549-XJ — DCB549-XJ;261,09;PACK;DCB549-XJ;DeWALT DCB549-XJ — DCB549-XJ;366,83;Batteries et chargeurs;105,74;+40 %;référence seule (variante différente);mon prix est TRÈS au-dessus du prix idealo — ATTENTION : rapproché sur la référence seule, la version peut différer
DCW682NT-XJ;DeWALT DCW682NT-XJ — DCW682NT-XJ;269,00;OUTIL;DCW682NT-XJ;DeWALT DCW682NT-XJ — DCW682NT-XJ;376,60;Meulage, découpe et polissage;107,60;+40 %;référence + variante;mon prix est TRÈS au-dessus du prix idealo
DCM651PB-S;DeWALT DCM651PB-S — DCM651PB-S;268,61;PACK;DCM651PB-S;DeWALT DCM651PB-S — DCM651PB-S;376,32;Tronçonnage et élagage;107,71;+40 %;référence seule (variante différente);mon prix est TRÈS au-dessus du prix idealo — ATTENTION : rapproché sur la référence seule, la version peut différer
DCS389NT-XJ;DeWALT DCS389NT-XJ — DCS389NT-XJ;267,09;OUTIL;DCS389NT-XJ;DeWALT DCS389NT-XJ — DCS389NT-XJ;374,46;Scies;107,37;+40 %;référence + variante;mon prix est TRÈS au-dessus du prix idealo
DWST1-81079;DeWALT DWST1-81079 — DWST1-81079;266,00;OUTIL;DWST1-81079;DeWALT DWST1-81079 — DWST1-81079;372,94;Accessoires;106,94;+40 %;référence + variante;mon prix est TRÈS au-dessus du prix idealo
DCS377NT-XJ;DeWALT DCS377NT-XJ — DCS377NT-XJ;275,58;OUTIL;DCS377NT-XJ;DeWALT DCS377NT-XJ — DCS377NT-XJ;384,71;Scies;109,13;+40 %;référence + variante;
DW294;DeWALT DW294 — DW294;275,33;OUTIL;DW294;DeWALT DW294 — DW294;384,36;Perçage, vissage et boulonnage;109,03;+40 %;référence + variante;
DCE0822D1R;DeWALT DCE0822D1R — DCE0822D1R;274,99;OUTIL;DCE0822D1R;DeWALT DCE0822D1R — DCE0822D1R;384,16;Accessoires;109,17;+40 %;référence + variante;
DXCMS2550HE;DeWALT DXCMS2550HE — DXCMS2550HE;273,99;OUTIL;DXCMS2550HE;DeWALT DXCMS2550HE — DXCMS2550HE;382,76;Accessoires;108,77;+40 %;référence + variante;
DPN64C-XJ;DeWALT DPN64C-XJ — DPN64C-XJ;269,99;OUTIL;DPN64C-XJ;DeWALT DPN64C-XJ — DPN64C-XJ;377,99;Perçage, vissage et boulonnage;108,00;+40 %;référence + variante;mon prix est TRÈS au-dessus du prix idealo
DCGG581N-XJ;Pompe à graisse 18V DCGG581N-XJ DEWALT;269,90;OUTIL;DCGG581N-XJ;DeWALT DCGG581N-XJ — Pompe à graisse 18V DCGG581N-XJ DEWALT;377,86;Accessoires;107,96;+40 %;référence + variante;mon prix est TRÈS au-dessus du prix idealo
DCE580N-XJ;DeWALT DCE580N-XJ — DCE580N-XJ;277,10;OUTIL;DCE580N-XJ;DeWALT DCE580N-XJ — DCE580N-XJ;386,56;Accessoires;109,46;+40 %;référence + variante;
DCG404S2T-QW;Meuleuse compacte 125 mm XR 18V 3,5 Ah Li-Ion Brushless powerstack - DEWALT - DCG404S2T-QW;566,72;OUTIL+1X3.5;DCG404;DeWALT DCG404 — DCG404;341,03;Meulage, découpe et polissage;225,69;−40 %;référence seule (variante différente);mon prix est SOUS le prix idealo — ATTENTION : rapproché sur la référence seule, la version peut différer
DCG200X2-QW;Dewalt DCG200X2-QW Rainureuse à béton XR Flexvolt 54V Li-Ion Brushless 2x 9.0Ah + chargeur en Tstak;824,38;PACK+2X9.0+COFFRET+CHARGEUR;DCG200NT;DeWALT DCG200NT — DCG200NT;495,18;Meulage, découpe et polissage;329,20;−40 %;référence seule (variante différente);mon prix est SOUS le prix idealo — ATTENTION : rapproché sur la référence seule, la version peut différer
DT71563-QZ;DEWALT Kit Premium 8 Outils XR 18V 5Ah Brushless - Perceuse Visseuse à Percussion, Visseuse à Chocs & Coffret de 100 Piè;1813,87;PACK+1X5+COFFRET;DT71563-QZ;DeWALT DT71563-QZ — Kit Premium 8 Outils XR 18V 5Ah Brushless - Perceuse Visseuse à Percussion, Visseuse à Chocs & Coffret de 100 Piè;2548,31;Combos;734,44;+40 %;référence seule (variante différente);mon prix est TRÈS au-dessus du prix idealo — ATTENTION : rapproché sur la référence seule, la version peut différer
DCR020;DeWALT DCR020 — DCR020;137,15;OUTIL;DCR020;DeWALT DCR020 — DCR020;192,29;Quincaillerie;55,14;+40 %;référence + variante;mon prix est TRÈS au-dessus du prix idealo
DT70777-QZ;DeWALT DT70777-QZ — DT70777-QZ;134,48;PACK;DT70777-QZ;DeWALT DT70777-QZ — DT70777-QZ;188,94;Quincaillerie;54,46;+40 %;référence seule (variante différente);mon prix est TRÈS au-dessus du prix idealo — ATTENTION : rapproché sur la référence seule, la version peut différer
DWST1-72339;DeWALT DWST1-72339 — DWST1-72339;140,68;OUTIL;DWST1-72339;DeWALT DWST1-72339 — DWST1-72339;196,52;Quincaillerie;55,84;+40 %;référence + variante;
DT1921-QZ;DeWALT DT1921-QZ — DT1921-QZ;139,99;OUTIL;DT1921-QZ;DeWALT DT1921-QZ — DT1921-QZ;195,71;Quincaillerie;55,72;+40 %;référence + variante;
355/25;DeWALT 355/25 — 355/25;139,85;OUTIL;355/25;DeWALT 355/25 — 355/25;195,52;Quincaillerie;55,67;+40 %;référence + variante;
DWST540601;DeWALT DWST540601 — DWST540601;139,68;OUTIL;DWST540601;DeWALT DWST540601 — DWST540601;195,41;Quincaillerie;55,73;+40 %;référence + variante;
DT60230-QZ;DeWalt Foret Creux SDS-Max 16mm, Longueur 600mm (DT60230-QZ);141,98;OUTIL;DT60230-QZ;DeWALT DT60230-QZ — Foret Creux SDS-Max 16mm, Longueur 600mm (DT60230-QZ);198,20;Quincaillerie;56,22;+40 %;référence + variante;
DT3894;DeWalt Couronne de forage sec diamant, G 1/2 pouce, 107 mm (DT3894);141,93;OUTIL;DT3894;DeWALT DT3894 — Couronne de forage sec diamant, G 1/2 pouce, 107 mm (DT3894);198,13;Quincaillerie;56,20;+40 %;référence + variante;
DT90361-QZ;DeWalt Jeu de scies cloches universelles BIM, 13 pièces (DT90361-QZ);140,99;OUTIL;DT90361-QZ;DeWALT DT90361-QZ — Jeu de scies cloches universelles BIM, 13 pièces (DT90361-QZ);196,97;Quincaillerie;55,98;+40 %;référence + variante;
DWAC02018;DEWALT DWAC02018 Fraise annulaire HSS 3,8 x 5,1 cm Soudure 1,9 cm;140,60;OUTIL;DWAC02018;DeWALT DWAC02018 — DWAC02018 Fraise annulaire HSS 3,8 x 5,1 cm Soudure 1,9 cm;196,42;Quincaillerie;55,82;+40 %;référence + variante;
DT9447-QZ;DeWalt SDS-max 42x570x450 mm DT9447-QZ;139,99;OUTIL;DT9447-QZ;DeWALT DT9447-QZ — SDS-max 42x570x450 mm DT9447-QZ;195,71;Quincaillerie;55,72;+40 %;référence + variante;
DT60846-QZ;DeWalt SDS-max 40x920x790 mm DT60846-QZ;138,98;OUTIL;DT60846-QZ;DeWALT DT60846-QZ — SDS-max 40x920x790 mm DT60846-QZ;194,44;Quincaillerie;55,46;+40 %;référence + variante;
DCF512N-XJ;"DeWALT DCF512N — Clé à cliquet 18V XR 1/2"" Brushless (produit seul)";157,19;OUTIL;DCF512N;"DeWALT DCF512N — Clé à cliquet 18V XR 1/2"" Brushless (produit seul)";218,59;Perçage, vissage et boulonnage;61,40;+39 %;référence + variante;
DCV100N;DeWalt DCV 100 N 1 x 4Ah Batterie sans chargeur;161,95;PACK+1X4+CHARGEUR;DCV100-XJ;DeWALT DCV100-XJ — Souffleur compact sans fil 18V XR (machine seule);98,78;Souffleurs;63,17;−39 %;référence seule (variante différente);mon prix est SOUS le prix idealo — ATTENTION : rapproché sur la référence seule, la version peut différer
DW682K;DeWALT DW682K-QS — Fraiseuse à lamelles filaire 600 W (coffret);206,96;OUTIL+COFFRET;DW682K-QS;DeWALT DW682K-QS — Fraiseuse à lamelles filaire 600 W (coffret);287,38;Lamelleuses;80,42;+39 %;référence + variante;
DWE6005;DeWALT DWE6005 — DWE6005;278,92;OUTIL;DWE6005;DeWALT DWE6005 — DWE6005;388,81;Scies;109,89;+39 %;référence + variante;
DT60302-QZ;DEWALT - Perforateur-Burineur SDS-PLUS Brushless 2.6J 18V 4Ah Li-Ion - Sans Fil avec Coffret TSTAK & Jeu de 6 Forets SDS;280,74;PACK+1X4+COFFRET;DT60302-QZ;DeWALT DT60302-QZ — Référence DT60302-QZ — descriptif à compléter;391,07;Perforateurs;110,33;+39 %;référence seule (variante différente);ATTENTION : rapproché sur la référence seule, la version peut différer
DCB115;DeWalt DCS 331P1 (1 x 5,0 Ah + DCB115 + TSTAK II);278,00;PACK+1X5.0+COFFRET;DCB115E2-QW;DeWALT DCB115E2-QW — 2 Batteries Powerstack XR 18V 1.7Ah ( DCB115E2-QW );168,53;Batteries et chargeurs;109,47;−39 %;référence seule (variante différente);mon prix est SOUS le prix idealo — ATTENTION : rapproché sur la référence seule, la version peut différer
DW23700;DeWALT DW23700 — DW23700;288,89;OUTIL;DW23700;DeWALT DW23700 — DW23700;401,27;Scies;112,38;+39 %;référence + variante;
D26203;DeWALT D26203 — D26203;287,89;OUTIL;D26203;DeWALT D26203 — D26203;399,88;Scies;111,99;+39 %;référence + variante;
DCD8052;DeWALT DCD8052 — DCD8052;286,04;OUTIL;DCD8052;DeWALT DCD8052 — DCD8052;397,60;Perçage, vissage et boulonnage;111,56;+39 %;référence + variante;
D28885;DeWALT D28885 — D28885;286,00;OUTIL;D28885;DeWALT D28885 — D28885;397,54;Meulage, découpe et polissage;111,54;+39 %;référence + variante;
DCMCS574N-XJ;DeWALT DCMCS574N-XJ — DCMCS574N-XJ;282,41;OUTIL;DCMCS574N-XJ;DeWALT DCMCS574N-XJ — DCMCS574N-XJ;393,12;Tronçonnage et élagage;110,71;+39 %;référence + variante;
DCG414;DeWALT DCG414 — DCG414;281,75;OUTIL;DCG414;DeWALT DCG414 — DCG414;392,47;Meulage, découpe et polissage;110,72;+39 %;référence + variante;
DCK791;DeWALT DCK791 — DCK791;291,41;OUTIL;DCK791;DeWALT DCK791 — DCK791;404,18;Combos;112,77;+39 %;référence + variante;
DXPW002U-QS;DeWALT DXPW002U-QS — DXPW002U-QS;290,00;OUTIL;DXPW002U-QS;DeWALT DXPW002U-QS — DXPW002U-QS;402,52;Accessoires;112,52;+39 %;référence + variante;
DCF899M1;"DeWalt DCF 899 M1 18 V Boulonneuse à chocs sans fil Brushless 950 Nm 1/2"" avec boîtier TSTAK + 1 x DCB 182 4,0 Ah Batter";310,94;PACK+1X4.0+COFFRET;DCF899P2;"DeWALT DCF899P2 — Boulonneuse à chocs 1/2"" 18V XR 950 Nm (2×5,0 Ah + chargeur + coffret TSTAK)";431,24;Perçage, vissage et boulonnage;120,30;+39 %;référence seule (variante différente);ATTENTION : rapproché sur la référence seule, la version peut différer
XR18V;DEWALT Perceuse Visseuse Compact Brushless XR 18V Li-Ion 5Ah, Sans Fil, avec Coffret TSTAK et Chargeur + DEWALT Coffret ;310,55;PACK+1X5+COFFRET+CHARGEUR;XR18V;DeWALT XR18V — Souffleur Brushless XR 18V 5Ah Li-ION - Souffleur Électrique Portable sans Fil & Recharge de Fil Coupe Bordure 2,;188,89;Quincaillerie;121,66;−39 %;référence seule (variante différente);mon prix est SOUS le prix idealo — ATTENTION : rapproché sur la référence seule, la version peut différer
DCD1007P1T-QW;Dewalt DCD1007P1T-QW Perceuse-visseuse a percussion sans fil 18 V 169Nm XRP - 1X5.0Ah Batterie + chargeur en T-STAK;324,13;PACK+1X5.0+COFFRET+CHARGEUR;DCD1007NT-XJ;DeWALT DCD1007NT-XJ — Perceuse-visseuse à percussion 18V DCD1007NT-XJ;450,40;Perçage, vissage et boulonnage;126,27;+39 %;référence seule (variante différente);ATTENTION : rapproché sur la référence seule, la version peut différer
DCS383N-XJ;DeWALT DCS383N-XJ — Scie circulaire 18V Ø184 mm DCS383N-XJ;455,01;OUTIL;DCS383N-XJ;DeWALT DCS383N-XJ — Scie circulaire 18V Ø184 mm DCS383N-XJ;630,19;Scies;175,18;+39 %;référence + variante;
DCS383H2-QW;Scie circulaire métal XR 18V Brushless Powerstack - Lame 184 mm - DCS383H2-QW;1034,26;PACK;DCS383N-XJ;DeWALT DCS383N-XJ — Scie circulaire 18V Ø184 mm DCS383N-XJ;630,19;Scies;404,07;−39 %;référence seule (variante différente);mon prix est SOUS le prix idealo — ATTENTION : rapproché sur la référence seule, la version peut différer
DWST560102;DeWalt Sac à Dos Porte-Outils Résistant à l'Eau (DWST560102);144,25;OUTIL;DWST560102;DeWALT DWST560102 — Sac à Dos Porte-Outils Résistant à l'Eau (DWST560102);200,94;Quincaillerie;56,69;+39 %;référence + variante;
DWST550113;DeWalt Ceinture Porte-Outils en Cuir 18 Poches Réglable (DWST550113);143,83;OUTIL;DWST550113;DeWALT DWST550113 — Ceinture Porte-Outils en Cuir 18 Poches Réglable (DWST550113);200,50;Quincaillerie;56,67;+39 %;référence + variante;
DWHT83550;DeWALT DWHT83550 — DWHT83550;150,56;OUTIL;DWHT83550;DeWALT DWHT83550 — DWHT83550;208,74;Quincaillerie;58,18;+39 %;référence + variante;
DT1475-QZ;DeWALT DT1475-QZ — DT1475-QZ;146,82;OUTIL;DT1475-QZ;DeWALT DT1475-QZ — DT1475-QZ;204,08;Quincaillerie;57,26;+39 %;référence + variante;
DWHT51064;DeWalt DWHT51064 Marteau de charpentier 625 g;149,18;OUTIL;DWHT51064;DeWALT DWHT51064 — DWHT51064 Marteau de charpentier 625 g;207,06;Quincaillerie;57,88;+39 %;référence + variante;
DT70762-QZ;DeWalt DT70762-QZ Coffret TOUGHCASE 85 Pièces - Forets Béton et Métal et Embouts de Vissage - Pour Perceuse-Visseuse et ;148,96;PACK+COFFRET;DT70762-QZ;DeWALT DT70762-QZ — DT70762-QZ Coffret TOUGHCASE 85 Pièces - Forets Béton et Métal et Embouts de Vissage - Pour Perceuse-Visseuse et;206,76;Quincaillerie;57,80;+39 %;référence seule (variante différente);ATTENTION : rapproché sur la référence seule, la version peut différer
DT9763;DeWalt Couronne de forage humide diamant, 1 1/4 pouce UNC, universel, 72 mm (DT9763);148,25;OUTIL;DT9763;DeWALT DT9763 — Couronne de forage humide diamant, 1 1/4 pouce UNC, universel, 72 mm (DT9763);205,92;Quincaillerie;57,67;+39 %;référence + variante;
DT60233-QZ;Dewalt DT60233-QZ Foret aspirant SDS-Max diamètre 24mm longueur 400mm;145,63;OUTIL;DT60233-QZ;DeWALT DT60233-QZ — DT60233-QZ Foret aspirant SDS-Max diamètre 24mm longueur 400mm;202,72;Quincaillerie;57,09;+39 %;référence + variante;
DT9449-QZ;DeWalt SDS-max 50x570x450 mm DT9449-QZ;144,98;OUTIL;DT9449-QZ;DeWALT DT9449-QZ — SDS-max 50x570x450 mm DT9449-QZ;201,82;Quincaillerie;56,84;+39 %;référence + variante;
DNF64;DEWALT PowerCoil ongles DNF 64 mm 7.2 KST. Bague Galv., 1 pièce, dnf25r64g12e;102,71;OUTIL;DNF64;DeWALT DNF64 — dnf23r64e PowerCoil ongles DNF 64 mm 10,5 KST. Anneau Tige, Lot de 6;142,96;Quincaillerie;40,25;+39 %;référence + variante;
DCS355;DEWALT DCS355 Multifonctions 18V (1 x 5Ah) + set d'accessoires 35 pièces;265,00;PACK+1X5;DCS355NT-XJ;DeWALT DCS355NT-XJ — Outil multifonctions oscillant 18V XR Brushless (solo, TSTAK);163,50;Outils multifonctions;101,50;−38 %;référence seule (variante différente);mon prix est SOUS le prix idealo — ATTENTION : rapproché sur la référence seule, la version peut différer
DCD708E2T;DeWalt DCD 708 E2T Perceuse-visseuse sans fil 18 V 65 Nm Brushless + 2x Powerstack batterie 1,7 Ah + chargeur + TSTAK;263,55;PACK+1X1.7+COFFRET+CHARGEUR;DCD708NT;DeWALT DCD708NT — DCD708NT;162,97;Perçage, vissage et boulonnage;100,58;−38 %;référence seule (variante différente);mon prix est SOUS le prix idealo — ATTENTION : rapproché sur la référence seule, la version peut différer
DCD803KN-XJ;DEWALT 18V XR Perceuse-visseuse à multi-têtes avec 4 têtes interchangeables, sac à outils et jeu de 10 embouts de vissag;270,00;PACK;DCD803NT-XJ;DeWALT DCD803NT-XJ — Perceuse-visseuse à têtes multiples 18V DCD803NT-XJ;371,65;Perçage, vissage et boulonnage;101,65;+38 %;référence seule (variante différente);ATTENTION : rapproché sur la référence seule, la version peut différer
DXF1645A;DeWALT DXF1645A — DXF1645A;300,90;OUTIL;DXF1645A;DeWALT DXF1645A — DXF1645A;415,85;Accessoires;114,95;+38 %;référence + variante;
2-PACK;DeWALT 2-PACK — 2-PACK;298,99;PACK;2-PACK;DeWALT 2-PACK — 2-PACK;413,51;Scies;114,52;+38 %;référence seule (variante différente);ATTENTION : rapproché sur la référence seule, la version peut différer
DWS5023;DeWALT DWS5023 — DWS5023;298,99;OUTIL;DWS5023;DeWALT DWS5023 — DWS5023;413,51;Scies;114,52;+38 %;référence + variante;
DWS774;DeWALT DWS774 — DWS774;298,89;OUTIL;DWS774;DeWALT DWS774 — DWS774;413,36;Scies;114,47;+38 %;référence + variante;
DXRH012E;DeWALT DXRH012E — DXRH012E;297,99;OUTIL;DXRH012E;DeWALT DXRH012E — DXRH012E;412,42;Accessoires;114,43;+38 %;référence + variante;
DCK796D2T;DeWALT DCK796D2T — DCK796D2T;297,08;PACK;DCK796D2T;DeWALT DCK796D2T — DCK796D2T;411,16;Combos;114,08;+38 %;référence seule (variante différente);ATTENTION : rapproché sur la référence seule, la version peut différer
DCE571N-XJ;Pistolet à mastic sans fil DEWALT DCE571N-XJ 18V Li-Ion XR, sans batterie;299,99;OUTIL;DCE571N-XJ;DeWALT DCE571N-XJ — Pistolet à mastic sans fil DEWALT DCE571N-XJ 18V Li-Ion XR, sans batterie;414,89;Perçage, vissage et boulonnage;114,90;+38 %;référence + variante;
D28710;DeWALT D28710 — D28710;303,80;OUTIL;D28710;DeWALT D28710 — D28710;419,54;Meulage, découpe et polissage;115,74;+38 %;référence + variante;
D28715;DeWALT D28715 — D28715;303,00;OUTIL;D28715;DeWALT D28715 — D28715;418,44;Meulage, découpe et polissage;115,44;+38 %;référence + variante;
DCE581NK;DeWALT DCE581NK — DCE581NK;302,28;OUTIL;DCE581NK;DeWALT DCE581NK — DCE581NK;417,76;Accessoires;115,48;+38 %;référence + variante;
DCH274N;DeWALT DCH274N — DCH274N;315,00;OUTIL;DCH274N;DeWALT DCH274N — DCH274N;433,44;Perforateurs;118,44;+38 %;référence + variante;
DXF1853;DeWALT DXF1853 — DXF1853;314,90;OUTIL;DXF1853;DeWALT DXF1853 — DXF1853;433,31;Accessoires;118,41;+38 %;référence + variante;
DCE825NG18-XJ;DeWALT DCE825NG18-XJ — DCE825NG18-XJ;314,00;OUTIL;DCE825NG18-XJ;DeWALT DCE825NG18-XJ — DCE825NG18-XJ;432,06;Accessoires;118,06;+38 %;référence + variante;
DCZ100P2KT-QW;DeWALT DCZ100P2KT-QW — DCZ100P2KT-QW;311,82;PACK;DCZ100P2KT-QW;DeWALT DCZ100P2KT-QW — DCZ100P2KT-QW;429,37;Perçage, vissage et boulonnage;117,55;+38 %;référence seule (variante différente);ATTENTION : rapproché sur la référence seule, la version peut différer
DCD732M2;DeWALT DCD732M2 — DCD732M2;310,44;PACK;DCD732M2;DeWALT DCD732M2 — DCD732M2;427,79;Perçage, vissage et boulonnage;117,35;+38 %;référence seule (variante différente);ATTENTION : rapproché sur la référence seule, la version peut différer
DCK2020P2T-QW;DeWALT DCK2020P2T-QW — DCK2020P2T-QW;309,90;PACK;DCK2020P2T-QW;DeWALT DCK2020P2T-QW — DCK2020P2T-QW;427,04;Combos;117,14;+38 %;référence seule (variante différente);ATTENTION : rapproché sur la référence seule, la version peut différer
DCM5713N-XJ;DeWALT DCM5713N-XJ — DCM5713N-XJ;309,44;PACK;DCM5713N-XJ;DeWALT DCM5713N-XJ — DCM5713N-XJ;426,41;Tronçonnage et élagage;116,97;+38 %;référence seule (variante différente);ATTENTION : rapproché sur la référence seule, la version peut différer
DCD732;DEWALT DCD732;310,44;OUTIL;DCD732M2;DeWALT DCD732M2 — DCD732M2;427,79;Perçage, vissage et boulonnage;117,35;+38 %;référence + variante;
DCF620;DeWalt Visseuse DCF620 sans fil 18V 30Nm sans balais 2x 5,0Ah chargeur TSTAK;314,95;PACK+2X5.0+COFFRET+CHARGEUR;DCF620NT-XJ;DeWALT DCF620NT-XJ — Visseuse à placo 18V XR (solo, coffret TSTAK);196,75;Perçage, vissage et boulonnage;118,20;−38 %;référence seule (variante différente);mon prix est SOUS le prix idealo — ATTENTION : rapproché sur la référence seule, la version peut différer
DCPR320B;DEWALT Dewalt DCPR320B Sécateur sans fil 20 V MAX;313,32;OUTIL;DCPR320B;DeWALT DCPR320B — Dewalt DCPR320B Sécateur sans fil 20 V MAX;431,12;Tronçonnage et élagage;117,80;+38 %;référence + variante;
DCD996E2;DeWalt DCD 996 E2 Perceuse-visseuse à percussion sans fil 18 V 95 Nm Brushless + 2x Powerstack batterie 1,7 Ah + chargeu;343,47;PACK+1X1.7;DCD996N;DeWALT DCD996N — Perceuse à percussion 18V XR Brushless (machine seule);212,06;Perçage, vissage et boulonnage;131,41;−38 %;référence seule (variante différente);mon prix est SOUS le prix idealo — ATTENTION : rapproché sur la référence seule, la version peut différer
DCG404NT-XJ;Meuleuse Ø125 mm 18V DCG404NT-XJ + 2 batteries 18V 3,5 Ah PowerStack + 1 Chargeur DCB1104-QW DEWALT;549,90;PACK+1X3.5+CHARGEUR;DCG404;DeWALT DCG404 — DCG404;341,03;Meulage, découpe et polissage;208,87;−38 %;référence seule (variante différente);mon prix est SOUS le prix idealo — ATTENTION : rapproché sur la référence seule, la version peut différer
DCS383H2-QW;Scie circulaire métal 184mm xr 18V 5AH li-ion brushless powerstack - DEWALT - DCS383H2-QW;1013,98;PACK+1X5;DCS383N-XJ;DeWALT DCS383N-XJ — Scie circulaire 18V Ø184 mm DCS383N-XJ;630,19;Scies;383,79;−38 %;référence seule (variante différente);mon prix est SOUS le prix idealo — ATTENTION : rapproché sur la référence seule, la version peut différer
DWMT73802-1;DeWALT DWMT73802-1 — DWMT73802-1;157,36;OUTIL;DWMT73802-1;DeWALT DWMT73802-1 — DWMT73802-1;217,15;Quincaillerie;59,79;+38 %;référence + variante;
DT9446-QZ;DeWALT DT9446-QZ — DT9446-QZ;152,99;OUTIL;DT9446-QZ;DeWALT DT9446-QZ — DT9446-QZ;211,74;Quincaillerie;58,75;+38 %;référence + variante;
DT1922-QZ;DeWALT DT1922-QZ — DT1922-QZ;151,98;OUTIL;DT1922-QZ;DeWALT DT1922-QZ — DT1922-QZ;210,49;Quincaillerie;58,51;+38 %;référence + variante;
DWST60452-1;DeWalt Tour TSTAK 3 en 1 Édition McLaren (DWST60452-1);154,67;PACK+COFFRET;DWST60452-1;DeWALT DWST60452-1 — Tour TSTAK 3 en 1 Édition McLaren (DWST60452-1);213,76;Quincaillerie;59,09;+38 %;référence seule (variante différente);ATTENTION : rapproché sur la référence seule, la version peut différer
DT60232-QZ;DeWalt Foret aspirant SDS-Max 20mm x 600mm (DT60232-QZ);153,98;OUTIL;DT60232-QZ;DeWALT DT60232-QZ — Foret aspirant SDS-Max 20mm x 600mm (DT60232-QZ);212,95;Quincaillerie;58,97;+38 %;référence + variante;
DT6765-QZ;DeWalt HBS DS-max 100x107 mm DT6765-QZ;152,99;OUTIL;DT6765-QZ;DeWALT DT6765-QZ — HBS DS-max 100x107 mm DT6765-QZ;211,74;Quincaillerie;58,75;+38 %;référence + variante;
DWST83517-1;DeWALT DWST83517-1 — DWST83517-1;161,34;PACK;DWST83517-1;DeWALT DWST83517-1 — DWST83517-1;222,00;Quincaillerie;60,66;+38 %;référence seule (variante différente);ATTENTION : rapproché sur la référence seule, la version peut différer
DT2323-QZ;DeWalt 203 Métal 3-8 mm 100 pcs (DT2323-QZ);162,48;PACK;DT2323-QZ;DeWALT DT2323-QZ — 203 Métal 3-8 mm 100 pcs (DT2323-QZ);223,42;Quincaillerie;60,94;+38 %;référence seule (variante différente);ATTENTION : rapproché sur la référence seule, la version peut différer
DT6766-QZ;DeWalt HB SDS-max 125x107 mm DT6766-QZ;159,60;OUTIL;DT6766-QZ;DeWALT DT6766-QZ — HB SDS-max 125x107 mm DT6766-QZ;219,92;Quincaillerie;60,32;+38 %;référence + variante;
DWE4233-QS;DEWALT DWE4233-QS Meuleuse Ø 125 mm - 1400W - Interrupteur palette filaire & Coffret de 10 Disques Pour Meuleuse - Dimen;127,54;PACK+COFFRET;DWE4233;DeWALT DWE4233 — DWE4233;174,29;Meulage, découpe et polissage;46,75;+37 %;référence seule (variante différente);ATTENTION : rapproché sur la référence seule, la version peut différer
DCV100N;DeWalt DCV 100 N 1 x 2Ah batterie sans chargeur;155,91;PACK+1X2+CHARGEUR;DCV100-XJ;DeWALT DCV100-XJ — Souffleur compact sans fil 18V XR (machine seule);98,78;Souffleurs;57,13;−37 %;référence seule (variante différente);mon prix est SOUS le prix idealo — ATTENTION : rapproché sur la référence seule, la version peut différer
DCM565N-XJ;DEWALT - Tronçonneuse Élagueuse Brushless XR 18V - DCM565N-XJ & Batterie XR 18V 4 Ah Li-Ion - DCB182-XJ - Compatible Ave;283,17;PACK+1X4;DCM565N-XJ;DeWALT DCM565N-XJ — Tronçonneuse 18V 30 cm DCM565N-XJ;388,93;Tronçonnage et élagage;105,76;+37 %;référence seule (variante différente);ATTENTION : rapproché sur la référence seule, la version peut différer
DCF870P1T-QW;Dewalt DCF870P1T-QW Visseuse à chocs Hydraulique XR 18V 1/4″ Brushless 1 x 5,0Ah Batterie + chargeur en Coffret TSTAK;296,20;PACK+1X5.0+COFFRET+CHARGEUR;DCF870N-XJ;DeWALT DCF870N-XJ — Visseuse à chocs hydraulique 18V XR (machine seule);185,74;Perçage, vissage et boulonnage;110,46;−37 %;référence seule (variante différente);mon prix est SOUS le prix idealo — ATTENTION : rapproché sur la référence seule, la version peut différer
DCP580D2;DeWalt DCP 580 D2 18 V Rabot sans fil 82 mm avec boîtier TSTAKVI + 2x Batteries DCB 183 2,0 Ah + 1x Chargeur DCB 115;311,50;PACK+1X2.0+CHARGEUR;DCP580N;DeWALT DCP580N — Rabot sans fil 18V XR Brushless (machine seule);195,76;Rabots;115,74;−37 %;référence seule (variante différente);mon prix est SOUS le prix idealo — ATTENTION : rapproché sur la référence seule, la version peut différer
DCD240N-XJ;DeWALT DCD240N-XJ — DCD240N-XJ;319,96;OUTIL;DCD240N-XJ;DeWALT DCD240N-XJ — DCD240N-XJ;439,31;Perçage, vissage et boulonnage;119,35;+37 %;référence + variante;
DCE0811;DeWALT DCE0811 — DCE0811;318,99;OUTIL;DCE0811;DeWALT DCE0811 — DCE0811;438,29;Accessoires;119,30;+37 %;référence + variante;
DCS350NT-XJ;DeWALT DCS350NT-XJ — DCS350NT-XJ;318,84;PACK;DCS350NT-XJ;DeWALT DCS350NT-XJ — DCS350NT-XJ;438,08;Scies;119,24;+37 %;référence seule (variante différente);ATTENTION : rapproché sur la référence seule, la version peut différer
D26204K;DeWALT D26204K — D26204K;318,61;OUTIL;D26204K;DeWALT D26204K — D26204K;437,77;Scies;119,16;+37 %;référence + variante;
DCS496N-XJ;DeWALT DCS496N-XJ — DCS496N-XJ;325,44;OUTIL;DCS496N-XJ;DeWALT DCS496N-XJ — DCS496N-XJ;446,18;Meulage, découpe et polissage;120,74;+37 %;référence + variante;
DCS577N-XJ;DeWALT DCS577N-XJ — DCS577N-XJ;324,32;OUTIL;DCS577N-XJ;DeWALT DCS577N-XJ — DCS577N-XJ;444,65;Scies;120,33;+37 %;référence + variante;
DWP611;DEWALT DWP611 Routeur compact à couple variable 1,25 HP avec LED DEWALT;325,10;OUTIL;DWP611;DeWALT DWP611 — DWP611 Routeur compact à couple variable 1,25 HP avec LED DEWALT;445,72;Accessoires;120,62;+37 %;référence + variante;
DW621-QS;DeWALT DW621-QS — DW621-QS;338,66;OUTIL;DW621-QS;DeWALT DW621-QS — DW621-QS;462,61;Scies;123,95;+37 %;référence + variante;
DWK211;DeWALT DWK211 — DWK211;337,00;PACK;DWK211;DeWALT DWK211 — DWK211;460,34;Combos;123,34;+37 %;référence seule (variante différente);ATTENTION : rapproché sur la référence seule, la version peut différer
D21520;DeWALT D21520 — D21520;335,50;OUTIL;D21520;DeWALT D21520 — D21520;458,63;Perçage, vissage et boulonnage;123,13;+37 %;référence + variante;
DCMCS575N-XJ;DeWALT DCMCS575N-XJ — DCMCS575N-XJ;334,00;OUTIL;DCMCS575N-XJ;DeWALT DCMCS575N-XJ — DCMCS575N-XJ;456,58;Tronçonnage et élagage;122,58;+37 %;référence + variante;
DCD792NT;DeWALT DCD792NT — DCD792NT;333,59;OUTIL;DCD792NT;DeWALT DCD792NT — DCD792NT;456,35;Perçage, vissage et boulonnage;122,76;+37 %;référence + variante;
DCK268P2T;DeWALT DCK268P2T — DCK268P2T;330,76;PACK;DCK268P2T;DeWALT DCK268P2T — DCK268P2T;452,81;Combos;122,05;+37 %;référence seule (variante différente);ATTENTION : rapproché sur la référence seule, la version peut différer
DCS575N-XJ;DeWalt DCS575N-XJ Scie Circulaire XR Flexvolt 54V Brushless 190 mm sans Batterie ni Chargeur, Jaune, Taille Unique;337,48;PACK+CHARGEUR;DCS575N-XJ;DeWALT DCS575N-XJ — DCS575N-XJ Scie Circulaire XR Flexvolt 54V Brushless 190 mm sans Batterie ni Chargeur, Jaune, Taille Unique;460,99;Scies;123,51;+37 %;référence seule (variante différente);ATTENTION : rapproché sur la référence seule, la version peut différer
DCB1104-12;Pack de 12 chargeurs DeWALT DCB1104-12 (DCB1104 - 12V 18V);335,00;PACK+CHARGEUR;DCB1104-12;DeWALT DCB1104-12 — Pack de 12 chargeurs DeWALT DCB1104-12 (DCB1104 - 12V 18V);457,94;Batteries et chargeurs;122,94;+37 %;référence seule (variante différente);ATTENTION : rapproché sur la référence seule, la version peut différer
DWS777;DeWALT DWS777-QS — Scie à onglet radiale Ø216 mm DWS777-QS;393,88;OUTIL;DWS777-QS;DeWALT DWS777-QS — Scie à onglet radiale Ø216 mm DWS777-QS;537,86;Scies;143,98;+37 %;référence + variante;
DWST540602;DeWalt Ceinture Porte-Outils avec Bretelles, 25 Poches (DWST540602);163,56;OUTIL;DWST540602;DeWALT DWST540602 — Ceinture Porte-Outils avec Bretelles, 25 Poches (DWST540602);224,74;Quincaillerie;61,18;+37 %;référence + variante;
DT20464-QZ;DeWalt ELITE Series Disque Diamant Segmenté Ø350mm, Tous Usages (DT20464-QZ);163,31;OUTIL;DT20464-QZ;DeWALT DT20464-QZ — ELITE Series Disque Diamant Segmenté Ø350mm, Tous Usages (DT20464-QZ);223,54;Quincaillerie;60,23;+37 %;référence + variante;
DT3896;DeWALT DT3896 — DT3896;168,74;OUTIL;DT3896;DeWALT DT3896 — DT3896;231,17;Quincaillerie;62,43;+37 %;référence + variante;
DT8354-QZ;DeWALT DT8354-QZ — DT8354-QZ;167,83;OUTIL;DT8354-QZ;DeWALT DT8354-QZ — DT8354-QZ;229,93;Quincaillerie;62,10;+37 %;référence + variante;
DT9814-QZ;DeWALT DT9814-QZ — DT9814-QZ;166,74;OUTIL;DT9814-QZ;DeWALT DT9814-QZ — DT9814-QZ;228,60;Quincaillerie;61,86;+37 %;référence + variante;
AW2734;Dewalt - Boîte à outils « Toughsystem 2.0 » AW2734 (305 mm x 330 mm x 535 mm) (noir);170,59;PACK+COFFRET;AW2734;DeWALT AW2734 — Référence AW2734 — descriptif à compléter;233,36;Quincaillerie;62,77;+37 %;référence seule (variante différente);ATTENTION : rapproché sur la référence seule, la version peut différer
DT9450-QZ;DeWalt SDS-max 52x570x450 mm DT9450-QZ;169,99;OUTIL;DT9450-QZ;DeWALT DT9450-QZ — SDS-max 52x570x450 mm DT9450-QZ;232,72;Quincaillerie;62,73;+37 %;référence + variante;
DWST08530-1;DeWalt ToughSystem 2.0 DXL (DWST08530-1);169,55;PACK+COFFRET;DWST08530-1;DeWALT DWST08530-1 — ToughSystem 2.0 DXL (DWST08530-1);232,12;Quincaillerie;62,57;+37 %;référence seule (variante différente);ATTENTION : rapproché sur la référence seule, la version peut différer
DSTSX35SE;DeWalt DSTSX35SE Agrafes Inox, 5.6mm x 35mm;169,32;OUTIL;DSTSX35SE;DeWALT DSTSX35SE — DSTSX35SE Agrafes Inox, 5.6mm x 35mm;231,80;Quincaillerie;62,48;+37 %;référence + variante;
AW2460;Dewalt - Boîte à outils, plastique ABS AW2460 (taille unique) (noir/jaune);169,11;OUTIL;AW2460;DeWALT AW2460 — Référence AW2460 — descriptif à compléter;231,52;Quincaillerie;62,41;+37 %;référence + variante;
DT9607-QZ;DeWalt SDS-plus 22x1000x950 mm DT9607-QZ;167,95;OUTIL;DT9607-QZ;DeWALT DT9607-QZ — SDS-plus 22x1000x950 mm DT9607-QZ;230,09;Quincaillerie;62,14;+37 %;référence + variante;
DT6784-QZ;DeWalt HB SDS-max 80x300 mm DT6784-QZ;167,90;OUTIL;DT6784-QZ;DeWALT DT6784-QZ — HB SDS-max 80x300 mm DT6784-QZ;230,03;Quincaillerie;62,13;+37 %;référence + variante;
DT9764-QZ;"DEWALT DT9764-QZ Corona de Diamante perforar en húmedo 78x400mm, acoplamiento 1 1/4"" UNC hembra Universal, Para material";167,16;OUTIL;DT9764-QZ;"DeWALT DT9764-QZ — DT9764-QZ Corona de Diamante perforar en húmedo 78x400mm, acoplamiento 1 1/4"" UNC hembra Universal, Para material";229,18;Quincaillerie;62,02;+37 %;référence + variante;
DXTT-2-932;DeWalt Lame à enduire pro 813mm, acier inoxydable, flexible (DXTT-2-932);175,33;OUTIL;DXTT-2-932;DeWALT DXTT-2-932 — Lame à enduire pro 813mm, acier inoxydable, flexible (DXTT-2-932);239,33;Quincaillerie;64,00;+37 %;référence + variante;
DWHT71843;DeWalt DWHT71843 16-in-1 Multi-Tool by DEWALT;173,01;OUTIL;DWHT71843;DeWALT DWHT71843 — DWHT71843 16-in-1 Multi-Tool by DEWALT;236,33;Quincaillerie;63,32;+37 %;référence + variante;
DNW2870E;DeWALT Clous 34°, lisse, 70 mm, 2200 pièces - DNW2870E;94,03;OUTIL;DNW2870E;DeWALT DNW2870E — DNW2870E Clous, Argent, Taille 34 70mm, Set de 2200 Pièces;128,80;Quincaillerie;34,77;+37 %;référence + variante;
D25033;DEWALT D25033;107,18;OUTIL;D25033K-QS;DeWALT D25033K-QS — Perforateur burineur SDS-Plus 710W (coffret);145,73;Perforateurs;38,55;+36 %;référence seule (variante différente);ATTENTION : rapproché sur la référence seule, la version peut différer
DCG405N;DeWalt DCG 405 N;116,90;OUTIL;DCG405N;DeWALT DCG405N — Meuleuse 125 mm 18V XR Brushless (outil nu);159,00;Meulage, découpe et polissage;42,10;+36 %;référence + variante;
DWE4237-QS;DEWALT - Meuleuse d'Angle - DWE4237-QS - Meuleuse avec Protection Anti-Redémarrage & Coffret de 10 Disques Pour Meuleuse;116,26;PACK+COFFRET;DWE4237-QS;DeWALT DWE4237-QS — DWE4237-QS;157,81;Meulage, découpe et polissage;41,55;+36 %;référence seule (variante différente);ATTENTION : rapproché sur la référence seule, la version peut différer
DCD776D2;DEWALT DCD776D2;157,35;PACK;DCD776D1-QW;DeWALT DCD776D1-QW — DCD776D1-QW Perceuse à percussion à batterie 18V 1x2 Ah Li-Ion;214,19;Perçage, vissage et boulonnage;56,84;+36 %;référence seule (variante différente);ATTENTION : rapproché sur la référence seule, la version peut différer
DCD776;DEWALT DCD776;157,35;OUTIL;DCD776D1-QW;DeWALT DCD776D1-QW — DCD776D1-QW Perceuse à percussion à batterie 18V 1x2 Ah Li-Ion;214,19;Perçage, vissage et boulonnage;56,84;+36 %;référence seule (variante différente);ATTENTION : rapproché sur la référence seule, la version peut différer
DCF897N-XJ;DeWALT DCF897N-XJ — DCF897N-XJ;240,98;OUTIL;DCF897N-XJ;DeWALT DCF897N-XJ — DCF897N-XJ;327,91;Perçage, vissage et boulonnage;86,93;+36 %;référence + variante;
DCF922M1;DEWALT DCF922M1;246,72;PACK;DCF922N-XJ;"DeWALT DCF922N-XJ — Boulonneuse à chocs compacte 1/2"" 18V XR 406 Nm (machine seule)";157,46;Perçage, vissage et boulonnage;89,26;−36 %;référence seule (variante différente);mon prix est SOUS le prix idealo — ATTENTION : rapproché sur la référence seule, la version peut différer
DCG405M1;Dewalt DCG405M1 Meuleuse dangle sans fil 18V 125mm Brushless + 1x Batterie 4,0Ah + Chargeur + TStak;249,72;PACK+1X4.0+COFFRET+CHARGEUR;DCG405N;DeWALT DCG405N — Meuleuse 125 mm 18V XR Brushless (outil nu);159,00;Meulage, découpe et polissage;90,72;−36 %;référence seule (variante différente);mon prix est SOUS le prix idealo — ATTENTION : rapproché sur la référence seule, la version peut différer
DCMPS520P1;DeWalt DCMPS 520 P1;262,32;OUTIL;DCMPS520N-XJ;DeWALT DCMPS520N-XJ — Tronçonneuse d'élagage 18V XR guide 20 cm (solo);166,63;Tronçonnage et élagage;95,69;−36 %;référence + variante;mon prix est SOUS le prix idealo
DCE530M2;DeWalt DCE 530 M2 Pistolet à air chaud sans fil 18 V + 2x 4,0 Ah + chargeur + 2x buse;280,80;PACK+2X4.0+CHARGEUR;DCE530N-XJ;DeWALT DCE530N-XJ — Décapeur Thermique 18V DCE530N-XJ;180,90;Accessoires;99,90;−36 %;référence seule (variante différente);mon prix est SOUS le prix idealo — ATTENTION : rapproché sur la référence seule, la version peut différer
DCF870D2T-QW;Dewalt DCF870D2T-QW Visseuse à chocs Hydraulique XR 18V 1/4″ Brushless 2 x 2,0Ah Batteries + chargeur en Coffret TSTAK;289,21;PACK+2X2.0+COFFRET+CHARGEUR;DCF870N-XJ;DeWALT DCF870N-XJ — Visseuse à chocs hydraulique 18V XR (machine seule);185,74;Perçage, vissage et boulonnage;103,47;−36 %;référence seule (variante différente);mon prix est SOUS le prix idealo — ATTENTION : rapproché sur la référence seule, la version peut différer
DCP580NT-XJ;Rabot XR 18V DCP580NT-XJ + 1 batterie 18V 5 Ah + 1 chargeur DCB1104-QW DEWALT;304,90;PACK+1X5+CHARGEUR;DCP580N;DeWALT DCP580N — Rabot sans fil 18V XR Brushless (machine seule);195,76;Rabots;109,14;−36 %;référence seule (variante différente);mon prix est SOUS le prix idealo — ATTENTION : rapproché sur la référence seule, la version peut différer
DCF899P2-QW;"DeWALT DCF899P2 — Boulonneuse à chocs 1/2"" 18V XR 950 Nm (2×5,0 Ah + chargeur + coffret TSTAK)";317,06;PACK+2X5.0+COFFRET+CHARGEUR;DCF899P2;"DeWALT DCF899P2 — Boulonneuse à chocs 1/2"" 18V XR 950 Nm (2×5,0 Ah + chargeur + coffret TSTAK)";431,24;Perçage, vissage et boulonnage;114,18;+36 %;référence seule (variante différente);ATTENTION : rapproché sur la référence seule, la version peut différer
DCK2061D2T-QW;DeWALT DCK2061D2T-QW — DCK2061D2T-QW;341,40;PACK;DCK2061D2T-QW;DeWALT DCK2061D2T-QW — DCK2061D2T-QW;465,67;Combos;124,27;+36 %;référence seule (variante différente);ATTENTION : rapproché sur la référence seule, la version peut différer
DCLE14301GB-XJ;DeWALT DCLE14301GB-XJ — DCLE14301GB-XJ;340,18;OUTIL;DCLE14301GB-XJ;DeWALT DCLE14301GB-XJ — DCLE14301GB-XJ;464,34;Accessoires;124,16;+36 %;référence + variante;
DWE396;DeWALT DWE396 — DWE396;349,27;OUTIL;DWE396;DeWALT DWE396 — DWE396;475,36;Scies;126,09;+36 %;référence + variante;
DCG460NK-XJ;DeWALT DCG460NK-XJ — DCG460NK-XJ;348,28;OUTIL;DCG460NK-XJ;DeWALT DCG460NK-XJ — DCG460NK-XJ;474,36;Meulage, découpe et polissage;126,08;+36 %;référence + variante;
DCV586MN;DeWALT DCV586MN — DCV586MN;346,27;OUTIL;DCV586MN;DeWALT DCV586MN — DCV586MN;471,97;Aspirateurs;125,70;+36 %;référence + variante;
DW333K;DeWALT DW333K — DW333K;346,16;OUTIL;DW333K;DeWALT DW333K — DW333K;471,82;Scies;125,66;+36 %;référence + variante;
DPN9033;DeWALT DPN9033 — DPN9033;345,63;OUTIL;DPN9033;DeWALT DPN9033 — DPN9033;471,10;Perçage, vissage et boulonnage;125,47;+36 %;référence + variante;
D25810K;DeWALT D25810K — D25810K;344,94;OUTIL;D25810K;DeWALT D25810K — D25810K;470,15;Perforateurs;125,21;+36 %;référence + variante;
DWV901L;DeWALT DWV901L — DWV901L;344,00;OUTIL;DWV901L;DeWALT DWV901L — DWV901L;468,88;Aspirateurs;124,88;+36 %;référence + variante;
DCN681N;DeWALT DCN681N — DCN681N;343,28;OUTIL;DCN681N;DeWALT DCN681N — DCN681N;468,23;Perçage, vissage et boulonnage;124,95;+36 %;référence + variante;
DXF2067;DeWalt Ventilateur de Sol Tambour 110W 50cm (DXF2067);344,90;OUTIL;DXF2067;DeWALT DXF2067 — Ventilateur de Sol Tambour 110W 50cm (DXF2067);470,10;Accessoires;125,20;+36 %;référence + variante;
DCS378;DeWALT DCS378 — DCS378;358,30;OUTIL;DCS378;DeWALT DCS378 — DCS378;486,58;Scies;128,28;+36 %;référence + variante;
DCN650N-XJ;DeWALT DCN650N-XJ — DCN650N-XJ;357,23;OUTIL;DCN650N-XJ;DeWALT DCN650N-XJ — DCN650N-XJ;485,47;Perçage, vissage et boulonnage;128,24;+36 %;référence + variante;
DCK2080P2T;DeWALT DCK2080P2T — DCK2080P2T;356,45;PACK;DCK2080P2T;DeWALT DCK2080P2T — DCK2080P2T;484,42;Combos;127,97;+36 %;référence seule (variante différente);ATTENTION : rapproché sur la référence seule, la version peut différer
DCM586N;DeWALT DCM586N — DCM586N;354,32;OUTIL;DCM586N;DeWALT DCM586N — DCM586N;481,87;Tronçonnage et élagage;127,55;+36 %;référence + variante;
DCK2050E2T;DeWALT DCK2050E2T — DCK2050E2T;354,26;PACK;DCK2050E2T;DeWALT DCK2050E2T — DCK2050E2T;481,79;Combos;127,53;+36 %;référence seule (variante différente);ATTENTION : rapproché sur la référence seule, la version peut différer
D21570K;DeWALT D21570K — D21570K;353,93;OUTIL;D21570K;DeWALT D21570K — D21570K;481,34;Perçage, vissage et boulonnage;127,41;+36 %;référence + variante;
DCF964N-XJ;DeWALT DCF964N-XJ — DCF964N-XJ;350,36;OUTIL;DCF964N-XJ;DeWALT DCF964N-XJ — DCF964N-XJ;476,84;Perçage, vissage et boulonnage;126,48;+36 %;référence + variante;
DCLE34031N-XJ;DeWALT DCLE34031N-XJ — DCLE34031N-XJ;367,63;OUTIL;DCLE34031N-XJ;DeWALT DCLE34031N-XJ — DCLE34031N-XJ;498,14;Accessoires;130,51;+36 %;référence + variante;
DCG200NT;DeWALT DCG200NT — DCG200NT;365,18;PACK;DCG200NT;DeWALT DCG200NT — DCG200NT;495,18;Meulage, découpe et polissage;130,00;+36 %;référence seule (variante différente);ATTENTION : rapproché sur la référence seule, la version peut différer
DCB547;DeWalt Power Set FlexVolt (2x 9.0 Ah + DCB547);367,99;PACK+2X9.0;DCB547-XJ;DeWALT DCB547-XJ — Batterie 18V-54V 9Ah-3Ah XR Flexvolt DCB547-XJ;236,22;Batteries et chargeurs;131,77;−36 %;référence seule (variante différente);mon prix est SOUS le prix idealo — ATTENTION : rapproché sur la référence seule, la version peut différer
P2LRT;DeWalt DCG 406 P2LRT;361,50;OUTIL;P2LRT;DeWALT P2LRT — DCG 406 P2LRT;490,56;Meulage, découpe et polissage;129,06;+36 %;référence + variante;
DCF850NA;DeWALT - Set de clés à chocs sans fil, batteries et chargeur, 6 pièces DCF850NA;549,51;PACK+CHARGEUR;DCF850P2T;"DeWALT DCF850P2T — Visseuse a chocs 1/4"" XR 18V Ultra-compacte (2x5Ah + TSTAK)";349,00;Perçage, vissage et boulonnage;200,51;−36 %;référence seule (variante différente);mon prix est SOUS le prix idealo — ATTENTION : rapproché sur la référence seule, la version peut différer
DCS781-XJ;DeWALT DCS781N-XJ — Scie à onglet radiale Ø305 mm DCS781N-XJ;884,00;OUTIL;DCS781N-XJ;DeWALT DCS781N-XJ — Scie à onglet radiale Ø305 mm DCS781N-XJ;1202,14;Scies;318,14;+36 %;référence + variante;
DT9767;DeWalt Couronne de forage humide diamantée, 1 1/4 pouces UNC, universel, 102 mm (DT9767);183,49;OUTIL;DT9767;DeWALT DT9767 — Couronne de forage humide diamantée, 1 1/4 pouces UNC, universel, 102 mm (DT9767);249,36;Quincaillerie;65,87;+36 %;référence + variante;
D125/8;DeWalt STF D125/8 125G 40 mm (200 pcs);182,51;OUTIL;D125/8;DeWALT D125/8 — STF D125/8 125G 40 mm (200 pcs);248,03;Quincaillerie;65,52;+36 %;référence + variante;
HSS50;DEWALT DEWALT Mèche HSS 50 mm;181,66;OUTIL;HSS50;DeWALT HSS50 — DEWALT Mèche HSS 50 mm;247,06;Quincaillerie;65,40;+36 %;référence + variante;
AW2265;Dewalt - Boîte à outils « Toughsystem 2.0 » AW2265 (taille unique) (noir/jaune);181,53;PACK+COFFRET;AW2265;DeWALT AW2265 — Référence AW2265 — descriptif à compléter;246,88;Quincaillerie;65,35;+36 %;référence seule (variante différente);ATTENTION : rapproché sur la référence seule, la version peut différer
DWST83448-1;Servante de chantier 3-en-1 DeWalt TSTAK DWST83448-1;179,99;PACK+COFFRET;DWST83448-1;DeWALT DWST83448-1 — Servante de chantier 3-en-1 DeWalt TSTAK DWST83448-1;244,97;Quincaillerie;64,98;+36 %;référence seule (variante différente);ATTENTION : rapproché sur la référence seule, la version peut différer
DE0735;DeWALT DE0735 — DE0735;186,23;OUTIL;DE0735;DeWALT DE0735 — DE0735;252,72;Quincaillerie;66,49;+36 %;référence + variante;
DXWT-504;DeWALT DXWT-504 — DXWT-504;184,99;OUTIL;DXWT-504;DeWALT DXWT-504 — DXWT-504;251,22;Quincaillerie;66,23;+36 %;référence + variante;
DT3898;DeWalt Couronne de forage à sec diamantée, G 1/2 pouce, 152 mm (DT3898);186,47;OUTIL;DT3898;DeWALT DT3898 — Couronne de forage à sec diamantée, G 1/2 pouce, 152 mm (DT3898);253,04;Quincaillerie;66,57;+36 %;référence + variante;
DCF887P2;"DeWALT DCF887P2 — Visseuse a chocs 1/4"" XR 18V (2x5Ah + chargeur + TSTAK)";230,08;PACK+2X5+COFFRET+CHARGEUR;DCF887P2;"DeWALT DCF887P2 — Visseuse a chocs 1/4"" XR 18V (2x5Ah + chargeur + TSTAK)";310,37;Perçage, vissage et boulonnage;80,29;+35 %;référence seule (variante différente);ATTENTION : rapproché sur la référence seule, la version peut différer
DCG405D1;DeWalt DCG 405 D1 18 V 125 mm Meuleuse sans fil Brushless avec boîtier TStak + 1x Batterie 2 Ah + Chargeur;243,47;PACK+1X2+COFFRET+CHARGEUR;DCG405N;DeWALT DCG405N — Meuleuse 125 mm 18V XR Brushless (outil nu);159,00;Meulage, découpe et polissage;84,47;−35 %;référence seule (variante différente);mon prix est SOUS le prix idealo — ATTENTION : rapproché sur la référence seule, la version peut différer
DCG405M1;DeWalt DCG 405 M1 Meuleuse d'angle sans fil 18V 125mm Brushless + 1x batterie 4,0Ah + chargeur;245,87;PACK+1X4.0+CHARGEUR;DCG405N;DeWALT DCG405N — Meuleuse 125 mm 18V XR Brushless (outil nu);159,00;Meulage, découpe et polissage;86,87;−35 %;référence seule (variante différente);mon prix est SOUS le prix idealo — ATTENTION : rapproché sur la référence seule, la version peut différer
DCB182-XJ;DEWALT - Perforateur-Burineur SDS-PLUS Brushless 2.6J 18V 4Ah Li-Ion - Sans Fil avec Coffret TSTAK & Batterie XR 18V 4 A;333,15;PACK+1X4+COFFRET;DCB182;DeWALT DCB182 — DCB182 Lot de 2 batteries XR Li-Ion 18 V 4 Ah 18 V;216,70;Batteries et chargeurs;116,45;−35 %;référence seule (variante différente);mon prix est SOUS le prix idealo — ATTENTION : rapproché sur la référence seule, la version peut différer
DCG45MP2T;DeWALT DCG45MP2T — DCG45MP2T;369,99;PACK;DCG45MP2T;DeWALT DCG45MP2T — DCG45MP2T;500,96;Meulage, découpe et polissage;130,97;+35 %;référence seule (variante différente);ATTENTION : rapproché sur la référence seule, la version peut différer
DPN90C-XJ;DeWALT DPN90C-XJ — DPN90C-XJ;367,16;OUTIL;DPN90C-XJ;DeWALT DPN90C-XJ — DPN90C-XJ;497,50;Perçage, vissage et boulonnage;130,34;+35 %;référence + variante;
DEWPDCK266P2;DeWALT DEWPDCK266P2 — DEWPDCK266P2;379,18;PACK;DEWPDCK266P2;DeWALT DEWPDCK266P2 — DEWPDCK266P2;512,27;Combos;133,09;+35 %;référence seule (variante différente);ATTENTION : rapproché sur la référence seule, la version peut différer
DCR017;DeWALT DCR017 — DCR017;377,37;OUTIL;DCR017;DeWALT DCR017 — DCR017;510,20;Accessoires;132,83;+35 %;référence + variante;
DWK206;DeWALT DWK206 — DWK206;377,00;PACK;DWK206;DeWALT DWK206 — DWK206;509,70;Combos;132,70;+35 %;référence seule (variante différente);ATTENTION : rapproché sur la référence seule, la version peut différer
DCH333N;DeWALT DCH333N — DCH333N;375,00;OUTIL;DCH333N;DeWALT DCH333N — DCH333N;507,00;Perforateurs;132,00;+35 %;référence + variante;
DCLE14251GB-XJ;DeWALT DCLE14251GB-XJ — DCLE14251GB-XJ;374,99;OUTIL;DCLE14251GB-XJ;DeWALT DCLE14251GB-XJ — DCLE14251GB-XJ;506,99;Accessoires;132,00;+35 %;référence + variante;
DCMWP134N-XJ;DeWALT DCMWP134N-XJ — DCMWP134N-XJ;374,94;OUTIL;DCMWP134N-XJ;DeWALT DCMWP134N-XJ — DCMWP134N-XJ;507,29;Tronçonnage et élagage;132,35;+35 %;référence + variante;
DCF6201;DeWALT DCF6201 — DCF6201;374,39;OUTIL;DCF6201;DeWALT DCF6201 — DCF6201;506,54;Accessoires;132,15;+35 %;référence + variante;
DCE822NG18-XJ;DeWALT DCE822NG18-XJ — DCE822NG18-XJ;374,00;OUTIL;DCE822NG18-XJ;DeWALT DCE822NG18-XJ — DCE822NG18-XJ;506,03;Accessoires;132,03;+35 %;référence + variante;
DCMST911N-XJ;DeWALT DCMST911N-XJ — DCMST911N-XJ;374,00;PACK;DCMST911N-XJ;DeWALT DCMST911N-XJ — DCMST911N-XJ;506,03;Tronçonnage et élagage;132,03;+35 %;référence seule (variante différente);ATTENTION : rapproché sur la référence seule, la version peut différer
DCK2051P2T-QW;DeWalt 18V XR Battery Combo Pack (DCK2051P2T-QW);374,99;PACK;DCK2051P2T-QW;DeWALT DCK2051P2T-QW — Référence DCK2051P2T-QW — descriptif à compléter;506,99;Combos;132,00;+35 %;référence seule (variante différente);ATTENTION : rapproché sur la référence seule, la version peut différer
DWK201;DeWALT DWK201 — DWK201;392,00;PACK;DWK201;DeWALT DWK201 — DWK201;528,02;Combos;136,02;+35 %;référence seule (variante différente);ATTENTION : rapproché sur la référence seule, la version peut différer
DCCS1100N;DeWALT DCCS1100N — DCCS1100N;389,83;PACK;DCCS1100N;DeWALT DCCS1100N — DCCS1100N;525,49;Tronçonnage et élagage;135,66;+35 %;référence seule (variante différente);ATTENTION : rapproché sur la référence seule, la version peut différer
DWK208;DeWALT DWK208 — DWK208;388,00;PACK;DWK208;DeWALT DWK208 — DWK208;523,02;Combos;135,02;+35 %;référence seule (variante différente);ATTENTION : rapproché sur la référence seule, la version peut différer
DCN662NT-XJ;DeWALT DCN662NT-XJ — DCN662NT-XJ;385,73;OUTIL;DCN662NT-XJ;DeWALT DCN662NT-XJ — DCN662NT-XJ;520,34;Perçage, vissage et boulonnage;134,61;+35 %;référence + variante;
DXWDMMA200E;DeWALT DXWDMMA200E — DXWDMMA200E;385,08;OUTIL;DXWDMMA200E;DeWALT DXWDMMA200E — DXWDMMA200E;519,47;Accessoires;134,39;+35 %;référence + variante;
D25430K;DeWALT D25430K — D25430K;384,99;OUTIL;D25430K;DeWALT D25430K — D25430K;519,35;Perforateurs;134,36;+35 %;référence + variante;
DCF403NT-XJ;DeWALT DCF403NT-XJ — DCF403NT-XJ;382,52;OUTIL;DCF403NT-XJ;DeWALT DCF403NT-XJ — DCF403NT-XJ;516,41;Accessoires;133,89;+35 %;référence + variante;
DCG407M2T;DEWALT DCG407M2T;379,24;PACK;DCG407NT-XJ;DeWALT DCG407NT-XJ — DCG407NT-XJ;246,34;Meulage, découpe et polissage;132,90;−35 %;référence seule (variante différente);mon prix est SOUS le prix idealo — ATTENTION : rapproché sur la référence seule, la version peut différer
DWS5021;Dewalt Scie circulaire plongeante 1300 w dewalt - dws520kt & Serre-joints pour Rails de Guidage DWS5021, DWS5022, DWS502;384,65;OUTIL;DWS5021;DeWALT DWS5021 — Scie circulaire plongeante 1300 w dewalt - dws520kt & Serre-joints pour Rails de Guidage DWS5021, DWS5022, DWS502;518,89;Scies;134,24;+35 %;référence + variante;
PPACK0001;PowerPack visseuse à chocs et meuleuse d'angle (2x5,0 Ah) - DEWALT PPACK0001;384,46;PACK+2X5.0;PPACK0001;DeWALT PPACK0001 — PowerPack visseuse à chocs et meuleuse d'angle (2x5,0 Ah) - DEWALT PPACK0001;518,64;Perçage, vissage et boulonnage;134,18;+35 %;référence seule (variante différente);ATTENTION : rapproché sur la référence seule, la version peut différer
DCE085D1G;DeWALT DCE085D1G — DCE085D1G;393,23;PACK;DCE085D1G;DeWALT DCE085D1G — DCE085D1G;529,68;Accessoires;136,45;+35 %;référence seule (variante différente);ATTENTION : rapproché sur la référence seule, la version peut différer
DCE6820N-XJ;DEWALT DCE6820N-XJ 1 pc(s);398,98;OUTIL;DCE6820N-XJ;DeWALT DCE6820N-XJ — DCE6820N-XJ 1 pc(s);536,63;Accessoires;137,65;+35 %;référence + variante;
DCK2222MP2T-QW;DeWalt McLaren 18V Kombopack DCK2222MP2T-QW;398,39;PACK;DCK2222MP2T-QW;DeWALT DCK2222MP2T-QW — McLaren 18V Kombopack DCK2222MP2T-QW;535,84;Combos;137,45;+35 %;référence seule (variante différente);ATTENTION : rapproché sur la référence seule, la version peut différer
DCK2026P2T-QW;DeWalt 18V Combo Kit + 2 x 5.0Ah (DCK2026P2T-QW);394,88;PACK+2X5.0;DCK2026P2T-QW;DeWALT DCK2026P2T-QW — Référence DCK2026P2T-QW — descriptif à compléter;531,50;Combos;136,62;+35 %;référence seule (variante différente);ATTENTION : rapproché sur la référence seule, la version peut différer
DCD240X2-QW;DEWALT DCD240X2-QW;679,00;PACK;DCD240N-XJ;DeWALT DCD240N-XJ — DCD240N-XJ;439,31;Perçage, vissage et boulonnage;239,69;−35 %;référence seule (variante différente);mon prix est SOUS le prix idealo — ATTENTION : rapproché sur la référence seule, la version peut différer
DCS691X2;DeWALT DCS691X2 Découpeuse a disque sans fil FlexVolt (230mm/54V/2x9,0Ah);908,06;PACK+2X9.0;DCS691N;DeWALT DCS691N — Découpeuse sans fil 54V XR FLEXVOLT Ø230 mm (machine seule);593,99;Meulage, découpe et polissage;314,07;−35 %;référence seule (variante différente);mon prix est SOUS le prix idealo — ATTENTION : rapproché sur la référence seule, la version peut différer
DWST08061-1;DeWALT DWST08061-1 — DWST08061-1;188,99;OUTIL;DWST08061-1;DeWALT DWST08061-1 — DWST08061-1;256,08;Quincaillerie;67,09;+35 %;référence + variante;
DT8973-QZ;DeWalt SDS-plus 14x200x150 mm DT8973-QZ;189,91;OUTIL;DT8973-QZ;DeWALT DT8973-QZ — SDS-plus 14x200x150 mm DT8973-QZ;257,14;Quincaillerie;67,23;+35 %;référence + variante;
DWST83471;DeWALT DWST83471 — DWST83471;190,60;PACK;DWST83471;DeWALT DWST83471 — DWST83471;258,07;Quincaillerie;67,47;+35 %;référence seule (variante différente);ATTENTION : rapproché sur la référence seule, la version peut différer
DXIR1FFMLP3;DeWalt DXIR1FFMLP3 Masque Complet Léger Réutilisable Avec Filtres P3 - Taille L;191,99;PACK;DXIR1FFMLP3;DeWALT DXIR1FFMLP3 — DXIR1FFMLP3 Masque Complet Léger Réutilisable Avec Filtres P3 - Taille L;259,76;Quincaillerie;67,77;+35 %;référence seule (variante différente);ATTENTION : rapproché sur la référence seule, la version peut différer
DE3472;DeWALT DE3472 — DE3472;196,99;OUTIL;DE3472;DeWALT DE3472 — DE3472;265,93;Quincaillerie;68,94;+35 %;référence + variante;
DNF25R70S316E;DeWalt Clou en bobine DNF 70mm 3,6kSt. anneau (DNF25R70S316E);200,10;OUTIL;DNF25R70S316E;DeWALT DNF25R70S316E — Clou en bobine DNF 70mm 3,6kSt. anneau (DNF25R70S316E);269,74;Quincaillerie;69,64;+35 %;référence + variante;
DXWT-507LS;DeWALT DXWT-507LS Diable Load Shift - Acier - 400 Kg;199,99;OUTIL;DXWT-507LS;DeWALT DXWT-507LS — DXWT-507LS Diable Load Shift - Acier - 400 Kg;269,59;Quincaillerie;69,60;+35 %;référence + variante;
DCF815D2;DEWALT DCF815D2;190,68;PACK;DCF815N;DeWALT DCF815N — DCF815N;256,08;Perçage, vissage et boulonnage;65,40;+34 %;référence seule (variante différente);ATTENTION : rapproché sur la référence seule, la version peut différer
DCF901P1-QW;DEWALT DCF901P1-QW;207,95;PACK;DCF901NT;DeWALT DCF901NT — DCF901NT;279,49;Perçage, vissage et boulonnage;71,54;+34 %;référence seule (variante différente);ATTENTION : rapproché sur la référence seule, la version peut différer
DCF922D1T-QW;Dewalt DCF922D1T-QW Clé à choc sans fil sans charbon 18V Li-ion XR - 1 X 2.0Ah Batrerie + chargeur en Tstak;240,20;ACCESSOIRE;DCF922N-XJ;"DeWALT DCF922N-XJ — Boulonneuse à chocs compacte 1/2"" 18V XR 406 Nm (machine seule)";157,46;Perçage, vissage et boulonnage;82,74;−34 %;référence seule (variante différente);mon prix est SOUS le prix idealo — ATTENTION : rapproché sur la référence seule, la version peut différer
DCS355D2;DeWalt DCS 355 D2 Oscillateur sans fil Multitool 18 V Brushless + 2x batterie 2,0 Ah + chargeur + accessoires;248,28;PACK+1X2.0+CHARGEUR;DCS355NT-XJ;DeWALT DCS355NT-XJ — Outil multifonctions oscillant 18V XR Brushless (solo, TSTAK);163,50;Outils multifonctions;84,78;−34 %;référence seule (variante différente);mon prix est SOUS le prix idealo — ATTENTION : rapproché sur la référence seule, la version peut différer
DCS355M1;DeWalt DCS355M1 Outil oscillant multi-cutter sans fil 18V Brushless + 1x Batterie 4,0Ah + Chargeur + Coffret TSTAK + Acc;245,87;PACK+1X4.0+COFFRET+CHARGEUR;DCS355NT-XJ;DeWALT DCS355NT-XJ — Outil multifonctions oscillant 18V XR Brushless (solo, TSTAK);163,50;Outils multifonctions;82,37;−34 %;référence seule (variante différente);mon prix est SOUS le prix idealo — ATTENTION : rapproché sur la référence seule, la version peut différer
DCF880M2;DEWALT DCF880M2;284,00;PACK;DCF880N;DeWALT DCF880N — DCF880N;187,07;Perçage, vissage et boulonnage;96,93;−34 %;référence seule (variante différente);mon prix est SOUS le prix idealo — ATTENTION : rapproché sur la référence seule, la version peut différer
DCD805P2T;Dewalt DCD805P2T Perceuse à percussion XR Brushless 18V 90Nm - 2 X 5Ah Batteries, chargeur en coffret;299,71;PACK+2X5+COFFRET+CHARGEUR;DCD805NT-XJ;DeWALT DCD805NT-XJ — Perceuse-visseuse à percussion 18V DCD805NT-XJ;401,42;Perçage, vissage et boulonnage;101,71;+34 %;référence seule (variante différente);ATTENTION : rapproché sur la référence seule, la version peut différer
D25481K-QS;DeWALT D25481K-QS — D25481K-QS;409,09;OUTIL;D25481K-QS;DeWALT D25481K-QS — D25481K-QS;549,00;Perforateurs;139,91;+34 %;référence + variante;
DWK212;DeWALT DWK212 — DWK212;403,00;PACK;DWK212;DeWALT DWK212 — DWK212;541,63;Combos;138,63;+34 %;référence seule (variante différente);ATTENTION : rapproché sur la référence seule, la version peut différer
DCD470N;DeWalt Battery-powered angle drill DCD470N;399,99;OUTIL;DCD470N;DeWALT DCD470N — Battery-powered angle drill DCD470N;537,98;Perçage, vissage et boulonnage;137,99;+34 %;référence + variante;
DCN682N;DeWALT DCN682N — DCN682N;424,00;OUTIL;DCN682N;DeWALT DCN682N — DCN682N;567,31;Perçage, vissage et boulonnage;143,31;+34 %;référence + variante;
DCMBC812N-XJ;DeWALT DCMBC812N-XJ — DCMBC812N-XJ;424,00;PACK;DCMBC812N-XJ;DeWALT DCMBC812N-XJ — DCMBC812N-XJ;567,31;Tronçonnage et élagage;143,31;+34 %;référence seule (variante différente);ATTENTION : rapproché sur la référence seule, la version peut différer
WDCK796D2KX-QW;DeWALT WDCK796D2KX-QW — WDCK796D2KX-QW;423,14;OUTIL;WDCK796D2KX-QW;DeWALT WDCK796D2KX-QW — WDCK796D2KX-QW;566,58;Perçage, vissage et boulonnage;143,44;+34 %;référence + variante;
DCK2102L2T-QW;DeWALT DCK2102L2T-QW — DCK2102L2T-QW;421,99;PACK;DCK2102L2T-QW;DeWALT DCK2102L2T-QW — DCK2102L2T-QW;565,04;Combos;143,05;+34 %;référence seule (variante différente);ATTENTION : rapproché sur la référence seule, la version peut différer
DWE399-QS;DeWALT DWE399-QS — DWE399-QS;417,00;OUTIL;DWE399-QS;DeWALT DWE399-QS — DWE399-QS;558,78;Scies;141,78;+34 %;référence + variante;
DCS397N;DeWALT DCS397N — DCS397N;416,09;OUTIL;DCS397N;DeWALT DCS397N — DCS397N;557,56;Scies;141,47;+34 %;référence + variante;
DWK204;DeWALT DWK204 — DWK204;414,00;PACK;DWK204;DeWALT DWK204 — DWK204;555,18;Combos;141,18;+34 %;référence seule (variante différente);ATTENTION : rapproché sur la référence seule, la version peut différer
DWK209;DeWALT DWK209 — DWK209;414,00;PACK;DWK209;DeWALT DWK209 — DWK209;555,18;Combos;141,18;+34 %;référence seule (variante différente);ATTENTION : rapproché sur la référence seule, la version peut différer
DCMPS635N-XJ;DeWALT DCMPS635N-XJ — DCMPS635N-XJ;414,00;OUTIL;DCMPS635N-XJ;DeWALT DCMPS635N-XJ — DCMPS635N-XJ;555,18;Tronçonnage et élagage;141,18;+34 %;référence + variante;
DCE800N-XJ;DeWALT DCE800N-XJ — DCE800N-XJ;412,72;OUTIL;DCE800N-XJ;DeWALT DCE800N-XJ — DCE800N-XJ;553,45;Scies;140,73;+34 %;référence + variante;
DWK200;DeWALT DWK200 — DWK200;410,00;PACK;DWK200;DeWALT DWK200 — DWK200;550,22;Combos;140,22;+34 %;référence seule (variante différente);ATTENTION : rapproché sur la référence seule, la version peut différer
DCMST922N-XJ;Débroussailleuse 54V DCMST922N-XJ DEWALT;419,90;OUTIL;DCMST922N-XJ;DeWALT DCMST922N-XJ — Débroussailleuse 54V DCMST922N-XJ DEWALT;562,25;Tronçonnage et élagage;142,35;+34 %;référence + variante;
DCMPS635N;DeWALT - tronçonneuse AKU 54V 25 cm, sans batterie ni chargeur DCMPS635N;414,00;PACK+CHARGEUR;DCMPS635N-XJ;DeWALT DCMPS635N-XJ — DCMPS635N-XJ;555,18;Tronçonnage et élagage;141,18;+34 %;référence seule (variante différente);ATTENTION : rapproché sur la référence seule, la version peut différer
DCMCST632N-XJ;DeWalt Tronçonneuse à Batterie Top-Handle 30cm, 54V (DCMCST632N-XJ);409,90;OUTIL;DCMCST632N-XJ;DeWALT DCMCST632N-XJ — Tronçonneuse à Batterie Top-Handle 30cm, 54V (DCMCST632N-XJ);550,08;Tronçonnage et élagage;140,18;+34 %;référence + variante;
DCH416NT-XJ;DeWALT DCH416NT-XJ — DCH416NT-XJ;438,65;PACK;DCH416NT-XJ;DeWALT DCH416NT-XJ — DCH416NT-XJ;585,60;Perforateurs;146,95;+34 %;référence seule (variante différente);ATTENTION : rapproché sur la référence seule, la version peut différer
DCN950N-XJ;DeWALT DCN950N-XJ — DCN950N-XJ;438,32;OUTIL;DCN950N-XJ;DeWALT DCN950N-XJ — DCN950N-XJ;585,16;Perçage, vissage et boulonnage;146,84;+34 %;référence + variante;
DCS777N;DeWALT DCS777N — DCS777N;432,32;OUTIL;DCS777N;DeWALT DCS777N — DCS777N;577,58;Scies;145,26;+34 %;référence + variante;
DWK205;DeWALT DWK205 — DWK205;432,00;PACK;DWK205;DeWALT DWK205 — DWK205;577,15;Combos;145,15;+34 %;référence seule (variante différente);ATTENTION : rapproché sur la référence seule, la version peut différer
DWE398;DeWALT DWE398 — DWE398;426,86;OUTIL;DWE398;DeWALT DWE398 — DWE398;571,14;Scies;144,28;+34 %;référence + variante;
DWK207;DeWALT DWK207 — DWK207;425,00;PACK;DWK207;DeWALT DWK207 — DWK207;568,66;Combos;143,66;+34 %;référence seule (variante différente);ATTENTION : rapproché sur la référence seule, la version peut différer
4250887742883;DeWALT 4250887742883 — 4250887742883;424,20;PACK;4250887742883;DeWALT 4250887742883 — 4250887742883;567,58;Batteries et chargeurs;143,38;+34 %;référence seule (variante différente);ATTENTION : rapproché sur la référence seule, la version peut différer
DCF99MP2T;DeWalt McLaren F1 Team DCF99MP2T 2x 5,0 Ah + Ladegerät;434,99;PACK+2X5.0;DCF99MP2T;DeWALT DCF99MP2T — McLaren F1 Team DCF99MP2T 2x 5,0 Ah + Ladegerät;581,15;Perçage, vissage et boulonnage;146,16;+34 %;référence seule (variante différente);ATTENTION : rapproché sur la référence seule, la version peut différer
DCG430E2T-QW;Meuleuse compacte 76 mm XR 18V 1.7ah li-ion brushless powerstack - DEWALT - DCG430E2T-QW;468,82;PACK+1X1.7;DCG430N;DeWALT DCG430N — DCG430N;310,10;Meulage, découpe et polissage;158,72;−34 %;référence seule (variante différente);mon prix est SOUS le prix idealo — ATTENTION : rapproché sur la référence seule, la version peut différer
DCK791D2T;DEWALT DCK791D2T;616,10;PACK;DCK791;DeWALT DCK791 — DCK791;404,18;Combos;211,92;−34 %;référence seule (variante différente);mon prix est SOUS le prix idealo — ATTENTION : rapproché sur la référence seule, la version peut différer
DCS777T2;DEWALT DCS777T2;880,00;PACK;DCS777N;DeWALT DCS777N — DCS777N;577,58;Scies;302,42;−34 %;référence seule (variante différente);mon prix est SOUS le prix idealo — ATTENTION : rapproché sur la référence seule, la version peut différer
DT60844-QZ;DeWalt SDS-max 40x380x250 mm DT60844-QZ;205,31;OUTIL;DT60844-QZ;DeWALT DT60844-QZ — SDS-max 40x380x250 mm DT60844-QZ;276,14;Quincaillerie;70,83;+34 %;référence + variante;
DXWT-FT512;DeWALT DXWT-FT512 — DXWT-FT512;214,83;OUTIL;DXWT-FT512;DeWALT DXWT-FT512 — DXWT-FT512;287,87;Quincaillerie;73,04;+34 %;référence + variante;
DT9773-QZ;"DEWALT DT9773-QZ Corona de Diamante perforar en húmedo 152x400mm, acoplamiento 1 1/4"" UNC hembra Universal, Para materia";213,68;OUTIL;DT9773-QZ;"DeWALT DT9773-QZ — DT9773-QZ Corona de Diamante perforar en húmedo 152x400mm, acoplamiento 1 1/4"" UNC hembra Universal, Para materia";286,55;Quincaillerie;72,87;+34 %;référence + variante;
DT70585T;DeWALT DT70585T — DT70585T;219,24;OUTIL;DT70585T;DeWALT DT70585T — DT70585T;293,34;Quincaillerie;74,10;+34 %;référence + variante;
DT2400-QZ;DeWalt 228 mm 100 pièces (DT2400-QZ);221,59;PACK;DT2400-QZ;DeWALT DT2400-QZ — Référence DT2400-QZ — descriptif à compléter;296,27;Quincaillerie;74,68;+34 %;référence seule (variante différente);ATTENTION : rapproché sur la référence seule, la version peut différer
DT71516M-QZ;DeWalt DT71516M-QZ Coffret de 24 Tournevis pour Tableau de Bord;215,94;PACK+COFFRET;DT71516M-QZ;DeWALT DT71516M-QZ — DT71516M-QZ Coffret de 24 Tournevis pour Tableau de Bord;289,14;Quincaillerie;73,20;+34 %;référence seule (variante différente);ATTENTION : rapproché sur la référence seule, la version peut différer
DT9765;DeWALT DT9765 — DT9765;224,08;OUTIL;DT9765;DeWALT DT9765 — DT9765;299,15;Quincaillerie;75,07;+34 %;référence + variante;
DT9771-QZ;DEWALT DT9771-QZ Couronne Diamant Forage en Eau, Jaune, 127 x 400 mm;223,44;OUTIL;DT9771-QZ;DeWALT DT9771-QZ — DT9771-QZ Couronne Diamant Forage en Eau, Jaune, 127 x 400 mm;298,51;Quincaillerie;75,07;+34 %;référence + variante;
DT9774-QZ;"DEWALT DT9774-QZ - Corona de diamante para perforar en húmedo 162x400mm, acoplamiento 1 1/4"" UNC hembra universal, para ";222,56;OUTIL;DT9774-QZ;"DeWALT DT9774-QZ — DT9774-QZ - Corona de diamante para perforar en húmedo 162x400mm, acoplamiento 1 1/4"" UNC hembra universal, para";297,34;Quincaillerie;74,78;+34 %;référence + variante;
DCF922E1;DeWalt DCF 922 E1 Clé à choc sans fil 18 V 406 Nm 1/2'' Brushless + 1x batterie Powerstack 1,7 Ah + chargeur;236,24;PACK+1X1.7+CHARGEUR;DCF922N-XJ;"DeWALT DCF922N-XJ — Boulonneuse à chocs compacte 1/2"" 18V XR 406 Nm (machine seule)";157,46;Perçage, vissage et boulonnage;78,78;−33 %;référence seule (variante différente);mon prix est SOUS le prix idealo — ATTENTION : rapproché sur la référence seule, la version peut différer
DCG440N;DeWALT DCG440N-XJ — Meuleuse d'angle 180 mm 54V XR FlexVolt Brushless (machine seule);274,74;OUTIL;DCG440N-XJ;DeWALT DCG440N-XJ — Meuleuse d'angle 180 mm 54V XR FlexVolt Brushless (machine seule);365,38;Meulage, découpe et polissage;90,64;+33 %;référence + variante;
DCS367NT-XJ;DEWALT - Scie Sabre Compact Brushless XR 18V Li-Ion - DCS367NT-XJ - Scie Électrique & Batterie XR 18V 4 Ah Li-Ion - DCB1;304,87;PACK+1X4;DCS367N-XJ;DeWALT DCS367N-XJ — Scie sabre compacte 18V XR Brushless (machine seule);204,95;Scies;99,92;−33 %;référence seule (variante différente);mon prix est SOUS le prix idealo — ATTENTION : rapproché sur la référence seule, la version peut différer
DCS331;Dewalt DCS331 P2 Scie Sauteuse + 2 X 5 Ah Batteries + chargeur et Coffret TSTAK;359,43;PACK+2X5+COFFRET+CHARGEUR;DCS331N-XJ;DeWALT DCS331N-XJ — Scie sauteuse DCS331N-XJ;242,41;Scies;117,02;−33 %;référence seule (variante différente);mon prix est SOUS le prix idealo — ATTENTION : rapproché sur la référence seule, la version peut différer
DCK200MP2T;DeWALT DCK200MP2T — DCK200MP2T;437,90;PACK;DCK200MP2T;DeWALT DCK200MP2T — DCK200MP2T;584,59;Combos;146,69;+33 %;référence seule (variante différente);ATTENTION : rapproché sur la référence seule, la version peut différer
DCMW564N-XJ;DeWALT DCMW564N-XJ — DCMW564N-XJ;461,29;PACK;DCMW564N-XJ;DeWALT DCMW564N-XJ — DCMW564N-XJ;613,51;Tronçonnage et élagage;152,22;+33 %;référence seule (variante différente);ATTENTION : rapproché sur la référence seule, la version peut différer
DWE7485-QS;DeWALT DWE7485-QS — DWE7485-QS;459,37;OUTIL;DWE7485-QS;DeWALT DWE7485-QS — DWE7485-QS;610,97;Scies;151,60;+33 %;référence + variante;
DCH254M2;DeWALT DCH254M2 — DCH254M2;458,62;PACK;DCH254M2;DeWALT DCH254M2 — DCH254M2;609,96;Perforateurs;151,34;+33 %;référence seule (variante différente);ATTENTION : rapproché sur la référence seule, la version peut différer
DCK2101L2T;DeWALT DCK2101L2T — DCK2101L2T;455,18;PACK;DCK2101L2T;DeWALT DCK2101L2T — DCK2101L2T;605,84;Combos;150,66;+33 %;référence seule (variante différente);ATTENTION : rapproché sur la référence seule, la version peut différer
DCH832XN-XJ;DeWALT DCH832XN-XJ — DCH832XN-XJ;454,99;OUTIL;DCH832XN-XJ;DeWALT DCH832XN-XJ — DCH832XN-XJ;605,59;Perforateurs;150,60;+33 %;référence + variante;
DCS365N;DeWALT DCS365N — DCS365N;451,76;OUTIL;DCS365N;DeWALT DCS365N — DCS365N;601,74;Scies;149,98;+33 %;référence + variante;
DWE627KT-QS;DeWALT DWE627KT-QS — DWE627KT-QS;446,30;OUTIL;DWE627KT-QS;DeWALT DWE627KT-QS — DWE627KT-QS;594,91;Scies;148,61;+33 %;référence + variante;
D25334K-QS;DeWALT D25334K-QS — D25334K-QS;444,95;OUTIL;D25334K-QS;DeWALT D25334K-QS — D25334K-QS;593,12;Perforateurs;148,17;+33 %;référence + variante;
DWK202;DeWALT DWK202 — DWK202;443,00;PACK;DWK202;DeWALT DWK202 — DWK202;590,96;Combos;147,96;+33 %;référence seule (variante différente);ATTENTION : rapproché sur la référence seule, la version peut différer
DWK203;DeWALT DWK203 — DWK203;443,00;PACK;DWK203;DeWALT DWK203 — DWK203;590,96;Combos;147,96;+33 %;référence seule (variante différente);ATTENTION : rapproché sur la référence seule, la version peut différer
DEWDCN680N;DeWALT DEWDCN680N — DEWDCN680N;442,24;OUTIL;DEWDCN680N;DeWALT DEWDCN680N — DEWDCN680N;589,94;Perçage, vissage et boulonnage;147,70;+33 %;référence + variante;
DPC17PS;DeWALT DPC17PS — DPC17PS;441,00;OUTIL;DPC17PS;DeWALT DPC17PS — DPC17PS;588,30;Accessoires;147,30;+33 %;référence + variante;
DCH481N;DeWalt FlexVolt DCH 481 N;448,99;OUTIL;DCH481N;DeWALT DCH481N — FlexVolt DCH 481 N;598,06;Perforateurs;149,07;+33 %;référence + variante;
DWK210;DeWALT DWK210 — DWK210;480,00;PACK;DWK210;DeWALT DWK210 — DWK210;636,48;Combos;156,48;+33 %;référence seule (variante différente);ATTENTION : rapproché sur la référence seule, la version peut différer
DCS374N;DeWALT DCS374N — DCS374N;480,00;OUTIL;DCS374N;DeWALT DCS374N — DCS374N;636,48;Scies;156,48;+33 %;référence + variante;
D25832K-QS;DeWALT D25832K-QS — D25832K-QS;474,52;OUTIL;D25832K-QS;DeWALT D25832K-QS — D25832K-QS;629,69;Perforateurs;155,17;+33 %;référence + variante;
DCK384P2T-QW;DeWALT DCK384P2T-QW — DCK384P2T-QW;472,40;PACK;DCK384P2T-QW;DeWALT DCK384P2T-QW — DCK384P2T-QW;626,88;Combos;154,48;+33 %;référence seule (variante différente);ATTENTION : rapproché sur la référence seule, la version peut différer
DCK2052H2T-QW;DeWALT DCK2052H2T-QW — DCK2052H2T-QW;470,09;PACK;DCK2052H2T-QW;DeWALT DCK2052H2T-QW — DCK2052H2T-QW;624,28;Combos;154,19;+33 %;référence seule (variante différente);ATTENTION : rapproché sur la référence seule, la version peut différer
DCS388N;DeWALT DCS388N — DCS388N;467,69;OUTIL;DCS388N;DeWALT DCS388N — DCS388N;621,10;Scies;153,41;+33 %;référence + variante;
DCE400NT-XJ;"Expander de tuyau en plastique DeWalt DCE400NT-XJ; 18 V (sans batterie et chargeur)";480,19;PACK+CHARGEUR;DCE400NT-XJ;"DeWALT DCE400NT-XJ — Expander de tuyau en plastique DeWalt DCE400NT-XJ; 18 V (sans batterie et chargeur)";636,73;Batteries et chargeurs;156,54;+33 %;référence seule (variante différente);ATTENTION : rapproché sur la référence seule, la version peut différer
DWV010;DEWALT DWV010 HEPA Dust Extractor with Automatic Filter Cleaning, 8-Gallon by;480,07;OUTIL;DWV010;DeWALT DWV010 — DWV010 HEPA Dust Extractor with Automatic Filter Cleaning, 8-Gallon by;636,58;Aspirateurs;156,51;+33 %;référence + variante;
DCBPSC0550-QW;Chargeur Powershift™ 550W - DCBPSC0550-QW DEWALT;469,90;PACK+CHARGEUR;DCBPSC0550-QW;DeWALT DCBPSC0550-QW — Chargeur Powershift™ 550W - DCBPSC0550-QW DEWALT;624,02;Batteries et chargeurs;154,12;+33 %;référence seule (variante différente);ATTENTION : rapproché sur la référence seule, la version peut différer
GBH18V;Bosch Professional 18V System Perceuse sans fil GBH 18V-21 & 18V System Akku Kreissäge GKS 18V-57 G (Sägeblatt-Ø: 165 mm;464,68;PACK;GBH18V;DeWALT GBH18V — Bosch Professional 18V System Perceuse sans fil GBH 18V-21 & 18V System Akku Kreissäge GKS 18V-57 G (Sägeblatt-Ø: 165 mm;617,56;Perçage, vissage et boulonnage;152,88;+33 %;référence seule (variante différente);ATTENTION : rapproché sur la référence seule, la version peut différer
DCS389T2-QW;DEWALT DCS389T2-QW;559,24;PACK;DCS389NT-XJ;DeWALT DCS389NT-XJ — DCS389NT-XJ;374,46;Scies;184,78;−33 %;référence seule (variante différente);mon prix est SOUS le prix idealo — ATTENTION : rapproché sur la référence seule, la version peut différer
DCMWP134N-XJ;DeWalt DCMWP134N-XJ - Tondeuse à gazon sur batterie - Coupe 53 cm - 2x 18V 5Ah;762,39;PACK+1X5;DCMWP134N-XJ;DeWALT DCMWP134N-XJ — DCMWP134N-XJ;507,29;Tronçonnage et élagage;255,10;−33 %;référence seule (variante différente);mon prix est SOUS le prix idealo — ATTENTION : rapproché sur la référence seule, la version peut différer
DCH832X2-QW;DEWALT DCH832X2-QW;899,90;PACK;DCH832XN-XJ;DeWALT DCH832XN-XJ — DCH832XN-XJ;605,59;Perforateurs;294,31;−33 %;référence seule (variante différente);mon prix est SOUS le prix idealo — ATTENTION : rapproché sur la référence seule, la version peut différer
DCH481X2-QW;DEWALT DCH481X2-QW;888,67;PACK;DCH481N;DeWALT DCH481N — FlexVolt DCH 481 N;598,06;Perforateurs;290,61;−33 %;référence seule (variante différente);mon prix est SOUS le prix idealo — ATTENTION : rapproché sur la référence seule, la version peut différer
DCS691X2-QW;DEWALT DCS691X2-QW;885,78;PACK;DCS691N;DeWALT DCS691N — Découpeuse sans fil 54V XR FLEXVOLT Ø230 mm (machine seule);593,99;Meulage, découpe et polissage;291,79;−33 %;référence seule (variante différente);mon prix est SOUS le prix idealo — ATTENTION : rapproché sur la référence seule, la version peut différer
DWMT81534-1;DeWALT DWMT81534-1 — DWMT81534-1;233,71;OUTIL;DWMT81534-1;DeWALT DWMT81534-1 — DWMT81534-1;311,06;Quincaillerie;77,35;+33 %;référence + variante;
DT9768-QZ;"DEWALT DT9768-QZ-Couronne diamant de forage sur peau humide 107 x 400 mm raccordement 1 1/4"" c un femelle universelle et";233,58;ACCESSOIRE;DT9768-QZ;"DeWALT DT9768-QZ — DT9768-QZ-Couronne diamant de forage sur peau humide 107 x 400 mm raccordement 1 1/4"" c un femelle universelle et";310,90;Quincaillerie;77,32;+33 %;référence + variante;
DWST60490-1;Ensemble de chariots Tstak DEWALT DWST60490-1;229,99;PACK+COFFRET;DWST60490-1;DeWALT DWST60490-1 — Ensemble de chariots Tstak DEWALT DWST60490-1;306,58;Quincaillerie;76,59;+33 %;référence seule (variante différente);ATTENTION : rapproché sur la référence seule, la version peut différer
STTDXWTPC710;DEWALT Chariot de transport pliable - STTDXWTPC710;229,90;OUTIL;STTDXWTPC710;DeWALT STTDXWTPC710 — Chariot de transport pliable - STTDXWTPC710;306,46;Quincaillerie;76,56;+33 %;référence + variante;
DT60235-QZ;Dewalt DT60235-QZ Foret aspirant SDS-Max diamètre 32mm longueur 400mm;241,15;OUTIL;DT60235-QZ;DeWALT DT60235-QZ — DT60235-QZ Foret aspirant SDS-Max diamètre 32mm longueur 400mm;320,24;Quincaillerie;79,09;+33 %;référence + variante;
DWH161D1-QW;DeWALT DWH161D1-QW — DWH161D1-QW;247,62;PACK;DWH161D1-QW;DeWALT DWH161D1-QW — DWH161D1-QW;328,34;Quincaillerie;80,72;+33 %;référence seule (variante différente);ATTENTION : rapproché sur la référence seule, la version peut différer
DT2296-QZ;DEWALT Coffret plastique de 10 lames XPC HCS BIM Spéciale Bois DT2296-QZ + DEWALT - Scie Sauteuse à Prise par le Corps B;246,11;PACK+COFFRET;DT2296-QZ;DeWALT DT2296-QZ — Coffret plastique de 10 lames XPC HCS BIM Spéciale Bois DT2296-QZ + DEWALT - Scie Sauteuse à Prise par le Corps B;326,34;Quincaillerie;80,23;+33 %;référence seule (variante différente);ATTENTION : rapproché sur la référence seule, la version peut différer
DCL050-XJ;DEWALT Projecteur de Chantier Compact XR Sans Fil - Sans Batterie Ni Chargeur & Lampe LED XR 18V - DCL050-XJ - Lampe à F;156,83;PACK+CHARGEUR;DCL050-XJ;DeWALT DCL050-XJ — Lampe d'inspection LED XR 18V DCL050-XJ;106,98;Accessoires;49,85;−32 %;référence seule (variante différente);mon prix est SOUS le prix idealo — ATTENTION : rapproché sur la référence seule, la version peut différer
DCF887D2T;Clé à chocs DeWALT DCF887D2T (2 x 2,0 Ah + DCB107 + TSTAK II) + kit de 32 embouts de vissage Impact Torsion;235,00;PACK+2X2.0+COFFRET;DCF887P2;"DeWALT DCF887P2 — Visseuse a chocs 1/4"" XR 18V (2x5Ah + chargeur + TSTAK)";310,37;Perçage, vissage et boulonnage;75,37;+32 %;référence seule (variante différente);ATTENTION : rapproché sur la référence seule, la version peut différer
DCMPS520N-XJ;Tronçonneuse élagueuse 18V 20 cm DCMPS520N-XJ + 1 batterie 18V 5 Ah + chargeur DEWALT;244,90;PACK+1X5+CHARGEUR;DCMPS520N-XJ;DeWALT DCMPS520N-XJ — Tronçonneuse d'élagage 18V XR guide 20 cm (solo);166,63;Tronçonnage et élagage;78,27;−32 %;référence seule (variante différente);mon prix est SOUS le prix idealo — ATTENTION : rapproché sur la référence seule, la version peut différer
DCG404NT-XJ;DeWALT DCG404NT-XJ Corps De Meuleuse D'angle Compacte Sans Fil 18 V Li-ion Dans Un Coffret TSTAK - 125 Mm;258,83;PACK+COFFRET;DCG404;DeWALT DCG404 — DCG404;341,03;Meulage, découpe et polissage;82,20;+32 %;référence seule (variante différente);ATTENTION : rapproché sur la référence seule, la version peut différer
DCF870D1T-QW;Dewalt DCF870D1T-QW Visseuse à chocs Hydraulique XR 18V 1/4″ Brushless 1 x 2,0Ah Batterie + chargeur en Coffret TSTAK;272,44;PACK+1X2.0+COFFRET+CHARGEUR;DCF870N-XJ;DeWALT DCF870N-XJ — Visseuse à chocs hydraulique 18V XR (machine seule);185,74;Perçage, vissage et boulonnage;86,70;−32 %;référence seule (variante différente);mon prix est SOUS le prix idealo — ATTENTION : rapproché sur la référence seule, la version peut différer
DCF620E2T;DeWalt DCF 620 E2T Visseuse pour cloisons sèches sans fil 18 V 30 Nm Brushless + 2x Powerstack batterie 1,7 Ah + chargeu;290,86;PACK+1X1.7;DCF620NT-XJ;DeWALT DCF620NT-XJ — Visseuse à placo 18V XR (solo, coffret TSTAK);196,75;Perçage, vissage et boulonnage;94,11;−32 %;référence seule (variante différente);mon prix est SOUS le prix idealo — ATTENTION : rapproché sur la référence seule, la version peut différer
DCH273D1;DeWalt DCH 273 D1 Marteau combiné sans fil 18 V 2,1 J SDS Plus Brushless + 1x batterie 2,0 Ah + chargeur;313,35;PACK+1X2.0+CHARGEUR;DCH273P1T-QW;DeWALT DCH273P1T-QW — Perforateur burineur SDS-Plus 18V XR (1×5,0 Ah + chargeur + coffret);412,73;Perforateurs;99,38;+32 %;référence seule (variante différente);ATTENTION : rapproché sur la référence seule, la version peut différer
DCM561PBS;DeWalt DCM 561 PBS 18V Brushless + 2x 5.0 Ah Batteries + Charger;383,81;PACK+2X5.0+CHARGEUR;DCM561;DeWALT DCM561 — DCM561;262,81;Tronçonnage et élagage;121,00;−32 %;référence seule (variante différente);mon prix est SOUS le prix idealo — ATTENTION : rapproché sur la référence seule, la version peut différer
DCH253M2;DEWALT DCH253M2;402,99;PACK;DCH253N;DeWALT DCH253N — DCH253N;273,66;Perforateurs;129,33;−32 %;référence seule (variante différente);mon prix est SOUS le prix idealo — ATTENTION : rapproché sur la référence seule, la version peut différer
DCD999NT-XJ;Perceuse-visseuse à percussion 18V DCD999NT-XJ + 1 batterie 18/54 V 6/2 Ah + 1 Chargeur DCB118-QW DEWALT;393,90;PACK+1X2+CHARGEUR;DCD999N-XJ;DeWALT DCD999N-XJ — Perceuse-visseuse à percussion 18V DCD999N-XJ;266,98;Perçage, vissage et boulonnage;126,92;−32 %;référence seule (variante différente);mon prix est SOUS le prix idealo — ATTENTION : rapproché sur la référence seule, la version peut différer
DCK276P2;DeWALT DCK276P2 — DCK276P2;490,56;PACK;DCK276P2;DeWALT DCK276P2 — DCK276P2;649,50;Combos;158,94;+32 %;référence seule (variante différente);ATTENTION : rapproché sur la référence seule, la version peut différer
DCK308DM;DeWALT DCK308DM — DCK308DM;490,49;PACK;DCK308DM;DeWALT DCK308DM — DCK308DM;649,40;Combos;158,91;+32 %;référence seule (variante différente);ATTENTION : rapproché sur la référence seule, la version peut différer
DCK207P2T-QW;DeWALT DCK207P2T-QW — DCK207P2T-QW;490,00;PACK;DCK207P2T-QW;DeWALT DCK207P2T-QW — DCK207P2T-QW;648,76;Combos;158,76;+32 %;référence seule (variante différente);ATTENTION : rapproché sur la référence seule, la version peut différer
DWE7800-QS;DeWALT DWE7800-QS — DWE7800-QS;485,60;OUTIL;DWE7800-QS;DeWALT DWE7800-QS — DWE7800-QS;643,42;Scies;157,82;+32 %;référence + variante;
DCK2023M2T;DeWALT DCK2023M2T — DCK2023M2T;484,00;PACK;DCK2023M2T;DeWALT DCK2023M2T — DCK2023M2T;641,30;Combos;157,30;+32 %;référence seule (variante différente);ATTENTION : rapproché sur la référence seule, la version peut différer
DCMASED57X1;DeWALT DCMASED57X1 — DCMASED57X1;482,96;PACK;DCMASED57X1;DeWALT DCMASED57X1 — DCMASED57X1;639,92;Scies;156,96;+32 %;référence seule (variante différente);ATTENTION : rapproché sur la référence seule, la version peut différer
DCMBC823N-XJ;DeWALT DCMBC823N-XJ — DCMBC823N-XJ;514,00;OUTIL;DCMBC823N-XJ;DeWALT DCMBC823N-XJ — DCMBC823N-XJ;678,48;Tronçonnage et élagage;164,48;+32 %;référence + variante;
DCK355P2T-QW;DeWALT DCK355P2T-QW — DCK355P2T-QW;513,92;PACK;DCK355P2T-QW;DeWALT DCK355P2T-QW — DCK355P2T-QW;678,37;Combos;164,45;+32 %;référence seule (variante différente);ATTENTION : rapproché sur la référence seule, la version peut différer
DWS778;DeWALT DWS778 — DWS778;513,26;OUTIL;DWS778;DeWALT DWS778 — DWS778;677,51;Scies;164,25;+32 %;référence + variante;
D25323K;DeWALT D25323K — D25323K;509,05;OUTIL;D25323K;DeWALT D25323K — D25323K;671,95;Perforateurs;162,90;+32 %;référence + variante;
D25413K;DeWALT D25413K — D25413K;505,13;OUTIL;D25413K;DeWALT D25413K — D25413K;667,27;Perforateurs;162,14;+32 %;référence + variante;
DCS387M2;DeWALT DCS387M2 — DCS387M2;504,30;PACK;DCS387M2;DeWALT DCS387M2 — DCS387M2;666,18;Scies;161,88;+32 %;référence seule (variante différente);ATTENTION : rapproché sur la référence seule, la version peut différer
DCK2016T2T;DeWALT DCK2016T2T — DCK2016T2T;499,90;PACK;DCK2016T2T;DeWALT DCK2016T2T — DCK2016T2T;660,86;Combos;160,96;+32 %;référence seule (variante différente);ATTENTION : rapproché sur la référence seule, la version peut différer
DWK224;DeWALT DWK224 — DWK224;497,00;PACK;DWK224;DeWALT DWK224 — DWK224;657,53;Combos;160,53;+32 %;référence seule (variante différente);ATTENTION : rapproché sur la référence seule, la version peut différer
DW872;DeWALT DW872 — DW872;493,90;OUTIL;DW872;DeWALT DW872 — DW872;653,42;Tronçonnage et élagage;159,52;+32 %;référence + variante;
DWK219;DeWALT DWK219 — DWK219;492,00;PACK;DWK219;DeWALT DWK219 — DWK219;651,41;Combos;159,41;+32 %;référence seule (variante différente);ATTENTION : rapproché sur la référence seule, la version peut différer
DCLE14361;DEWALT DCLE14361;499,90;OUTIL;DCLE14361GB-XJ;DeWALT DCLE14361GB-XJ — Laser 3 lignes vert DCLE14361GB-XJ;660,86;Accessoires;160,96;+32 %;référence seule (variante différente);ATTENTION : rapproché sur la référence seule, la version peut différer
DCK278P2T-QW;DeWalt DCK278P2T-QW Kit Outils 18 V Jaune/Noir;493,91;PACK;DCK278P2T-QW;DeWALT DCK278P2T-QW — DCK278P2T-QW Kit Outils 18 V Jaune/Noir;653,45;Combos;159,54;+32 %;référence seule (variante différente);ATTENTION : rapproché sur la référence seule, la version peut différer
DCF414;DeWALT DCF414 — DCF414;545,00;OUTIL;DCF414;DeWALT DCF414 — DCF414;716,68;Accessoires;171,68;+32 %;référence + variante;
DWK216;DeWALT DWK216 — DWK216;543,00;PACK;DWK216;DeWALT DWK216 — DWK216;714,05;Combos;171,05;+32 %;référence seule (variante différente);ATTENTION : rapproché sur la référence seule, la version peut différer
DCK327P2T;DeWALT DCK327P2T — DCK327P2T;538,37;PACK;DCK327P2T;DeWALT DCK327P2T — DCK327P2T;708,49;Combos;170,12;+32 %;référence seule (variante différente);ATTENTION : rapproché sur la référence seule, la version peut différer
DWK214;DeWALT DWK214 — DWK214;531,00;PACK;DWK214;DeWALT DWK214 — DWK214;699,32;Combos;168,32;+32 %;référence seule (variante différente);ATTENTION : rapproché sur la référence seule, la version peut différer
DWK213;DeWALT DWK213 — DWK213;531,00;PACK;DWK213;DeWALT DWK213 — DWK213;699,32;Combos;168,32;+32 %;référence seule (variante différente);ATTENTION : rapproché sur la référence seule, la version peut différer
DWK217;DeWALT DWK217 — DWK217;531,00;PACK;DWK217;DeWALT DWK217 — DWK217;699,32;Combos;168,32;+32 %;référence seule (variante différente);ATTENTION : rapproché sur la référence seule, la version peut différer
DXCMB2M50HE;DeWALT DXCMB2M50HE — DXCMB2M50HE;529,98;OUTIL;DXCMB2M50HE;DeWALT DXCMB2M50HE — DXCMB2M50HE;697,98;Accessoires;168,00;+32 %;référence + variante;
DCMST901N-XJ;DeWALT DCMST901N-XJ — DCMST901N-XJ;525,70;OUTIL;DCMST901N-XJ;DeWALT DCMST901N-XJ — DCMST901N-XJ;692,87;Tronçonnage et élagage;167,17;+32 %;référence + variante;
DWK225;DeWALT DWK225 — DWK225;524,00;PACK;DWK225;DeWALT DWK225 — DWK225;690,64;Combos;166,64;+32 %;référence seule (variante différente);ATTENTION : rapproché sur la référence seule, la version peut différer
DWK221;DeWALT DWK221 — DWK221;522,00;PACK;DWK221;DeWALT DWK221 — DWK221;688,00;Combos;166,00;+32 %;référence seule (variante différente);ATTENTION : rapproché sur la référence seule, la version peut différer
DCMWP500N-XJ;DeWALT DCMWP500N-XJ — DCMWP500N-XJ;522,00;PACK;DCMWP500N-XJ;DeWALT DCMWP500N-XJ — DCMWP500N-XJ;688,00;Tronçonnage et élagage;166,00;+32 %;référence seule (variante différente);ATTENTION : rapproché sur la référence seule, la version peut différer
DCK2068P2T;DeWALT DCK2068P2T — DCK2068P2T;520,64;PACK;DCK2068P2T;DeWALT DCK2068P2T — DCK2068P2T;686,72;Combos;166,08;+32 %;référence seule (variante différente);ATTENTION : rapproché sur la référence seule, la version peut différer
DCK440P2T;Ensemble d'outils sans fil Dewalt 18 V, quatre pièces DCK440P2T;522,13;PACK;DCK440P2T;DeWALT DCK440P2T — Ensemble d'outils sans fil Dewalt 18 V, quatre pièces DCK440P2T;688,16;Combos;166,03;+32 %;référence seule (variante différente);ATTENTION : rapproché sur la référence seule, la version peut différer
DCK2223MP2T;DeWalt 18V Combopack DCK2223MP2T 2x5Ah battery (DCD86M+DCG45M) in TSTAK;529,90;PACK+2X5+COFFRET;DCK2223MP2T;DeWALT DCK2223MP2T — Référence DCK2223MP2T — descriptif à compléter;697,88;Combos;167,98;+32 %;référence seule (variante différente);ATTENTION : rapproché sur la référence seule, la version peut différer
PPACK0002;Pack visseuse à chocs et perfo-burineur SDS+ (2x5,0 Ah) Dewalt PPACK0002;524,32;PACK+2X5.0;PPACK0002;DeWALT PPACK0002 — Pack visseuse à chocs et perfo-burineur SDS+ (2x5,0 Ah) Dewalt PPACK0002;691,06;Perçage, vissage et boulonnage;166,74;+32 %;référence seule (variante différente);ATTENTION : rapproché sur la référence seule, la version peut différer
DCS727N;DeWALT DCS727N — DCS727N;764,99;OUTIL;DCS727N;DeWALT DCS727N — DCS727N;1009,39;Scies;244,40;+32 %;référence + variante;
DCE800H2-SK;DeWalt Drywall sander DCE800H2-SK (2 x 5.0 Ah Powerstack + DCB1104);810,00;PACK+2X5.0;DCE800N-XJ;DeWALT DCE800N-XJ — DCE800N-XJ;553,45;Scies;256,55;−32 %;référence seule (variante différente);mon prix est SOUS le prix idealo — ATTENTION : rapproché sur la référence seule, la version peut différer
DCMWSP156N-XJ;DeWalt DCMWSP156N-XJ - Tondeuse autotractée à batterie - Coupe 53 cm - 2x 18V 5Ah;902,22;PACK+1X5;DCMWSP156N-XJ;DeWALT DCMWSP156N-XJ — Tondeuse 2 x 18V DCMWSP156N-XJ;611,66;Tronçonnage et élagage;290,56;−32 %;référence seule (variante différente);mon prix est SOUS le prix idealo — ATTENTION : rapproché sur la référence seule, la version peut différer
DT20562-QZ;Adaptation pour vissage d'écrous impact connect - DEWALT - DT20562-QZ;113,08;OUTIL;DT20562-QZ;DeWALT DT20562-QZ — DT20562-QZ Adaptateur/tête de taraudage Adapté pour (perceuses) Dewalt;148,98;Quincaillerie;35,90;+32 %;référence seule (variante différente);ATTENTION : rapproché sur la référence seule, la version peut différer
DWMT81535-1;"DeWalt Jeu de douilles 1/4"", 3/8"" et 1/2"", 247 pièces (DWMT81535-1)";259,76;PACK;DWMT81535-1;"DeWALT DWMT81535-1 — Jeu de douilles 1/4"", 3/8"" et 1/2"", 247 pièces (DWMT81535-1)";343,14;Quincaillerie;83,38;+32 %;référence seule (variante différente);ATTENTION : rapproché sur la référence seule, la version peut différer
DT9772;DeWALT DT9772 — DT9772;264,00;OUTIL;DT9772;DeWALT DT9772 — DT9772;348,48;Quincaillerie;84,48;+32 %;référence + variante;
DWMT45341-1;Jeu de douilles Dewalt 341 pièces 1/4, 3/8 et 1/2 DWMT45341-1;268,82;OUTIL;DWMT45341-1;DeWALT DWMT45341-1 — Jeu de douilles Dewalt 341 pièces 1/4, 3/8 et 1/2 DWMT45341-1;354,30;Quincaillerie;85,48;+32 %;référence + variante;
DXWT-502;DeWALT DXWT-502 — DXWT-502;271,00;OUTIL;DXWT-502;DeWALT DXWT-502 — DXWT-502;356,90;Quincaillerie;85,90;+32 %;référence + variante;
DCS335N-XJ;DEWALT Scie Sauteuse Sans Fil 18V - Sans Batterie ni Chargeur DCS335N-XJ & Coffret de 10 Lames en Acier de Scie Sauteuse;227,59;PACK+COFFRET+CHARGEUR;DCS335N-XJ;DeWALT DCS335N-XJ — Scie sauteuse 18V DCS335N-XJ;297,72;Scies;70,13;+31 %;référence seule (variante différente);ATTENTION : rapproché sur la référence seule, la version peut différer
DCV584L-QW;DeWalt - Aspirateur de Chantier Classe L - DCV584L-QW & DT70731T-QZ Coffret TOUGHCASE 37 Pièces - Embouts de vissage FLE;224,82;PACK+COFFRET;DCV584L;DeWALT DCV584L — Aspirateur eau et poussière 18/54V FLEXVOLT ou secteur (classe L);294,40;Aspirateurs;69,58;+31 %;référence seule (variante différente);ATTENTION : rapproché sur la référence seule, la version peut différer
DCD86MM1T-QW;Perceuse visseuse à percussion sans fil brushless 18V DeWalt McLaren DCD86MM1T-QW Li-Ion XR, 1 x 4Ah;269,99;PACK+1X4;DCD86MP1T-QW;DeWALT DCD86MP1T-QW — Cordless Impact Drill/Driver DCD86MP1T-QW;352,85;Perçage, vissage et boulonnage;82,86;+31 %;référence seule (variante différente);ATTENTION : rapproché sur la référence seule, la version peut différer
DCF86MM1T-QW;Visseuse à choc sans fil brushless DeWalt McLaren DCF86MM1T-QW 18V 1 x 4Ah Li-ion XR;269,99;PACK+1X4;DCF86MP1T;DeWALT DCF86MP1T — McLaren F1 Team DCF86MP1T 18V 1x 5,0 Ah und Ladegerät in TSTAK;352,92;Perçage, vissage et boulonnage;82,93;+31 %;référence seule (variante différente);ATTENTION : rapproché sur la référence seule, la version peut différer
DCP580NT;DeWalt DCP 580 NT Rabot sans fil 18V 82mm + 1x batterie 5,0Ah + TSTAK - sans chargeur;284,19;PACK+1X5.0+COFFRET+CHARGEUR;DCP580N;DeWALT DCP580N — Rabot sans fil 18V XR Brushless (machine seule);195,76;Rabots;88,43;−31 %;référence seule (variante différente);mon prix est SOUS le prix idealo — ATTENTION : rapproché sur la référence seule, la version peut différer
DCS570P1-QW;Dewalt DCS570P1-QW Scie circulaire XR Li-Ion 18V Brushless + 1 x 5.0Ah Batterie + Chargeur + Coffret TSTAK;306,84;PACK+1X5.0+COFFRET+CHARGEUR;DCS570N;DeWALT DCS570N — Scie circulaire 18V XR Brushless Ø184 mm (machine seule);211,49;Scies;95,35;−31 %;référence seule (variante différente);mon prix est SOUS le prix idealo — ATTENTION : rapproché sur la référence seule, la version peut différer
DCH273N;DeWalt DCH 273 N Marteau combiné sans fil 18 V 2,1 J SDS Plus Brushless + 1x batterie 4,0 Ah - sans chargeur;314,95;PACK+1X4.0+CHARGEUR;DCH273P1T-QW;DeWALT DCH273P1T-QW — Perforateur burineur SDS-Plus 18V XR (1×5,0 Ah + chargeur + coffret);412,73;Perforateurs;97,78;+31 %;référence seule (variante différente);ATTENTION : rapproché sur la référence seule, la version peut différer
DCG406P2;DeWalt DCG 406 P2 Meuleuse d'Angle sans Fil 18V 125mm Brushless, 2x 5,0Ah + Chargeur + TSTAK (DCG406P2);371,18;PACK+2X5.0+COFFRET+CHARGEUR;DCG406N-XJ;DeWALT DCG406N-XJ — Meuleuse Ø125 mm DCG406N-XJ;254,68;Meulage, découpe et polissage;116,50;−31 %;référence seule (variante différente);mon prix est SOUS le prix idealo — ATTENTION : rapproché sur la référence seule, la version peut différer
DCF891P2T;"DeWALT DCF891P2T-QW — Boulonneuse à chocs 1/2"" 18V XR 812 Nm (2×5,0 Ah + chargeur + coffret TSTAK)";398,82;PACK+2X5.0+COFFRET+CHARGEUR;DCF891NT-XJ;"DeWALT DCF891NT-XJ — Boulonneuse à chocs 1/2"" 18V XR Brushless (machine seule, coffret TSTAK)";277,02;Perçage, vissage et boulonnage;121,80;−31 %;référence seule (variante différente);mon prix est SOUS le prix idealo — ATTENTION : rapproché sur la référence seule, la version peut différer
DCD791P2A;DeWALT - Set perceuse-visseuse et clé à choc sans fil 18V, 2 batteries 5,0 Ah Li-Ion, chargeur DCD791P2A;437,13;PACK+1X5.0+CHARGEUR;DCD791N;DeWALT DCD791N — Perceuse-visseuse 18V DCD791N;302,84;Perçage, vissage et boulonnage;134,29;−31 %;référence seule (variante différente);mon prix est SOUS le prix idealo — ATTENTION : rapproché sur la référence seule, la version peut différer
DCG430N-XJ;Meuleuse compacte 76mm XR 18V DCG430N-XJ + 2 batteries 18V 1,7 Ah PowerStack + 1 Chargeur DCB1102-QW DEWALT;449,90;PACK+1X1.7+CHARGEUR;DCG430N;DeWALT DCG430N — DCG430N;310,10;Meulage, découpe et polissage;139,80;−31 %;référence seule (variante différente);mon prix est SOUS le prix idealo — ATTENTION : rapproché sur la référence seule, la version peut différer
DCMWSP156N-XJ;DeWALT DCMWSP156N-XJ — Tondeuse 2 x 18V DCMWSP156N-XJ;466,02;PACK;DCMWSP156N-XJ;DeWALT DCMWSP156N-XJ — Tondeuse 2 x 18V DCMWSP156N-XJ;611,66;Tronçonnage et élagage;145,64;+31 %;référence seule (variante différente);ATTENTION : rapproché sur la référence seule, la version peut différer
D25614K;DeWALT D25614K — D25614K;525,00;OUTIL;D25614K;DeWALT D25614K — D25614K;690,30;Perforateurs;165,30;+31 %;référence + variante;
DCS386H2T;Scie circulaire DeWalt 18v XR FlexVolt Advantage + Powerstack 2x5AH DCS386H2T;527,41;PACK+2X5;DCS386NT-XJ;DeWALT DCS386NT-XJ — Scie sabre 18V DCS386NT-XJ;363,12;Scies;164,29;−31 %;référence seule (variante différente);mon prix est SOUS le prix idealo — ATTENTION : rapproché sur la référence seule, la version peut différer
DCD990M2;DeWALT DCD990M2 — DCD990M2;574,15;PACK;DCD990M2;DeWALT DCD990M2 — DCD990M2;752,14;Perçage, vissage et boulonnage;177,99;+31 %;référence seule (variante différente);ATTENTION : rapproché sur la référence seule, la version peut différer
DWV905M-QS;DeWALT DWV905M-QS — DWV905M-QS;570,00;OUTIL;DWV905M-QS;DeWALT DWV905M-QS — DWV905M-QS;747,28;Aspirateurs;177,28;+31 %;référence + variante;
DCK2012P2T-QW;DeWALT DCK2012P2T-QW — DCK2012P2T-QW;569,18;PACK;DCK2012P2T-QW;DeWALT DCK2012P2T-QW — DCK2012P2T-QW;746,20;Combos;177,02;+31 %;référence seule (variante différente);ATTENTION : rapproché sur la référence seule, la version peut différer
DCK383P2T;DeWALT DCK383P2T — DCK383P2T;569,00;PACK;DCK383P2T;DeWALT DCK383P2T — DCK383P2T;745,96;Combos;176,96;+31 %;référence seule (variante différente);ATTENTION : rapproché sur la référence seule, la version peut différer
DCS7485;DeWALT DCS7485 — DCS7485;568,02;OUTIL;DCS7485;DeWALT DCS7485 — DCS7485;744,67;Scies;176,65;+31 %;référence + variante;
D25330K;DeWALT D25330K — D25330K;565,50;OUTIL;D25330K;DeWALT D25330K — D25330K;741,94;Perforateurs;176,44;+31 %;référence + variante;
DWK218;DeWALT DWK218 — DWK218;557,00;PACK;DWK218;DeWALT DWK218 — DWK218;731,34;Combos;174,34;+31 %;référence seule (variante différente);ATTENTION : rapproché sur la référence seule, la version peut différer
DCK304P2-QW;DeWALT DCK304P2-QW — DCK304P2-QW;549,90;PACK;DCK304P2-QW;DeWALT DCK304P2-QW — DCK304P2-QW;722,57;Combos;172,67;+31 %;référence seule (variante différente);ATTENTION : rapproché sur la référence seule, la version peut différer
DW622KT-QS;DeWALT DW622KT-QS — DW622KT-QS;547,95;OUTIL;DW622KT-QS;DeWALT DW622KT-QS — DW622KT-QS;720,01;Scies;172,06;+31 %;référence + variante;
DWK215;DeWALT DWK215 — DWK215;546,00;PACK;DWK215;DeWALT DWK215 — DWK215;717,44;Combos;171,44;+31 %;référence seule (variante différente);ATTENTION : rapproché sur la référence seule, la version peut différer
DWK220;DeWALT DWK220 — DWK220;546,00;PACK;DWK220;DeWALT DWK220 — DWK220;717,44;Combos;171,44;+31 %;référence seule (variante différente);ATTENTION : rapproché sur la référence seule, la version peut différer
DWK222;DeWALT DWK222 — DWK222;546,00;PACK;DWK222;DeWALT DWK222 — DWK222;717,44;Combos;171,44;+31 %;référence seule (variante différente);ATTENTION : rapproché sur la référence seule, la version peut différer
DCD990;DEWALT DCD990;574,15;OUTIL;DCD990M2;DeWALT DCD990M2 — DCD990M2;752,14;Perçage, vissage et boulonnage;177,99;+31 %;référence + variante;
DXPW003CE;DeWalt DXPW 003CE Nettoyeur Haute Pression à Eau Froide 150bar, 630l/h (26775);563,28;OUTIL;DXPW003CE;DeWALT DXPW003CE — DXPW 003CE Nettoyeur Haute Pression à Eau Froide 150bar, 630l/h (26775);739,02;Accessoires;175,74;+31 %;référence + variante;
XR2WP2T;DeWalt DCK XR2WP2T;546,00;PACK;XR2WP2T;DeWALT XR2WP2T — DCK XR2WP2T;717,44;Scies;171,44;+31 %;référence seule (variante différente);ATTENTION : rapproché sur la référence seule, la version peut différer
DCK2095D2T-QW;DeWALT DCK2095D2T-QW — DCK2095D2T-QW;610,32;PACK;DCK2095D2T-QW;DeWALT DCK2095D2T-QW — DCK2095D2T-QW;797,08;Combos;186,76;+31 %;référence seule (variante différente);ATTENTION : rapproché sur la référence seule, la version peut différer
DE0772;DeWALT DE0772 — DE0772;608,35;OUTIL;DE0772;DeWALT DE0772 — DE0772;794,51;Accessoires;186,16;+31 %;référence + variante;
DW733;DeWALT DW733 — DW733;603,56;OUTIL;DW733;DeWALT DW733 — DW733;788,24;Scies;184,68;+31 %;référence + variante;
D27113;DeWALT D27113 — D27113;598,25;OUTIL;D27113;DeWALT D27113 — D27113;781,91;Meulage, découpe et polissage;183,66;+31 %;référence + variante;
DCMBBL800N;DeWALT DCMBBL800N — DCMBBL800N;598,00;PACK;DCMBBL800N;DeWALT DCMBBL800N — DCMBBL800N;781,58;Aspirateurs;183,58;+31 %;référence seule (variante différente);ATTENTION : rapproché sur la référence seule, la version peut différer
DCG4610T2-QW;DeWALT DCG4610T2-QW — DCG4610T2-QW;593,53;PACK;DCG4610T2-QW;DeWALT DCG4610T2-QW — DCG4610T2-QW;776,34;Combos;182,81;+31 %;référence seule (variante différente);ATTENTION : rapproché sur la référence seule, la version peut différer
DCH614N;DeWALT DCH614N — DCH614N;593,39;PACK;DCH614N;DeWALT DCH614N — DCH614N;776,16;Perforateurs;182,77;+31 %;référence seule (variante différente);ATTENTION : rapproché sur la référence seule, la version peut différer
DCMWSP550N-XJ;DeWALT DCMWSP550N-XJ — DCMWSP550N-XJ;592,00;PACK;DCMWSP550N-XJ;DeWALT DCMWSP550N-XJ — DCMWSP550N-XJ;774,34;Tronçonnage et élagage;182,34;+31 %;référence seule (variante différente);ATTENTION : rapproché sur la référence seule, la version peut différer
D25335K-QS;DeWALT D25335K-QS — D25335K-QS;578,73;OUTIL;D25335K-QS;DeWALT D25335K-QS — D25335K-QS;758,14;Perforateurs;179,41;+31 %;référence + variante;
D25881K-QS;DeWALT D25881K-QS — D25881K-QS;577,56;OUTIL;D25881K-QS;DeWALT D25881K-QS — D25881K-QS;756,60;Perforateurs;179,04;+31 %;référence + variante;
DCK2224MP2T-QW;DEWALT DCK2224MP2T-QW -Clé à chocs sans fil;605,00;PACK;DCK2224MP2T-QW;DeWALT DCK2224MP2T-QW — DCK2224MP2T-QW -Clé à chocs sans fil;790,13;Combos;185,13;+31 %;référence seule (variante différente);ATTENTION : rapproché sur la référence seule, la version peut différer
DCMBC723N-XJ;Débroussailleuse forestière Dewalt DCMBC723N-XJ XR FLEXVOLT 54V Brushless - sans batterie ni chargeur;599,49;PACK+CHARGEUR;DCMBC723N-XJ;DeWALT DCMBC723N-XJ — Débroussailleuse forestière Dewalt DCMBC723N-XJ XR FLEXVOLT 54V Brushless - sans batterie ni chargeur;783,53;Tronçonnage et élagage;184,04;+31 %;référence seule (variante différente);ATTENTION : rapproché sur la référence seule, la version peut différer
DCMWP134W2-QW;DEWALT DCMWP134W2-QW;739,90;PACK;DCMWP134N-XJ;DeWALT DCMWP134N-XJ — DCMWP134N-XJ;507,29;Tronçonnage et élagage;232,61;−31 %;référence seule (variante différente);mon prix est SOUS le prix idealo — ATTENTION : rapproché sur la référence seule, la version peut différer
DWXAF201;DeWALT DWXAF201 — DWXAF201;280,00;OUTIL;DWXAF201;DeWALT DWXAF201 — DWXAF201;368,20;Quincaillerie;88,20;+31 %;référence + variante;
DWST83401-1;DeWalt DSTROLLEY ToughSystem 2.0 DS complet (DWST83401-1);294,61;PACK+COFFRET;DWST83401-1;DeWALT DWST83401-1 — DSTROLLEY ToughSystem 2.0 DS complet (DWST83401-1);385,94;Quincaillerie;91,33;+31 %;référence seule (variante différente);ATTENTION : rapproché sur la référence seule, la version peut différer
DT71706;DeWALT DT71706 — DT71706;315,66;PACK;DT71706;DeWALT DT71706 — DT71706;411,94;Quincaillerie;96,28;+31 %;référence seule (variante différente);ATTENTION : rapproché sur la référence seule, la version peut différer
DNF50;DEWALT PowerCoil ongles DNF 50 mm 5.94 KST. Bague Tige, 1 pièce, dnf25r50s316e;312,21;OUTIL;DNF50;DeWALT DNF50 — PowerCoil ongles DNF 50 mm 5.94 KST. Bague Tige, 1 pièce, dnf25r50s316e;407,75;Quincaillerie;95,54;+31 %;référence + variante;
DCF922N-XJ;"DeWALT DCF922N-XJ — Boulonneuse à chocs compacte 1/2"" 18V XR 406 Nm (machine seule)";121,38;OUTIL;DCF922N-XJ;"DeWALT DCF922N-XJ — Boulonneuse à chocs compacte 1/2"" 18V XR 406 Nm (machine seule)";157,46;Perçage, vissage et boulonnage;36,08;+30 %;référence + variante;
DCD795N;DEWALT DCD795N;204,18;OUTIL;DCD795NT-XJ;DeWALT DCD795NT-XJ — DCD795NT-XJ Perceuse-visseuse compact 18 V sans batterie/accessoires avec T-Stak Box ii;264,98;Perçage, vissage et boulonnage;60,80;+30 %;référence seule (variante différente);ATTENTION : rapproché sur la référence seule, la version peut différer
DCF922N;DeWalt DCF 922 N Clé à choc sans fil 18 V 406 Nm 1/2'' Brushless + 1x batterie 5,0 Ah - sans chargeur;223,38;PACK+1X5.0+CHARGEUR;DCF922N-XJ;"DeWALT DCF922N-XJ — Boulonneuse à chocs compacte 1/2"" 18V XR 406 Nm (machine seule)";157,46;Perçage, vissage et boulonnage;65,92;−30 %;référence seule (variante différente);mon prix est SOUS le prix idealo — ATTENTION : rapproché sur la référence seule, la version peut différer
DPN1564APP;DeWALT DPN1564APP — DPN1564APP;281,64;OUTIL;DPN1564APP;DeWALT DPN1564APP — DPN1564APP;365,89;Perçage, vissage et boulonnage;84,25;+30 %;référence + variante;
DCF961NT;DeWalt DCF 961 NT Clé à choc 18 V 1632 Nm 1/2'' Brushless + 1x batterie 2,0 Ah + TSTAK - sans chargeur;394,24;PACK+1X2.0+COFFRET+CHARGEUR;DCF961NT-XJ;"DeWALT DCF961NT-XJ — Boulonneuse 18V 1/2"" DCF961NT-XJ";513,24;Perçage, vissage et boulonnage;119,00;+30 %;référence seule (variante différente);ATTENTION : rapproché sur la référence seule, la version peut différer
DCS572H2-QW;Dewalt DCS572H2-QW Scie circulaire XR 18V 184 mm - 2 X 5.0 Ah batteries Powerstack + chargeur en coffret;548,29;PACK+2X5.0+COFFRET+CHARGEUR;DCS572NT-XJ;DeWALT DCS572NT-XJ — Scie circulaire 18V Ø184 mm DCS572NT-XJ;384,04;Scies;164,25;−30 %;référence seule (variante différente);mon prix est SOUS le prix idealo — ATTENTION : rapproché sur la référence seule, la version peut différer
DCK3222MP2T-QW;DeWALT DCK3222MP2T-QW — DCK3222MP2T-QW;621,37;PACK;DCK3222MP2T-QW;DeWALT DCK3222MP2T-QW — DCK3222MP2T-QW;810,26;Combos;188,89;+30 %;référence seule (variante différente);ATTENTION : rapproché sur la référence seule, la version peut différer
DCK2077P2T-QW;DeWALT DCK2077P2T-QW — DCK2077P2T-QW;617,17;PACK;DCK2077P2T-QW;DeWALT DCK2077P2T-QW — DCK2077P2T-QW;805,40;Combos;188,23;+30 %;référence seule (variante différente);ATTENTION : rapproché sur la référence seule, la version peut différer
DCK2200H2T-QW;DeWALT DCK2200H2T-QW — DCK2200H2T-QW;611,71;PACK;DCK2200H2T-QW;DeWALT DCK2200H2T-QW — DCK2200H2T-QW;798,28;Combos;186,57;+30 %;référence seule (variante différente);ATTENTION : rapproché sur la référence seule, la version peut différer
DCK2225MP2T;Kit DeWALT DCK2225MP2T McLaren (DCF99M + DCG45M + 2 batteries de 5,0 Ah + DCB1104 + TSTAK VI);623,43;PACK+1X5.0+COFFRET;DCK2225MP2T;DeWALT DCK2225MP2T — Kit DeWALT DCK2225MP2T McLaren (DCF99M + DCG45M + 2 batteries de 5,0 Ah + DCB1104 + TSTAK VI);812,95;Combos;189,52;+30 %;référence seule (variante différente);ATTENTION : rapproché sur la référence seule, la version peut différer
DCK330P2T-QW;DeWalt 18V battery combo pack 3 pcs. (DCK330P2T-QW);621,00;PACK;DCK330P2T-QW;DeWALT DCK330P2T-QW — Référence DCK330P2T-QW — descriptif à compléter;809,78;Combos;188,78;+30 %;référence seule (variante différente);ATTENTION : rapproché sur la référence seule, la version peut différer
DCC2520B;Dewalt DCC2520B Compresseur d'air sans fil sans balais 20 V MAX 9,46 L (outil uniquement);614,44;OUTIL;DCC2520B;DeWALT DCC2520B — DCC2520B Compresseur d'air sans fil sans balais 20 V MAX 9,46 L (outil uniquement);801,84;Accessoires;187,40;+30 %;référence + variante;
DWK301;DeWALT DWK301 — DWK301;689,00;PACK;DWK301;DeWALT DWK301 — DWK301;893,63;Combos;204,63;+30 %;référence seule (variante différente);ATTENTION : rapproché sur la référence seule, la version peut différer
DCK422P3T;DeWALT DCK422P3T — DCK422P3T;675,41;PACK;DCK422P3T;DeWALT DCK422P3T — DCK422P3T;876,68;Combos;201,27;+30 %;référence seule (variante différente);ATTENTION : rapproché sur la référence seule, la version peut différer
DCN910N;DeWALT DCN910N — DCN910N;664,00;OUTIL;DCN910N;DeWALT DCN910N — DCN910N;863,20;Perçage, vissage et boulonnage;199,20;+30 %;référence + variante;
DXGNI20E;DeWALT DXGNI20E — DXGNI20E;658,67;OUTIL;DXGNI20E;DeWALT DXGNI20E — DXGNI20E;856,27;Accessoires;197,60;+30 %;référence + variante;
DCH275P2;DeWALT DCH275P2 — DCH275P2;651,37;PACK;DCH275P2;DeWALT DCH275P2 — DCH275P2;847,43;Perforateurs;196,06;+30 %;référence seule (variante différente);ATTENTION : rapproché sur la référence seule, la version peut différer
DCK368P3T;DEWALT DCK368P3T Triple Kit, 18 V, Jaune, 27 x 32 x 15;641,08;PACK;DCK368P3T;DeWALT DCK368P3T — DCK368P3T Triple Kit, 18 V, Jaune, 27 x 32 x 15;834,68;Combos;193,60;+30 %;référence seule (variante différente);ATTENTION : rapproché sur la référence seule, la version peut différer
DCK329P2T-QW;DeWALT DCK329P2T-QW — DCK329P2T-QW;648,42;PACK;DCK329P2T-QW;DeWALT DCK329P2T-QW — DCK329P2T-QW;843,60;Combos;195,18;+30 %;référence seule (variante différente);ATTENTION : rapproché sur la référence seule, la version peut différer
DCH735;DeWALT DCH735 — DCH735;645,25;PACK;DCH735;DeWALT DCH735 — DCH735;840,12;Perforateurs;194,87;+30 %;référence seule (variante différente);ATTENTION : rapproché sur la référence seule, la version peut différer
DWK300;DeWALT DWK300 — DWK300;645,00;PACK;DWK300;DeWALT DWK300 — DWK300;839,80;Combos;194,80;+30 %;référence seule (variante différente);ATTENTION : rapproché sur la référence seule, la version peut différer
DCK305P3T;DeWALT DCK305P3T — DCK305P3T;634,99;PACK;DCK305P3T;DeWALT DCK305P3T — DCK305P3T;827,39;Combos;192,40;+30 %;référence seule (variante différente);ATTENTION : rapproché sur la référence seule, la version peut différer
DWK223;DeWALT DWK223 — DWK223;634,00;PACK;DWK223;DeWALT DWK223 — DWK223;826,10;Combos;192,10;+30 %;référence seule (variante différente);ATTENTION : rapproché sur la référence seule, la version peut différer
D25899K;DeWALT D25899K — D25899K;633,59;OUTIL;D25899K;DeWALT D25899K — D25899K;825,56;Perforateurs;191,97;+30 %;référence + variante;
DCK229P2T;- Kit 2 Outils Perceuse Visseuse et Perforateur SDS-Plus 18V 5AH - DCK229P2T;641,10;PACK+1X5;DCK229P2T;DeWALT DCK229P2T — Référence DCK229P2T — descriptif à compléter;834,06;Combos;192,96;+30 %;référence seule (variante différente);ATTENTION : rapproché sur la référence seule, la version peut différer
D27112;DeWALT D27112 — D27112;715,40;OUTIL;D27112;DeWALT D27112 — D27112;926,45;Scies;211,05;+30 %;référence + variante;
DCK611P1D2;DeWALT DCK611P1D2 — DCK611P1D2;714,15;PACK;DCK611P1D2;DeWALT DCK611P1D2 — DCK611P1D2;924,83;Combos;210,68;+30 %;référence seule (variante différente);ATTENTION : rapproché sur la référence seule, la version peut différer
DCMWSP660N-XJ;DeWALT DCMWSP660N-XJ — DCMWSP660N-XJ;709,00;PACK;DCMWSP660N-XJ;DeWALT DCMWSP660N-XJ — DCMWSP660N-XJ;918,16;Tronçonnage et élagage;209,16;+30 %;référence seule (variante différente);ATTENTION : rapproché sur la référence seule, la version peut différer
DCS371NT;DeWALT DCS371NT — DCS371NT;706,14;OUTIL;DCS371NT;DeWALT DCS371NT — DCS371NT;915,16;Scies;209,02;+30 %;référence + variante;
DCFS950N-XJ;DeWALT DCFS950N-XJ — DCFS950N-XJ;699,99;OUTIL;DCFS950N-XJ;DeWALT DCFS950N-XJ — DCFS950N-XJ;907,19;Perçage, vissage et boulonnage;207,20;+30 %;référence + variante;
DCH892N;DeWALT DCH892N — DCH892N;697,55;PACK;DCH892N;DeWALT DCH892N — DCH892N;904,02;Perforateurs;206,47;+30 %;référence seule (variante différente);ATTENTION : rapproché sur la référence seule, la version peut différer
DCK424M3-QW;DEWALT Kit Combiné 18V 4 Outils (Perceuse à Percussion Compacte, Visseuse à Impact, Marteau Rotatif SDS-Plus 18V, Meuleu;697,71;PACK;DCK424M3-QW;DeWALT DCK424M3-QW — Kit Combiné 18V 4 Outils (Perceuse à Percussion Compacte, Visseuse à Impact, Marteau Rotatif SDS-Plus 18V, Meuleu;904,24;Combos;206,53;+30 %;référence seule (variante différente);ATTENTION : rapproché sur la référence seule, la version peut différer
DWST08260;DEWALT Tough System DWST08260 Étagère de rangement pour garage Noir;338,75;PACK;DWST08260;DeWALT DWST08260 — Tough System DWST08260 Étagère de rangement pour garage Noir;440,38;Quincaillerie;101,63;+30 %;référence seule (variante différente);ATTENTION : rapproché sur la référence seule, la version peut différer
DCG406NT-XJ;DEWALT - Meuleuse Brushless XR 18V 5Ah Li-Ion - DCG406NT-XJ - Meuleuse sans Fil avec Interrupteur à Palette & Boîte de 1;197,66;PACK+1X5;DCG406N-XJ;DeWALT DCG406N-XJ — Meuleuse Ø125 mm DCG406N-XJ;254,68;Meulage, découpe et polissage;57,02;+29 %;référence seule (variante différente);ATTENTION : rapproché sur la référence seule, la version peut différer
DCF891NT;"DeWALT DCF891NT-XJ — Boulonneuse à chocs 1/2"" 18V XR Brushless (machine seule, coffret TSTAK)";215,50;OUTIL+COFFRET;DCF891NT-XJ;"DeWALT DCF891NT-XJ — Boulonneuse à chocs 1/2"" 18V XR Brushless (machine seule, coffret TSTAK)";277,02;Perçage, vissage et boulonnage;61,52;+29 %;référence + variante;
DCF891;DEWALT DCF891;215,50;OUTIL;DCF891NT-XJ;"DeWALT DCF891NT-XJ — Boulonneuse à chocs 1/2"" 18V XR Brushless (machine seule, coffret TSTAK)";277,02;Perçage, vissage et boulonnage;61,52;+29 %;référence seule (variante différente);ATTENTION : rapproché sur la référence seule, la version peut différer
DCG405N;DeWalt DCG 405 N (1x 5,0 Ah);224,59;PACK+1X5.0;DCG405N;DeWALT DCG405N — Meuleuse 125 mm 18V XR Brushless (outil nu);159,00;Meulage, découpe et polissage;65,59;−29 %;référence seule (variante différente);mon prix est SOUS le prix idealo — ATTENTION : rapproché sur la référence seule, la version peut différer
DCMPS520N;DeWalt DCMPS 520 N 18 V 20 cm brushless + 1x 5.0 Ah battery – without charger;233,59;PACK+1X5.0+CHARGEUR;DCMPS520N-XJ;DeWALT DCMPS520N-XJ — Tronçonneuse d'élagage 18V XR guide 20 cm (solo);166,63;Tronçonnage et élagage;66,96;−29 %;référence seule (variante différente);mon prix est SOUS le prix idealo — ATTENTION : rapproché sur la référence seule, la version peut différer
DCS355NT-XJ;DEWALT - Multi-Cutter XR 18V - DCS355NT-XJ - L'Outil Multifonctionnel Oscillant & Batterie XR 18V 4 Ah Li-Ion - DCB182-X;229,83;PACK+1X4;DCS355NT-XJ;DeWALT DCS355NT-XJ — Outil multifonctions oscillant 18V XR Brushless (solo, TSTAK);163,50;Outils multifonctions;66,33;−29 %;référence seule (variante différente);mon prix est SOUS le prix idealo — ATTENTION : rapproché sur la référence seule, la version peut différer
DCS355M1-QW;Dewalt DCS355M1-QW Multi-Cutter Sans Fil XR 18V 1 X 4.0Ah Li-Ion Sans Charbons + 32 Accessoires Coffret TSTAK;229,36;ACCESSOIRE;DCS355NT-XJ;DeWALT DCS355NT-XJ — Outil multifonctions oscillant 18V XR Brushless (solo, TSTAK);163,50;Outils multifonctions;65,86;−29 %;référence seule (variante différente);mon prix est SOUS le prix idealo — ATTENTION : rapproché sur la référence seule, la version peut différer
DCF809D2T;DeWalt DCF 809 D2T Clé à choc sans fil 18 V 190 Nm 1/4'' Brushless + 2x batterie 2,0 Ah + chargeur + TSTAK;229,01;PACK+1X2.0+COFFRET+CHARGEUR;DCF809NT;DeWALT DCF809NT — DCF809NT;161,65;Perçage, vissage et boulonnage;67,36;−29 %;référence seule (variante différente);mon prix est SOUS le prix idealo — ATTENTION : rapproché sur la référence seule, la version peut différer
DCD796M2-QW;DEWALT - Perceuse-Visseuse à Percussion Brushless XR 18 V, 2 Batteries de 4 Ah, DCD796M2-QW;272,39;PACK+1X4;DCD796NT-XJ;DeWALT DCD796NT-XJ — Perceuse visseuse à percussion 18V DCD796NT-XJ;352,09;Perçage, vissage et boulonnage;79,70;+29 %;référence seule (variante différente);ATTENTION : rapproché sur la référence seule, la version peut différer
DCMPP568P1-QW;Sécateur sans fil 18V 5Ah XR Power Pruner DCMPP568P1-QW - Dewalt;292,13;PACK+1X5;DCMPP568N-XJ;DeWALT DCMPP568N-XJ — Sécateur 18V DCMPP568N-XJ;207,88;Tronçonnage et élagage;84,25;−29 %;référence seule (variante différente);mon prix est SOUS le prix idealo — ATTENTION : rapproché sur la référence seule, la version peut différer
DCH273N;DeWalt DCH 273 N Perforateur-burineur sans fil 2,1J 18V - SDS Plus - Brushless + 1x Batterie 5.0 Ah - sans chargeur;320,98;PACK+1X5.0+CHARGEUR;DCH273P1T-QW;DeWALT DCH273P1T-QW — Perforateur burineur SDS-Plus 18V XR (1×5,0 Ah + chargeur + coffret);412,73;Perforateurs;91,75;+29 %;référence seule (variante différente);ATTENTION : rapproché sur la référence seule, la version peut différer
DCS331M2;Dewalt DCS331M2 Scie Sauteuse + 2 X 4 Ah Batteries + chargeur et Coffret TSTAK;339,61;PACK+2X4+COFFRET+CHARGEUR;DCS331N-XJ;DeWALT DCS331N-XJ — Scie sauteuse DCS331N-XJ;242,41;Scies;97,20;−29 %;référence seule (variante différente);mon prix est SOUS le prix idealo — ATTENTION : rapproché sur la référence seule, la version peut différer
DCMCS565N-XJ;Tronçonneuse 18V 30cm DCMCS565N-XJ + 2 batteries 18V 5 Ah + chargeur DCB1104-QW DEWALT;434,90;PACK+1X5+CHARGEUR;DCMCS565N-XJ;DeWALT DCMCS565N-XJ — Tronçonneuse 18V 30cm DCMCS565N-XJ;310,10;Tronçonnage et élagage;124,80;−29 %;référence seule (variante différente);mon prix est SOUS le prix idealo — ATTENTION : rapproché sur la référence seule, la version peut différer
DCGG571H1K;Pompe à graisse sans fil DeWalt DCGG 571 H1K 18 V + 1x Powerstack batterie 5,0 Ah + chargeur;463,31;PACK+1X5.0+CHARGEUR;DCGG571NK-XJ;DeWALT DCGG571NK-XJ — DCGG571NK-XJ;330,37;Meulage, découpe et polissage;132,94;−29 %;référence seule (variante différente);mon prix est SOUS le prix idealo — ATTENTION : rapproché sur la référence seule, la version peut différer
DCS386H2T;DEWALT DCS386H2T;513,94;PACK;DCS386NT-XJ;DeWALT DCS386NT-XJ — Scie sabre 18V DCS386NT-XJ;363,12;Scies;150,82;−29 %;référence seule (variante différente);mon prix est SOUS le prix idealo — ATTENTION : rapproché sur la référence seule, la version peut différer
DCS386H2T;DeWALT - Scie sabre à batterie 18 V, 2 batteries 5,0 Ah DCS386H2T;513,94;PACK+1X5.0;DCS386NT-XJ;DeWALT DCS386NT-XJ — Scie sabre 18V DCS386NT-XJ;363,12;Scies;150,82;−29 %;référence seule (variante différente);mon prix est SOUS le prix idealo — ATTENTION : rapproché sur la référence seule, la version peut différer
DCN45;DeWALT DCN45 — DCN45;569,32;OUTIL;DCN45;DeWALT DCN45 — DCN45;733,54;Perçage, vissage et boulonnage;164,22;+29 %;référence + variante;
DCH775N-XJ;DeWALT DCH775N-XJ — DCH775N-XJ;755,09;OUTIL;DCH775N-XJ;DeWALT DCH775N-XJ — DCH775N-XJ;974,82;Perforateurs;219,73;+29 %;référence + variante;
DCK209P2;DeWALT DCK209P2 — DCK209P2;746,72;PACK;DCK209P2;DeWALT DCK209P2 — DCK209P2;964,76;Combos;218,04;+29 %;référence seule (variante différente);ATTENTION : rapproché sur la référence seule, la version peut différer
DCK212D2T-QW;DeWALT DCK212D2T-QW — DCK212D2T-QW;744,48;PACK;DCK212D2T-QW;DeWALT DCK212D2T-QW — DCK212D2T-QW;961,87;Combos;217,39;+29 %;référence seule (variante différente);ATTENTION : rapproché sur la référence seule, la version peut différer
DCK551P3T;DeWALT DCK551P3T — DCK551P3T;723,91;PACK;DCK551P3T;DeWALT DCK551P3T — DCK551P3T;936,74;Combos;212,83;+29 %;référence seule (variante différente);ATTENTION : rapproché sur la référence seule, la version peut différer
DCK377P3T;DeWALT DCK377P3T — DCK377P3T;719,00;PACK;DCK377P3T;DeWALT DCK377P3T — DCK377P3T;930,38;Combos;211,38;+29 %;référence seule (variante différente);ATTENTION : rapproché sur la référence seule, la version peut différer
D25733K-QS;DeWALT D25733K-QS — D25733K-QS;714,99;OUTIL;D25733K-QS;DeWALT D25733K-QS — D25733K-QS;925,91;Perforateurs;210,92;+29 %;référence + variante;
DWS727;DeWALT DWS727 — DWS727;714,50;OUTIL;DWS727;DeWALT DWS727 — DWS727;925,27;Scies;210,77;+29 %;référence + variante;
DGN9033-XJ;DEWALT DGN9033-XJ Agrafeuse sans fil Gaz 50-90 mm;748,72;OUTIL;DGN9033-XJ;DeWALT DGN9033-XJ — DGN9033-XJ Agrafeuse sans fil Gaz 50-90 mm;967,34;Perçage, vissage et boulonnage;218,62;+29 %;référence + variante;
DXCMB3M100HE;DeWalt DXCMB3M100HE - Compresseur d'air électrique monophasé à courroie - Moteur 3 CV 100 L;714,74;ACCESSOIRE;DXCMB3M100HE;DeWALT DXCMB3M100HE — DXCMB3M100HE - Compresseur d'air électrique monophasé à courroie - Moteur 3 CV 100 L;925,58;Accessoires;210,84;+29 %;référence + variante;
DCK607M2-QW;DeWALT DCK607M2-QW — DCK607M2-QW;834,99;PACK;DCK607M2-QW;DeWALT DCK607M2-QW — DCK607M2-QW;1073,80;Combos;238,81;+29 %;référence seule (variante différente);ATTENTION : rapproché sur la référence seule, la version peut différer
DWK303PS;DeWALT DWK303PS — DWK303PS;828,00;PACK;DWK303PS;DeWALT DWK303PS — DWK303PS;1064,81;Combos;236,81;+29 %;référence seule (variante différente);ATTENTION : rapproché sur la référence seule, la version peut différer
D25911K-QS;DeWALT D25911K-QS — D25911K-QS;826,99;OUTIL;D25911K-QS;DeWALT D25911K-QS — D25911K-QS;1063,51;Perforateurs;236,52;+29 %;référence + variante;
DWK305PS;DeWALT DWK305PS — DWK305PS;806,00;PACK;DWK305PS;DeWALT DWK305PS — DWK305PS;1038,13;Combos;232,13;+29 %;référence seule (variante différente);ATTENTION : rapproché sur la référence seule, la version peut différer
DCLE34035D1-QW;DeWALT DCLE34035D1-QW — DCLE34035D1-QW;805,01;PACK;DCLE34035D1-QW;DeWALT DCLE34035D1-QW — DCLE34035D1-QW;1036,85;Accessoires;231,84;+29 %;référence seule (variante différente);ATTENTION : rapproché sur la référence seule, la version peut différer
DXGNP35E;DeWALT DXGNP35E — DXGNP35E;778,40;OUTIL;DXGNP35E;DeWALT DXGNP35E — DXGNP35E;1004,14;Accessoires;225,74;+29 %;référence + variante;
DWK402;DeWALT DWK402 — DWK402;777,00;PACK;DWK402;DeWALT DWK402 — DWK402;1002,34;Combos;225,34;+29 %;référence seule (variante différente);ATTENTION : rapproché sur la référence seule, la version peut différer
DW712N;DeWALT DW712N — DW712N;776,71;OUTIL;DW712N;DeWALT DW712N — DW712N;1001,95;Scies;225,24;+29 %;référence + variante;
D25773K;DeWALT D25773K — D25773K;770,89;OUTIL;D25773K;DeWALT D25773K — D25773K;994,45;Perforateurs;223,56;+29 %;référence + variante;
DCM575X1;DeWalt Tronçonneuse sans fil DCM575X1-Qw (40 cm);838,54;PACK;DCM575X1;DeWALT DCM575X1 — Tronçonneuse sans fil DCM575X1-Qw (40 cm);1077,53;Tronçonnage et élagage;238,99;+29 %;référence seule (variante différente);ATTENTION : rapproché sur la référence seule, la version peut différer
DCS398T2;DeWalt Alligator FLEXVOLT DCS398T2 (2 x 2 Ah + charger);770,00;PACK+2X2+CHARGEUR;DCS398T2;DeWALT DCS398T2 — Alligator FLEXVOLT DCS398T2 (2 x 2 Ah + charger);993,30;Scies;223,30;+29 %;référence seule (variante différente);ATTENTION : rapproché sur la référence seule, la version peut différer
DCMCST632N-XJ;Tronçonneuse 54V 30 cm DCMCST632N-XJ + 2 batteries 54V 9 Ah + 1 chargeur DCB118-QW DEWALT;769,90;PACK+1X9+CHARGEUR;DCMCST632N-XJ;DeWALT DCMCST632N-XJ — Tronçonneuse à Batterie Top-Handle 30cm, 54V (DCMCST632N-XJ);550,08;Tronçonnage et élagage;219,82;−29 %;référence seule (variante différente);mon prix est SOUS le prix idealo — ATTENTION : rapproché sur la référence seule, la version peut différer
DT9778;DeWALT DT9778 — DT9778;391,86;OUTIL;DT9778;DeWALT DT9778 — DT9778;505,90;Quincaillerie;114,04;+29 %;référence + variante;
DCB547G;DEWALT DCB547G;185,27;PACK;DCB547-XJ;DeWALT DCB547-XJ — Batterie 18V-54V 9Ah-3Ah XR Flexvolt DCB547-XJ;236,22;Batteries et chargeurs;50,95;+28 %;référence seule (variante différente);ATTENTION : rapproché sur la référence seule, la version peut différer
DCF922N;DeWalt DCF 922 N Clé à choc sans fil 18 V 406 Nm 1/2'' Brushless + 1x batterie 4,0 Ah - sans chargeur;218,56;PACK+1X4.0+CHARGEUR;DCF922N-XJ;"DeWALT DCF922N-XJ — Boulonneuse à chocs compacte 1/2"" 18V XR 406 Nm (machine seule)";157,46;Perçage, vissage et boulonnage;61,10;−28 %;référence seule (variante différente);mon prix est SOUS le prix idealo — ATTENTION : rapproché sur la référence seule, la version peut différer
DCF913B;DEWALT DCF913B 20V MAX 3/8 in. Cordless Impact Wrench with Hog Ring Anvil (Tool Only);245,93;OUTIL;DCF913B;DeWALT DCF913B — DCF913B 20V MAX 3/8 in. Cordless Impact Wrench with Hog Ring Anvil (Tool Only);314,50;Perçage, vissage et boulonnage;68,57;+28 %;référence + variante;
DCP580D1;DEWALT DCP580D1;271,34;PACK;DCP580N;DeWALT DCP580N — Rabot sans fil 18V XR Brushless (machine seule);195,76;Rabots;75,58;−28 %;référence seule (variante différente);mon prix est SOUS le prix idealo — ATTENTION : rapproché sur la référence seule, la version peut différer
DCF620E2;DeWalt DCF 620 E2 Visseuse pour cloison sèche sans fil 18 V 30 Nm Brushless + 2x batterie Powerstack 1,7 Ah + chargeur;274,79;PACK+1X1.7+CHARGEUR;DCF620NT-XJ;DeWALT DCF620NT-XJ — Visseuse à placo 18V XR (solo, coffret TSTAK);196,75;Perçage, vissage et boulonnage;78,04;−28 %;référence seule (variante différente);mon prix est SOUS le prix idealo — ATTENTION : rapproché sur la référence seule, la version peut différer
DCP580NT;DeWalt DCP 580 NT Rabot sans fil 18V 82mm + 1x batterie 4,0Ah + TSTAK - sans chargeur;272,94;PACK+1X4.0+COFFRET+CHARGEUR;DCP580N;DeWALT DCP580N — Rabot sans fil 18V XR Brushless (machine seule);195,76;Rabots;77,18;−28 %;référence seule (variante différente);mon prix est SOUS le prix idealo — ATTENTION : rapproché sur la référence seule, la version peut différer
DCD796D2A;DeWALT - Perceuse-visseuse à percussion sans fil 18 V, avec accessoires, 2 batteries Li-Ion 2,0 Ah et chargeur. DCD796D2;276,02;PACK+1X2.0+CHARGEUR;DCD796NT-XJ;DeWALT DCD796NT-XJ — Perceuse visseuse à percussion 18V DCD796NT-XJ;352,09;Perçage, vissage et boulonnage;76,07;+28 %;référence seule (variante différente);ATTENTION : rapproché sur la référence seule, la version peut différer
DCF620P2K-QW;DeWALT DCF620P2K — Visseuse à placo 18V XR Brushless + chargeur de vis en bande (2×5,0 Ah, coffret TSTAK);286,19;OUTIL+2X5.0+COFFRET+CHARGEUR;DCF620P2K;DeWALT DCF620P2K — Visseuse à placo 18V XR Brushless + chargeur de vis en bande (2×5,0 Ah, coffret TSTAK);366,73;Perçage, vissage et boulonnage;80,54;+28 %;référence + variante;
DCD805H1T;DeWalt DCD 805 H1T Perceuse-visseuse à percussion sans fil 18 V 90 Nm Brushless + 1x batterie Powerstack 5,0 Ah + charge;313,35;PACK+1X5.0;DCD805NT-XJ;DeWALT DCD805NT-XJ — Perceuse-visseuse à percussion 18V DCD805NT-XJ;401,42;Perçage, vissage et boulonnage;88,07;+28 %;référence seule (variante différente);ATTENTION : rapproché sur la référence seule, la version peut différer
DCH273NT;DeWalt DCH 273 NT Marteau combiné sans fil 18 V 2,1 J SDS Plus Brushless + 1x batterie 4,0 Ah + coffret - sans chargeur;322,99;PACK+1X4.0+COFFRET+CHARGEUR;DCH273P1T-QW;DeWALT DCH273P1T-QW — Perforateur burineur SDS-Plus 18V XR (1×5,0 Ah + chargeur + coffret);412,73;Perforateurs;89,74;+28 %;référence seule (variante différente);ATTENTION : rapproché sur la référence seule, la version peut différer
DCG426H1;Meuleuse droite sans fil DeWalt DCG 426 H1 18 V Brushless + 1 batterie Powerstack 5,0 Ah + chargeur;343,87;PACK+1X5.0+CHARGEUR;DCG426N-XJ;DeWALT DCG426N-XJ — Meuleuse droite XR 18V DCG426N-XJ;248,51;Meulage, découpe et polissage;95,36;−28 %;référence seule (variante différente);mon prix est SOUS le prix idealo — ATTENTION : rapproché sur la référence seule, la version peut différer
DWK304PS;DeWALT DWK304PS — DWK304PS;876,00;PACK;DWK304PS;DeWALT DWK304PS — DWK304PS;1123,91;Combos;247,91;+28 %;référence seule (variante différente);ATTENTION : rapproché sur la référence seule, la version peut différer
DWK403;DeWALT DWK403 — DWK403;861,00;PACK;DWK403;DeWALT DWK403 — DWK403;1105,52;Combos;244,52;+28 %;référence seule (variante différente);ATTENTION : rapproché sur la référence seule, la version peut différer
D27111;DeWALT D27111 — D27111;859,00;OUTIL;D27111;DeWALT D27111 — D27111;1102,96;Scies;243,96;+28 %;référence + variante;
DWK306PS;DeWALT DWK306PS — DWK306PS;854,00;PACK;DWK306PS;DeWALT DWK306PS — DWK306PS;1096,54;Combos;242,54;+28 %;référence seule (variante différente);ATTENTION : rapproché sur la référence seule, la version peut différer
DCK246P2-QW;DeWALT DCK246P2-QW — DCK246P2-QW;846,88;PACK;DCK246P2-QW;DeWALT DCK246P2-QW — DCK246P2-QW;1088,24;Combos;241,36;+28 %;référence seule (variante différente);ATTENTION : rapproché sur la référence seule, la version peut différer
DCN692P2;DEWALT DCN692P2;844,00;PACK;DCN692N;DeWALT DCN692N — DCN692N;1076,33;Perçage, vissage et boulonnage;232,33;+28 %;référence seule (variante différente);ATTENTION : rapproché sur la référence seule, la version peut différer
DGN845D1;Cloueuse à gaz Dewalt C6 TRAK 1x2 Ah DGN845D1;864,76;PACK+1X2;DGN845D1;DeWALT DGN845D1 — Cloueuse à gaz Dewalt C6 TRAK 1x2 Ah DGN845D1;1110,35;Perçage, vissage et boulonnage;245,59;+28 %;référence seule (variante différente);ATTENTION : rapproché sur la référence seule, la version peut différer
DCMPW1600N-XJ;Nettoyeur haute pression XR 2 X 18V DCMPW1600N-XJ + 2 batteries 18/54V 9-3Ah + 1 chargeur DCB118-QW DEWALT;779,90;PACK+1X3+CHARGEUR;DCMPW1600N-XJ;DeWALT DCMPW1600N-XJ — Nettoyeur haute pression XR 2 X 18V DCMPW1600N-XJ;562,25;Accessoires;217,65;−28 %;référence seule (variante différente);mon prix est SOUS le prix idealo — ATTENTION : rapproché sur la référence seule, la version peut différer
DW711;DeWALT DW711 — DW711;1009,26;OUTIL;DW711;DeWALT DW711 — DW711;1287,82;Scies;278,56;+28 %;référence + variante;
DWK405PS;DeWALT DWK405PS — DWK405PS;1008,00;PACK;DWK405PS;DeWALT DWK405PS — DWK405PS;1286,21;Combos;278,21;+28 %;référence seule (variante différente);ATTENTION : rapproché sur la référence seule, la version peut différer
DCH911NK-XJ;DeWALT DCH911NK-XJ — DCH911NK-XJ;978,90;PACK;DCH911NK-XJ;DeWALT DCH911NK-XJ — DCH911NK-XJ;1251,04;Perforateurs;272,14;+28 %;référence seule (variante différente);ATTENTION : rapproché sur la référence seule, la version peut différer
DWK404PS;DeWALT DWK404PS — DWK404PS;975,00;PACK;DWK404PS;DeWALT DWK404PS — DWK404PS;1246,06;Combos;271,06;+28 %;référence seule (variante différente);ATTENTION : rapproché sur la référence seule, la version peut différer
D25871K;DeWALT D25871K — D25871K;959,49;OUTIL;D25871K;DeWALT D25871K — D25871K;1226,23;Perforateurs;266,74;+28 %;référence + variante;
DWK308PS;DeWALT DWK308PS — DWK308PS;953,00;PACK;DWK308PS;DeWALT DWK308PS — DWK308PS;1218,89;Combos;265,89;+28 %;référence seule (variante différente);ATTENTION : rapproché sur la référence seule, la version peut différer
D25961K;DeWALT D25961K — D25961K;952,56;OUTIL;D25961K;DeWALT D25961K — D25961K;1218,32;Perforateurs;265,76;+28 %;référence + variante;
DW743N;DeWALT DW743N-QS — Scie sur table et à onglets retournable DW743N-QS Ø250 mm;949,90;OUTIL;DW743N-QS;DeWALT DW743N-QS — Scie sur table et à onglets retournable DW743N-QS Ø250 mm;1214,93;Scies;265,03;+28 %;référence + variante;
DW876;DeWALT DW876 — DW876;944,99;OUTIL;DW876;DeWALT DW876 — DW876;1208,64;Scies;263,65;+28 %;référence + variante;
DWK401;DeWALT DWK401 — DWK401;931,00;PACK;DWK401;DeWALT DWK401 — DWK401;1191,68;Combos;260,68;+28 %;référence seule (variante différente);ATTENTION : rapproché sur la référence seule, la version peut différer
DCK500P3T-QW;DeWALT DCK500P3T-QW — DCK500P3T-QW;924,97;PACK;DCK500P3T-QW;DeWALT DCK500P3T-QW — DCK500P3T-QW;1183,96;Combos;258,99;+28 %;référence seule (variante différente);ATTENTION : rapproché sur la référence seule, la version peut différer
DCD460T2;DeWALT DCD460T2 — DCD460T2;924,95;PACK;DCD460T2;DeWALT DCD460T2 — DCD460T2;1183,93;Perçage, vissage et boulonnage;258,98;+28 %;référence seule (variante différente);ATTENTION : rapproché sur la référence seule, la version peut différer
DCS782N;DeWALT DCS782N — DCS782N;918,25;PACK;DCS782N;DeWALT DCS782N — DCS782N;1176,28;Scies;258,03;+28 %;référence seule (variante différente);ATTENTION : rapproché sur la référence seule, la version peut différer
DCK623P3;DeWALT DCK623P3 — DCK623P3;913,60;PACK;DCK623P3;DeWALT DCK623P3 — DCK623P3;1170,32;Combos;256,72;+28 %;référence seule (variante différente);ATTENTION : rapproché sur la référence seule, la version peut différer
DW650E;DeWALT DW650E — DW650E;910,00;OUTIL;DW650E;DeWALT DW650E — DW650E;1165,72;Scies;255,72;+28 %;référence + variante;
DWK307PS;DeWALT DWK307PS — DWK307PS;909,00;PACK;DWK307PS;DeWALT DWK307PS — DWK307PS;1164,43;Combos;255,43;+28 %;référence seule (variante différente);ATTENTION : rapproché sur la référence seule, la version peut différer
DCK428P3T;DeWALT DCK428P3T — DCK428P3T;899,99;PACK;DCK428P3T;DeWALT DCK428P3T — DCK428P3T;1153,79;Combos;253,80;+28 %;référence seule (variante différente);ATTENTION : rapproché sur la référence seule, la version peut différer
DWK400;DeWALT DWK400 — DWK400;898,00;PACK;DWK400;DeWALT DWK400 — DWK400;1151,23;Combos;253,23;+28 %;référence seule (variante différente);ATTENTION : rapproché sur la référence seule, la version peut différer
DCS690N-XJ;DeWALT DCS690N-XJ — DCS690N-XJ;883,79;OUTIL;DCS690N-XJ;DeWALT DCS690N-XJ — DCS690N-XJ;1133,90;Meulage, découpe et polissage;250,11;+28 %;référence + variante;
DCD460;DEWALT DCD460;924,95;OUTIL;DCD460T2;DeWALT DCD460T2 — DCD460T2;1183,93;Perçage, vissage et boulonnage;258,98;+28 %;référence + variante;
DXCMB4T200HE;DeWalt DXCMB4T200HE - Compresseur d'air électrique triphasé par courroie - Moteur 4 CV 200 L;993,15;ACCESSOIRE;DXCMB4T200HE;DeWALT DXCMB4T200HE — DXCMB4T200HE - Compresseur d'air électrique triphasé par courroie - Moteur 4 CV 200 L;1268,26;Accessoires;275,11;+28 %;référence + variante;
DCBPS0554-XJ;DeWalt Powershift battery 554 Wh 10 Ah (DCBPS0554-XJ);909,00;PACK+1X10;DCBPS0554-XJ;DeWALT DCBPS0554-XJ — Powershift battery 554 Wh 10 Ah (DCBPS0554-XJ);1164,43;Batteries et chargeurs;255,43;+28 %;référence seule (variante différente);ATTENTION : rapproché sur la référence seule, la version peut différer
D25902K;Marteau piqueur DEWALT SDS MAX 1550W 19 joules - D25902K - Marteau piqueur électrique noir;897,99;OUTIL;D25902K;DeWALT D25902K — Marteau piqueur DEWALT SDS MAX 1550W 19 joules - D25902K - Marteau piqueur électrique noir;1151,22;Perforateurs;253,23;+28 %;référence + variante;
DW739;DeWALT DW739 — DW739;1035,45;OUTIL;DW739;DeWALT DW739 — DW739;1320,20;Scies;284,75;+28 %;référence + variante;
DCK421P3T;DeWALT DCK421P3T — DCK421P3T;1030,00;PACK;DCK421P3T;DeWALT DCK421P3T — DCK421P3T;1313,26;Combos;283,26;+28 %;référence seule (variante différente);ATTENTION : rapproché sur la référence seule, la version peut différer
D24000;DeWALT D24000 — D24000;1015,39;OUTIL;D24000;DeWALT D24000 — D24000;1295,64;Accessoires;280,25;+28 %;référence + variante;
DCK502P3;Ensemble combiné Dewalt 18 V 6 pièces dans un sac 3 x 5,0 Ah DCK502P3;1016,69;PACK+3X5.0;DCK502P3;DeWALT DCK502P3 — Ensemble combiné Dewalt 18 V 6 pièces dans un sac 3 x 5,0 Ah DCK502P3;1297,30;Combos;280,61;+28 %;référence seule (variante différente);ATTENTION : rapproché sur la référence seule, la version peut différer
R009P;DeWalt KS Tools 515.3250-R009P enclume 3/4 pouce;435,44;OUTIL;R009P;DeWALT R009P — KS Tools 515.3250-R009P enclume 3/4 pouce;559,54;Quincaillerie;124,10;+28 %;référence + variante;
DNBA1632SZ;DEWALT DNBA1632SZ Clous 20, Gris, Taille SS 32mm, Set de 2500 Pièces;106,84;PACK;DNBA1632SZ;DeWALT DNBA1632SZ — Clous pour cloueurs de finition sans fil SS, inoxydable, 32 mm, 2500 pièces - DNBA1632SZ;136,82;Quincaillerie;29,98;+28 %;référence seule (variante différente);ATTENTION : rapproché sur la référence seule, la version peut différer
DNW2863E;DeWalt DNW2863E;97,30;OUTIL;DNW2863E;DeWALT DNW2863E — DNW2863E Clous, Argent, Taille 34 63mm, Set de 2200 Pièces;124,96;Quincaillerie;27,66;+28 %;référence + variante;
D25033K;DeWALT D25033K-QS — Perforateur burineur SDS-Plus 710W (coffret);114,90;OUTIL+COFFRET;D25033K-QS;DeWALT D25033K-QS — Perforateur burineur SDS-Plus 710W (coffret);145,73;Perforateurs;30,83;+27 %;référence + variante;
DCMPS520N-XJ;DeWALT DCMPS520N-XJ — Tronçonneuse d'élagage 18V XR guide 20 cm (solo);131,36;PACK;DCMPS520N-XJ;DeWALT DCMPS520N-XJ — Tronçonneuse d'élagage 18V XR guide 20 cm (solo);166,63;Tronçonnage et élagage;35,27;+27 %;référence seule (variante différente);ATTENTION : rapproché sur la référence seule, la version peut différer
DCBP034E3;DeWalt Kit batterie DCBP 034 E3 3x batterie Powerstack 18 V 1,7 Ah / 1700 mAh XR Li-Ion - avec indicateur de charge;210,53;PACK+1X1.7;DCBP034;DeWALT DCBP034 — DCBP034;154,42;Batteries et chargeurs;56,11;−27 %;référence seule (variante différente);mon prix est SOUS le prix idealo — ATTENTION : rapproché sur la référence seule, la version peut différer
DCG405N;DeWalt DCG 405 N + 1x 4,0Ah;216,96;PACK+1X4.0;DCG405N;DeWALT DCG405N — Meuleuse 125 mm 18V XR Brushless (outil nu);159,00;Meulage, découpe et polissage;57,96;−27 %;référence seule (variante différente);mon prix est SOUS le prix idealo — ATTENTION : rapproché sur la référence seule, la version peut différer
DCS355D1;DeWalt DCS355D1 Outil oscillant multi-cutter sans fil 18V Brushless + 1x Batterie 2,0Ah + Chargeur + Coffret TSTAK+ Acce;223,38;PACK+1X2.0+COFFRET+CHARGEUR;DCS355NT-XJ;DeWALT DCS355NT-XJ — Outil multifonctions oscillant 18V XR Brushless (solo, TSTAK);163,50;Outils multifonctions;59,88;−27 %;référence seule (variante différente);mon prix est SOUS le prix idealo — ATTENTION : rapproché sur la référence seule, la version peut différer
DCS391P1;Dewalt DCS391P1 Scie circulaire XR Li-Ion 18V 1 x 5.0Ah, chargeur et TSTAK;284,36;PACK+1X5.0+COFFRET+CHARGEUR;DCS391M2-QW;DeWALT DCS391M2-QW — Scie circulaire 165 mm 18V XR (kit 2×4,0 Ah + coffret TSTAK);360,62;Scies;76,26;+27 %;référence seule (variante différente);ATTENTION : rapproché sur la référence seule, la version peut différer
DCW200M2;Dewalt DCW200M2 Ponceuse vibrante sans fil 18 V 108x115 mm + 2 x 4,0Ah Batteries + Chargeur + Coffret T-STAK;294,24;PACK+2X4.0+COFFRET+CHARGEUR;DCW200;DeWALT DCW200 — DCW200;213,96;Scies;80,28;−27 %;référence seule (variante différente);mon prix est SOUS le prix idealo — ATTENTION : rapproché sur la référence seule, la version peut différer
DCS570NT;DeWalt DCS 570 NT Cordless circular saw 18 V 184 mm brushless + 1× 4.0 Ah battery + TSTAK without charger;290,62;PACK+1X4.0+COFFRET+CHARGEUR;DCS570N;DeWALT DCS570N — Scie circulaire 18V XR Brushless Ø184 mm (machine seule);211,49;Scies;79,13;−27 %;référence seule (variante différente);mon prix est SOUS le prix idealo — ATTENTION : rapproché sur la référence seule, la version peut différer
DCE571N-XJ;Pistolet à mastic Tube Court XR 18V - DEWALT - Sans batterie, ni chargeur - DCE571N-XJ;326,95;PACK+CHARGEUR;DCE571N-XJ;DeWALT DCE571N-XJ — Pistolet à mastic sans fil DEWALT DCE571N-XJ 18V Li-Ion XR, sans batterie;414,89;Perçage, vissage et boulonnage;87,94;+27 %;référence seule (variante différente);ATTENTION : rapproché sur la référence seule, la version peut différer
DCG406NT-XJ;Meuleuse Ø125 mm DCG406NT-XJ + 2 batteries 18V 5 Ah + 1 chargeur DCB1104-QW DEWALT;349,90;PACK+1X5+CHARGEUR;DCG406N-XJ;DeWALT DCG406N-XJ — Meuleuse Ø125 mm DCG406N-XJ;254,68;Meulage, découpe et polissage;95,22;−27 %;référence seule (variante différente);mon prix est SOUS le prix idealo — ATTENTION : rapproché sur la référence seule, la version peut différer
DCM561PBS;DeWalt DCM 561 PBS 18 V Brushless + 2x 4.0 Ah Batteries + Charger;362,10;PACK+2X4.0+CHARGEUR;DCM561;DeWALT DCM561 — DCM561;262,81;Tronçonnage et élagage;99,29;−27 %;référence seule (variante différente);mon prix est SOUS le prix idealo — ATTENTION : rapproché sur la référence seule, la version peut différer
DCS335NT-XJ;DEWALT - Scie Sauteuse à Prise par le Corps Brushless XR 18V - DCS335NT-XJ & Meuleuse Brushless XR 18V 5Ah Li-Ion - DCG4;407,31;OUTIL+1X5;DCS335N-XJ;DeWALT DCS335N-XJ — Scie sauteuse 18V DCS335N-XJ;297,72;Scies;109,59;−27 %;référence seule (variante différente);mon prix est SOUS le prix idealo — ATTENTION : rapproché sur la référence seule, la version peut différer
DCF961NT;DeWalt DCF 961 NT Clé à choc 18 V 1632 Nm 1/2'' Brushless + 1x batterie 4,0 Ah + TSTAK - sans chargeur;403,87;PACK+1X4.0+COFFRET+CHARGEUR;DCF961NT-XJ;"DeWALT DCF961NT-XJ — Boulonneuse 18V 1/2"" DCF961NT-XJ";513,24;Perçage, vissage et boulonnage;109,37;+27 %;référence seule (variante différente);ATTENTION : rapproché sur la référence seule, la version peut différer
DCG460X2-QW;DEWALT DCG460X2-QW;654,14;PACK;DCG460NK-XJ;DeWALT DCG460NK-XJ — DCG460NK-XJ;474,36;Meulage, découpe et polissage;179,78;−27 %;référence seule (variante différente);mon prix est SOUS le prix idealo — ATTENTION : rapproché sur la référence seule, la version peut différer
AR-DXPW008E;DeWALT AR-DXPW008E — AR-DXPW008E;1234,00;OUTIL;AR-DXPW008E;DeWALT AR-DXPW008E — AR-DXPW008E;1564,72;Accessoires;330,72;+27 %;référence + variante;
DCK755P3T;DeWALT DCK755P3T — DCK755P3T;1210,99;PACK;DCK755P3T;DeWALT DCK755P3T — DCK755P3T;1536,74;Combos;325,75;+27 %;référence seule (variante différente);ATTENTION : rapproché sur la référence seule, la version peut différer
DCK706P3T-QW;DeWALT DCK706P3T-QW — DCK706P3T-QW;1203,30;PACK;DCK706P3T-QW;DeWALT DCK706P3T-QW — DCK706P3T-QW;1526,99;Combos;323,69;+27 %;référence seule (variante différente);ATTENTION : rapproché sur la référence seule, la version peut différer
D25966-QS;DeWALT D25966-QS — D25966-QS;1199,00;OUTIL;D25966-QS;DeWALT D25966-QS — D25966-QS;1521,53;Perforateurs;322,53;+27 %;référence + variante;
DCK665P3T;DeWALT DCK665P3T — DCK665P3T;1198,75;PACK;DCK665P3T;DeWALT DCK665P3T — DCK665P3T;1521,22;Combos;322,47;+27 %;référence seule (variante différente);ATTENTION : rapproché sur la référence seule, la version peut différer
DCH334;DeWALT DCH334 — DCH334;1192,75;OUTIL;DCH334;DeWALT DCH334 — DCH334;1513,60;Perforateurs;320,85;+27 %;référence + variante;
DCD150NK-XJ;DeWALT DCD150NK-XJ — DCD150NK-XJ;1189,40;PACK;DCD150NK-XJ;DeWALT DCD150NK-XJ — DCD150NK-XJ;1509,35;Perçage, vissage et boulonnage;319,95;+27 %;référence seule (variante différente);ATTENTION : rapproché sur la référence seule, la version peut différer
DWE1622K;DeWALT DWE1622K — DWE1622K;1159,99;OUTIL;DWE1622K;DeWALT DWE1622K — DWE1622K;1473,19;Perçage, vissage et boulonnage;313,20;+27 %;référence + variante;
DCK690P3T-QW;DeWALT DCK690P3T-QW — DCK690P3T-QW;1154,00;PACK;DCK690P3T-QW;DeWALT DCK690P3T-QW — DCK690P3T-QW;1465,58;Combos;311,58;+27 %;référence seule (variante différente);ATTENTION : rapproché sur la référence seule, la version peut différer
DCE074D1R;DeWALT DCE074D1R — DCE074D1R;1137,19;OUTIL;DCE074D1R;DeWALT DCE074D1R — DCE074D1R;1445,36;Accessoires;308,17;+27 %;référence + variante;
D25872K-QS;DeWALT D25872K-QS — D25872K-QS;1082,09;OUTIL;D25872K-QS;DeWALT D25872K-QS — D25872K-QS;1377,50;Perforateurs;295,41;+27 %;référence + variante;
DXPW004E;DeWALT DXPW004E — DXPW004E;1081,88;OUTIL;DXPW004E;DeWALT DXPW004E — DXPW004E;1377,23;Accessoires;295,35;+27 %;référence + variante;
DCK685P3T-QW;DeWALT DCK685P3T-QW — DCK685P3T-QW;1064,27;PACK;DCK685P3T-QW;DeWALT DCK685P3T-QW — DCK685P3T-QW;1355,88;Combos;291,61;+27 %;référence seule (variante différente);ATTENTION : rapproché sur la référence seule, la version peut différer
DXPW006E;DeWalt DXPW 006E - Nettoyeur haute pression Triphasé professionnel - 170 bars max- 900 l/h;1163,62;OUTIL;DXPW006E;DeWALT DXPW006E — DXPW 006E - Nettoyeur haute pression Triphasé professionnel - 170 bars max- 900 l/h;1477,80;Accessoires;314,18;+27 %;référence + variante;
DCK663P3;Kit DeWALT DCK663P3 (DCD796 + DCF887 + DCS570 + DCS334 + DCG405 + DCL050 + 3 x 5.0 Ah + DCB1104 + 2 x DS300);1148,00;PACK+3X5.0;DCK663P3;DeWALT DCK663P3 — Kit DeWALT DCK663P3 (DCD796 + DCF887 + DCS570 + DCS334 + DCG405 + DCL050 + 3 x 5.0 Ah + DCB1104 + 2 x DS300);1459,10;Combos;311,10;+27 %;référence seule (variante différente);ATTENTION : rapproché sur la référence seule, la version peut différer
DXPW005E;DeWalt DXPW 005E;1122,44;OUTIL;DXPW005E;DeWALT DXPW005E — DXPW 005E;1427,75;Accessoires;305,31;+27 %;référence + variante;
DCK699M3T;DeWalt Kit DCK699M3T;1099,00;PACK;DCK699M3T;DeWALT DCK699M3T — Kit DCK699M3T;1397,93;Combos;298,93;+27 %;référence seule (variante différente);ATTENTION : rapproché sur la référence seule, la version peut différer
DXWDCUT40E;DeWalt DXWDCUT40E - Découpeur plasma à Inverter;1113,52;OUTIL;DXWDCUT40E;DeWALT DXWDCUT40E — DXWDCUT40E - Découpeur plasma à Inverter;1416,40;Accessoires;302,88;+27 %;référence + variante;
DSET1;Dewalt DSET1 DCS391N + DCS331N + DCG405N + DCD796N + DCF887N + DCH273N - 6 ENSEMBLE DOUTILS ÉLECTRIQUES 18V XR - fournit;1098,16;PACK;DSET1;DeWALT DSET1 — DSET1 DCS391N + DCS331N + DCG405N + DCD796N + DCF887N + DCH273N - 6 ENSEMBLE DOUTILS ÉLECTRIQUES 18V XR - fournit;1396,86;Batteries et chargeurs;298,70;+27 %;référence seule (variante différente);ATTENTION : rapproché sur la référence seule, la version peut différer
D271055;DeWalt Table coulissante D271055;1076,95;OUTIL;D271055;DeWALT D271055 — Table coulissante D271055;1370,95;Accessoires;294,00;+27 %;référence + variante;
DWK600T;DeWALT DWK600T — DWK600T;1316,00;PACK;DWK600T;DeWALT DWK600T — DWK600T;1666,06;Combos;350,06;+27 %;référence seule (variante différente);ATTENTION : rapproché sur la référence seule, la version peut différer
D25960K;DeWALT D25960K — D25960K;1303,69;OUTIL;D25960K;DeWALT D25960K — D25960K;1650,47;Perforateurs;346,78;+27 %;référence + variante;
DCD1623N-XJ;DeWALT DCD1623N-XJ — DCD1623N-XJ;1287,31;PACK;DCD1623N-XJ;DeWALT DCD1623N-XJ — DCD1623N-XJ;1629,73;Perçage, vissage et boulonnage;342,42;+27 %;référence seule (variante différente);ATTENTION : rapproché sur la référence seule, la version peut différer
D27107XPS;DeWALT D27107XPS — D27107XPS;1262,47;OUTIL;D27107XPS;DeWALT D27107XPS — D27107XPS;1599,55;Scies;337,08;+27 %;référence + variante;
DCK509P3-QW;DeWALT DCK509P3-QW — DCK509P3-QW;1261,53;PACK;DCK509P3-QW;DeWALT DCK509P3-QW — DCK509P3-QW;1598,36;Combos;336,83;+27 %;référence seule (variante différente);ATTENTION : rapproché sur la référence seule, la version peut différer
DCE080D1RS;DeWALT DCE080D1RS — DCE080D1RS;1244,99;OUTIL;DCE080D1RS;DeWALT DCE080D1RS — DCE080D1RS;1578,65;Accessoires;333,66;+27 %;référence + variante;
DXPW007E;DeWalt DXPW 007E - Nettoyeur haute pression triphasé professionnel - 230 bars max - 840 l/h;1270,18;OUTIL;DXPW007E;DeWALT DXPW007E — DXPW 007E - Nettoyeur haute pression triphasé professionnel - 230 bars max - 840 l/h;1609,32;Accessoires;339,14;+27 %;référence + variante;
DCH966;DeWALT DCH966 — DCH966;1907,81;PACK;DCH966;DeWALT DCH966 — DCH966;2414,44;Perforateurs;506,63;+27 %;référence seule (variante différente);ATTENTION : rapproché sur la référence seule, la version peut différer
DWST17820;DeWalt TSTAK Boîte à Outils avec Roulettes, Boîte Profonde (DWST17820);560,64;PACK+COFFRET;DWST17820;DeWALT DWST17820 — TSTAK Boîte à Outils avec Roulettes, Boîte Profonde (DWST17820);713,70;Quincaillerie;153,06;+27 %;référence seule (variante différente);ATTENTION : rapproché sur la référence seule, la version peut différer
DT20737B-QZ;DeWALT DT20737B-QZ — DT20737B-QZ;623,71;OUTIL;DT20737B-QZ;DeWALT DT20737B-QZ — DT20737B-QZ;791,48;Quincaillerie;167,77;+27 %;référence + variante;
DWST98236-1;DeWalt Servante d'Atelier McLaren F1 Team 5 Tiroirs 900mm (DWST98236-1);580,00;OUTIL;DWST98236-1;DeWALT DWST98236-1 — Servante d'Atelier McLaren F1 Team 5 Tiroirs 900mm (DWST98236-1);737,18;Quincaillerie;157,18;+27 %;référence + variante;
DCB107;DeWalt Power Set (2 x 18V 2,0 Ah + DCB107);111,00;PACK+1X2.0;DCB107-QW;DeWALT DCB107-QW — Chargeur 10.8-18V DCB107-QW;82,38;Batteries et chargeurs;28,62;−26 %;référence seule (variante différente);mon prix est SOUS le prix idealo — ATTENTION : rapproché sur la référence seule, la version peut différer
DCB183;DeWalt DCV D2 18 2x DCB 183 2 Ah batterie + chargeur;223,38;PACK+1X2+CHARGEUR;DCB183;DeWALT DCB183 — DCB183 Lot de 2 batteries XR 18 V 2,0 Ah pour DCD785, DCD985, DCF885, Dcs391, Dcs331;165,00;Batteries et chargeurs;58,38;−26 %;référence seule (variante différente);mon prix est SOUS le prix idealo — ATTENTION : rapproché sur la référence seule, la version peut différer
DCV584L-QW;DeWalt - Aspirateur de Chantier Classe L - DCV584L-QW & Batterie XR 18V 4 Ah Li-ION - DCB182-XJ - Compatible avec Tous L;233,40;PACK+1X4;DCV584L;DeWALT DCV584L — Aspirateur eau et poussière 18/54V FLEXVOLT ou secteur (classe L);294,40;Aspirateurs;61,00;+26 %;référence seule (variante différente);ATTENTION : rapproché sur la référence seule, la version peut différer
DCD444N-XJ;DeWALT DCD444N-XJ — Perceuse-visseuse d'angle 18V XR Brushless (solo);253,98;OUTIL;DCD444N-XJ;DeWALT DCD444N-XJ — Perceuse-visseuse d'angle 18V XR Brushless (solo);319,88;Perçage, vissage et boulonnage;65,90;+26 %;référence + variante;
DCF620D1K-QW;Dewalt DCF620D1K-QW Visseuse placo à batteries 18V XR Li-Ion set (1x batterie 2,0Ah) dans TSTAK;266,24;PACK+1X2.0+COFFRET;DCF620NT-XJ;DeWALT DCF620NT-XJ — Visseuse à placo 18V XR (solo, coffret TSTAK);196,75;Perçage, vissage et boulonnage;69,49;−26 %;référence seule (variante différente);mon prix est SOUS le prix idealo — ATTENTION : rapproché sur la référence seule, la version peut différer
DCD796T1T;Perceuse à percussion 18V XR (1x6.0 Ah) en TSTAK - DEWALT DCD796T1T;278,89;PACK+1X6.0+COFFRET;DCD796NT-XJ;DeWALT DCD796NT-XJ — Perceuse visseuse à percussion 18V DCD796NT-XJ;352,09;Perçage, vissage et boulonnage;73,20;+26 %;référence seule (variante différente);ATTENTION : rapproché sur la référence seule, la version peut différer
DCMBL562N-XJ;Souffleur 18V DCMBL562N-XJ + 2 batteries 18V 5 Ah + 1 chargeur DCB1104-QW DEWALT;294,90;PACK+1X5+CHARGEUR;DCMBL562N-XJ;DeWALT DCMBL562N-XJ — Souffleur 18V DCMBL562N-XJ;217,82;Tronçonnage et élagage;77,08;−26 %;référence seule (variante différente);mon prix est SOUS le prix idealo — ATTENTION : rapproché sur la référence seule, la version peut différer
DCH133P1T;DeWALT DCH133P1T (1 x 5.0 Ah + DCB115 + TSTAK II);302,00;PACK+1X5.0+COFFRET;DCH133N;DeWALT DCH133N — DCH133N;223,87;Perforateurs;78,13;−26 %;référence seule (variante différente);mon prix est SOUS le prix idealo — ATTENTION : rapproché sur la référence seule, la version peut différer
DCE0825D1R;DeWALT DCE0825D1R — DCE0825D1R;327,08;OUTIL;DCE0825D1R;DeWALT DCE0825D1R — DCE0825D1R;413,64;Accessoires;86,56;+26 %;référence + variante;
DCB1102D2-QW;Dewalt DCB1102D2-QW Pack 2 Batteries XR 18V - 2.0Ah Li-Ion + Chargeur;91,36;PACK+1X2.0+CHARGEUR;DCB1102-QW;DeWALT DCB1102-QW — Chargeur 10.8V à 18V DCB1102-QW;67,60;Batteries et chargeurs;23,76;−26 %;référence seule (variante différente);mon prix est SOUS le prix idealo — ATTENTION : rapproché sur la référence seule, la version peut différer
DCF961NT;DeWalt DCF 961 NT Clé à choc 18 V 1632 Nm 1/2'' Brushless + 1x batterie 5,0 Ah + TSTAK - sans chargeur;408,69;PACK+1X5.0+COFFRET+CHARGEUR;DCF961NT-XJ;"DeWALT DCF961NT-XJ — Boulonneuse 18V 1/2"" DCF961NT-XJ";513,24;Perçage, vissage et boulonnage;104,55;+26 %;référence seule (variante différente);ATTENTION : rapproché sur la référence seule, la version peut différer
DCV586MT2;DEWALT DCV586MT2;637,12;PACK;DCV586MN;DeWALT DCV586MN — DCV586MN;471,97;Aspirateurs;165,15;−26 %;référence seule (variante différente);mon prix est SOUS le prix idealo — ATTENTION : rapproché sur la référence seule, la version peut différer
DCE800T2;DEWALT DCE800T2;748,94;PACK;DCE800N-XJ;DeWALT DCE800N-XJ — DCE800N-XJ;553,45;Scies;195,49;−26 %;référence seule (variante différente);mon prix est SOUS le prix idealo — ATTENTION : rapproché sur la référence seule, la version peut différer
DCLE34035B;DEWALT DCLE34035B;820,45;OUTIL;DCLE34035D1-QW;DeWALT DCLE34035D1-QW — DCLE34035D1-QW;1036,85;Accessoires;216,40;+26 %;référence + variante;
DCS7485T2;DEWALT DCS7485T2;1011,49;PACK;DCS7485;DeWALT DCS7485 — DCS7485;744,67;Scies;266,82;−26 %;référence seule (variante différente);mon prix est SOUS le prix idealo — ATTENTION : rapproché sur la référence seule, la version peut différer
DWK804T;DeWALT DWK804T — DWK804T;1679,00;PACK;DWK804T;DeWALT DWK804T — DWK804T;2112,18;Combos;433,18;+26 %;référence seule (variante différente);ATTENTION : rapproché sur la référence seule, la version peut différer
DWK801T;DeWALT DWK801T — DWK801T;1675,00;PACK;DWK801T;DeWALT DWK801T — DWK801T;2107,15;Combos;432,15;+26 %;référence seule (variante différente);ATTENTION : rapproché sur la référence seule, la version peut différer
DWK701T;DeWALT DWK701T — DWK701T;1664,00;PACK;DWK701T;DeWALT DWK701T — DWK701T;2093,32;Combos;429,32;+26 %;référence seule (variante différente);ATTENTION : rapproché sur la référence seule, la version peut différer
D25981;DeWALT D25981 — D25981;1599,00;OUTIL;D25981;DeWALT D25981 — D25981;2013,14;Perforateurs;414,14;+26 %;référence + variante;
DWK800T;DeWALT DWK800T — DWK800T;1586,00;PACK;DWK800T;DeWALT DWK800T — DWK800T;1998,36;Combos;412,36;+26 %;référence seule (variante différente);ATTENTION : rapproché sur la référence seule, la version peut différer
DWK802T;DeWALT DWK802T — DWK802T;1580,00;PACK;DWK802T;DeWALT DWK802T — DWK802T;1990,80;Combos;410,80;+26 %;référence seule (variante différente);ATTENTION : rapproché sur la référence seule, la version peut différer
DWK702T;DeWALT DWK702T — DWK702T;1536,00;PACK;DWK702T;DeWALT DWK702T — DWK702T;1936,90;Combos;400,90;+26 %;référence seule (variante différente);ATTENTION : rapproché sur la référence seule, la version peut différer
DWK601T;DeWALT DWK601T — DWK601T;1510,00;PACK;DWK601T;DeWALT DWK601T — DWK601T;1904,11;Combos;394,11;+26 %;référence seule (variante différente);ATTENTION : rapproché sur la référence seule, la version peut différer
DWK700T;DeWALT DWK700T — DWK700T;1510,00;PACK;DWK700T;DeWALT DWK700T — DWK700T;1904,11;Combos;394,11;+26 %;référence seule (variante différente);ATTENTION : rapproché sur la référence seule, la version peut différer
DCK853P4;DeWALT DCK853P4 — DCK853P4;1503,67;PACK;DCK853P4;DeWALT DCK853P4 — DCK853P4;1896,13;Combos;392,46;+26 %;référence seule (variante différente);ATTENTION : rapproché sur la référence seule, la version peut différer
D27300;DeWALT D27300 — D27300;1464,44;OUTIL;D27300;DeWALT D27300 — D27300;1848,12;Scies;383,68;+26 %;référence + variante;
DCH323T2-QW;DeWALT DCH323T2-QW — DCH323T2-QW;1435,59;PACK;DCH323T2-QW;DeWALT DCH323T2-QW — DCH323T2-QW;1813,15;Perforateurs;377,56;+26 %;référence seule (variante différente);ATTENTION : rapproché sur la référence seule, la version peut différer
DXCMB75T270HCE;DeWalt DXCMB75T270HCE - Compresseur d'air électrique triphasé par courroie - Moteur 7,5 CV 270 L;1673,19;ACCESSOIRE;DXCMB75T270HCE;DeWALT DXCMB75T270HCE — DXCMB75T270HCE - Compresseur d'air électrique triphasé par courroie - Moteur 7,5 CV 270 L;2104,87;Accessoires;431,68;+26 %;référence + variante;
DCPS330N-XJ;Règle vibrante Dewalt Powershift™ - DCPS330N-XJ - Solo DEWALT;1659,90;OUTIL;DCPS330N-XJ;DeWALT DCPS330N-XJ — Règle vibrante Dewalt Powershift™ - DCPS330N-XJ - Solo DEWALT;2088,16;Accessoires;428,26;+26 %;référence + variante;
DXCMB55T271HCE;DeWalt DXCMB55T271HCE - Compresseur d'air électrique triphasé à courroie - Moteur 5,5 CV 270 L;1593,19;ACCESSOIRE;DXCMB55T271HCE;DeWALT DXCMB55T271HCE — DXCMB55T271HCE - Compresseur d'air électrique triphasé à courroie - Moteur 5,5 CV 270 L;2007,42;Accessoires;414,23;+26 %;référence + variante;
DCPS151-XJ;Support powershift pour carotteuse - DEWALT - DCPS151-XJ;1558,69;ACCESSOIRE;DCPS151-XJ;DeWALT DCPS151-XJ — Support powershift pour carotteuse - DEWALT - DCPS151-XJ;1963,94;Perçage, vissage et boulonnage;405,25;+26 %;référence + variante;
DCK624P3T;DeWALT - Set 12 outils sans fil, batteries et chargeur DCK624P3T;1447,45;PACK+CHARGEUR;DCK624P3T;DeWALT DCK624P3T — Référence DCK624P3T — descriptif à compléter;1826,68;Combos;379,23;+26 %;référence seule (variante différente);ATTENTION : rapproché sur la référence seule, la version peut différer
DXPW009E;DeWALT DXPW009E — DXPW009E;1847,40;OUTIL;DXPW009E;DeWALT DXPW009E — DXPW009E;2320,33;Accessoires;472,93;+26 %;référence + variante;
DCK865P4T-QW;DeWALT DCK865P4T-QW — DCK865P4T-QW;1802,34;PACK;DCK865P4T-QW;DeWALT DCK865P4T-QW — DCK865P4T-QW;2263,74;Combos;461,40;+26 %;référence seule (variante différente);ATTENTION : rapproché sur la référence seule, la version peut différer
DWK805T;DeWALT DWK805T — DWK805T;1785,00;PACK;DWK805T;DeWALT DWK805T — DWK805T;2243,75;Combos;458,75;+26 %;référence seule (variante différente);ATTENTION : rapproché sur la référence seule, la version peut différer
DWK703;DeWALT DWK703 — DWK703;1775,00;PACK;DWK703;DeWALT DWK703 — DWK703;2231,17;Combos;456,17;+26 %;référence seule (variante différente);ATTENTION : rapproché sur la référence seule, la version peut différer
DCK856P4;DeWALT DCK856P4 — DCK856P4;1734,06;PACK;DCK856P4;DeWALT DCK856P4 — DCK856P4;2179,72;Combos;445,66;+26 %;référence seule (variante différente);ATTENTION : rapproché sur la référence seule, la version peut différer
DWK900T;DeWALT DWK900T — DWK900T;1728,00;PACK;DWK900T;DeWALT DWK900T — DWK900T;2172,10;Combos;444,10;+26 %;référence seule (variante différente);ATTENTION : rapproché sur la référence seule, la version peut différer
DWK803T;DeWALT DWK803T — DWK803T;1699,00;PACK;DWK803T;DeWALT DWK803T — DWK803T;2137,34;Combos;438,34;+26 %;référence seule (variante différente);ATTENTION : rapproché sur la référence seule, la version peut différer
CPROF367;CPROF367 - KIT = D21583K + D215831 + DT9762 + DT9765 + DT9772;1840,85;PACK;CPROF367;DeWALT CPROF367 — CPROF367 - KIT = D21583K + D215831 + DT9762 + DT9765 + DT9772;2312,11;Combos;471,26;+26 %;référence seule (variante différente);ATTENTION : rapproché sur la référence seule, la version peut différer
DCK897P4-QW;DeWalt DCK897P4-QW Kit Outils 18 V Jaune/Noir;1825,34;PACK;DCK897P4-QW;DeWALT DCK897P4-QW — DCK897P4-QW Kit Outils 18 V Jaune/Noir;2292,62;Combos;467,28;+26 %;référence seule (variante différente);ATTENTION : rapproché sur la référence seule, la version peut différer
DT20735B-QZ;DEWALT Multi outil Lame de scie 100 Comprimés, 1 pièce, noir, noir, DT20735B-QZ 0 wattsW, 0 voltsV;712,73;OUTIL;DT20735B-QZ;DeWALT DT20735B-QZ — Multi outil Lame de scie 100 Comprimés, 1 pièce, noir, noir, DT20735B-QZ 0 wattsW, 0 voltsV;900,89;Quincaillerie;188,16;+26 %;référence + variante;
DT20732B-QZ;DeWALT DT20732B-QZ — DT20732B-QZ;890,80;OUTIL;DT20732B-QZ;DeWALT DT20732B-QZ — DT20732B-QZ;1119,73;Quincaillerie;228,93;+26 %;référence + variante;
DCD708N;DeWalt DCD 708 N Perceuse-visseuse sans fil 18 V 65 Nm Brushless + 1x batterie 2,0 Ah - sans chargeur;130,21;PACK+1X2.0+CHARGEUR;DCD708NT;DeWALT DCD708NT — DCD708NT;162,97;Perçage, vissage et boulonnage;32,76;+25 %;référence seule (variante différente);ATTENTION : rapproché sur la référence seule, la version peut différer
DCP580N;DeWALT DCP580N — Rabot sans fil 18V XR Brushless (machine seule);156,64;OUTIL;DCP580N;DeWALT DCP580N — Rabot sans fil 18V XR Brushless (machine seule);195,76;Rabots;39,12;+25 %;référence + variante;
DCS355NT;DeWalt DCS355NT Outil oscillant multi-cutter sans fil 18V Brushless + 1x Batterie 4,0Ah + Coffret TSTAK + Accessoires 29;216,96;PACK+1X4.0+COFFRET;DCS355NT-XJ;DeWALT DCS355NT-XJ — Outil multifonctions oscillant 18V XR Brushless (solo, TSTAK);163,50;Outils multifonctions;53,46;−25 %;référence seule (variante différente);mon prix est SOUS le prix idealo — ATTENTION : rapproché sur la référence seule, la version peut différer
DCS334NT-XJ;DEWALT - Scie Sauteuse à Poignée Supérieure Brushless XR 18V Li-ion - DCS334NT-XJ - Scie sans Fil & Batterie XR 18V 4 Ah;250,07;PACK+1X4;DCS334NT-XJ;DeWALT DCS334NT-XJ — Scie sauteuse 18V DCS334NT-XJ;313,78;Scies;63,71;+25 %;référence seule (variante différente);ATTENTION : rapproché sur la référence seule, la version peut différer
DCB182-XJ;DeWalt - Boulonneuse à Chocs 1/2' Brushless XR 18V 5Ah Li-ion - Visseuse a Choc & Batterie XR 18V 4 Ah Li-Ion - DCB182-X;287,44;PACK+1X5;DCB182;DeWALT DCB182 — DCB182 Lot de 2 batteries XR Li-Ion 18 V 4 Ah 18 V;216,70;Batteries et chargeurs;70,74;−25 %;référence seule (variante différente);mon prix est SOUS le prix idealo — ATTENTION : rapproché sur la référence seule, la version peut différer
DCB182-XJ;DEWALT - Scie Circulaire XR 18V - Scie Circulaire sans Fil avec Coffret TSTAK - 3700 trs/min - Lame Carbure 24 Dents 165;288,92;PACK+COFFRET;DCB182;DeWALT DCB182 — DCB182 Lot de 2 batteries XR Li-Ion 18 V 4 Ah 18 V;216,70;Batteries et chargeurs;72,22;−25 %;référence seule (variante différente);mon prix est SOUS le prix idealo — ATTENTION : rapproché sur la référence seule, la version peut différer
DCS369E2;DeWalt DCS 369 E2 Akku Sbelsge Reciprosge 18 V Brushless + 2x Powerstack Akku 1,7 Ah + Ladegert;321,38;PACK+1X1.7;DCS369NT-XJ;DeWALT DCS369NT-XJ — Scie sabre 18V DCS369NT-XJ;242,41;Scies;78,97;−25 %;référence seule (variante différente);mon prix est SOUS le prix idealo — ATTENTION : rapproché sur la référence seule, la version peut différer
DCF860E2T-QW;DEWALT DCF860E2T-QW;379,95;PACK;DCF860N-XJ;DeWALT DCF860N-XJ — DCF860N-XJ;286,82;Perçage, vissage et boulonnage;93,13;−25 %;référence seule (variante différente);mon prix est SOUS le prix idealo — ATTENTION : rapproché sur la référence seule, la version peut différer
DCF860P2T-QW;Dewalt DCF860P2T-QW Visseuse à chocs XR 282Nm 18V 2 x 5.0Ah batteries + chargeur en Coffret TSTAK;381,49;PACK+2X5.0+COFFRET+CHARGEUR;DCF860N-XJ;DeWALT DCF860N-XJ — DCF860N-XJ;286,82;Perçage, vissage et boulonnage;94,67;−25 %;référence seule (variante différente);mon prix est SOUS le prix idealo — ATTENTION : rapproché sur la référence seule, la version peut différer
DCPS7154N-XJ;DeWALT DCPS7154N-XJ — DCPS7154N-XJ;3033,78;PACK;DCPS7154N-XJ;DeWALT DCPS7154N-XJ — DCPS7154N-XJ;3780,08;Batteries et chargeurs;746,30;+25 %;référence seule (variante différente);ATTENTION : rapproché sur la référence seule, la version peut différer
DWK1203T;DeWALT DWK1203T — DWK1203T;2577,00;PACK;DWK1203T;DeWALT DWK1203T — DWK1203T;3218,68;Combos;641,68;+25 %;référence seule (variante différente);ATTENTION : rapproché sur la référence seule, la version peut différer
DWK1201T;DeWALT DWK1201T — DWK1201T;2471,00;PACK;DWK1201T;DeWALT DWK1201T — DWK1201T;3086,28;Combos;615,28;+25 %;référence seule (variante différente);ATTENTION : rapproché sur la référence seule, la version peut différer
DXPW010E;DeWALT DXPW010E — DXPW010E;2347,26;OUTIL;DXPW010E;DeWALT DXPW010E — DXPW010E;2934,07;Accessoires;586,81;+25 %;référence + variante;
DWK1202T;DeWALT DWK1202T — DWK1202T;2306,00;PACK;DWK1202T;DeWALT DWK1202T — DWK1202T;2884,81;Combos;578,81;+25 %;référence seule (variante différente);ATTENTION : rapproché sur la référence seule, la version peut différer
DWK1200T;DeWALT DWK1200T — DWK1200T;2306,00;PACK;DWK1200T;DeWALT DWK1200T — DWK1200T;2884,81;Combos;578,81;+25 %;référence seule (variante différente);ATTENTION : rapproché sur la référence seule, la version peut différer
DWK1103T;DeWALT DWK1103T — DWK1103T;2295,00;PACK;DWK1103T;DeWALT DWK1103T — DWK1103T;2871,05;Combos;576,05;+25 %;référence seule (variante différente);ATTENTION : rapproché sur la référence seule, la version peut différer
DWK1101T;DeWALT DWK1101T — DWK1101T;2258,00;PACK;DWK1101T;DeWALT DWK1101T — DWK1101T;2824,76;Combos;566,76;+25 %;référence seule (variante différente);ATTENTION : rapproché sur la référence seule, la version peut différer
DWK1100T;DeWALT DWK1100T — DWK1100T;2196,00;PACK;DWK1100T;DeWALT DWK1100T — DWK1100T;2749,39;Combos;553,39;+25 %;référence seule (variante différente);ATTENTION : rapproché sur la référence seule, la version peut différer
DXPW011E;DeWALT DXPW011E — DXPW011E;2179,15;OUTIL;DXPW011E;DeWALT DXPW011E — DXPW011E;2728,30;Accessoires;549,15;+25 %;référence + variante;
DWK1102T;DeWALT DWK1102T — DWK1102T;2108,00;PACK;DWK1102T;DeWALT DWK1102T — DWK1102T;2641,32;Combos;533,32;+25 %;référence seule (variante différente);ATTENTION : rapproché sur la référence seule, la version peut différer
DCH733N-XJ;DeWALT DCH733N-XJ — DCH733N-XJ;2077,68;PACK;DCH733N-XJ;DeWALT DCH733N-XJ — DCH733N-XJ;2603,33;Perforateurs;525,65;+25 %;référence seule (variante différente);ATTENTION : rapproché sur la référence seule, la version peut différer
DXGNP853E;DeWALT DXGNP853E — DXGNP853E;1872,95;OUTIL;DXGNP853E;DeWALT DXGNP853E — DXGNP853E;2350,55;Accessoires;477,60;+25 %;référence + variante;
DWK901T;DeWALT DWK901T — DWK901T;1869,00;PACK;DWK901T;DeWALT DWK901T — DWK901T;2345,59;Combos;476,59;+25 %;référence seule (variante différente);ATTENTION : rapproché sur la référence seule, la version peut différer
DCK-FR834MP4;DeWALT Kit DCK-FR834MP4 54V/18V (DCD996+DCG418+DCH333+DCS387+DCS391+ DCS331+DCL050+DCF887+2x5,0Ah+2x6,0Ah+DCB118+CADDY);2374,00;PACK+2X5.0;DCK-FR834MP4;DeWALT DCK-FR834MP4 — Kit DCK-FR834MP4 54V/18V (DCD996+DCG418+DCH333+DCS387+DCS391+ DCS331+DCL050+DCF887+2x5,0Ah+2x6,0Ah+DCB118+CADDY);2967,50;Combos;593,50;+25 %;référence seule (variante différente);ATTENTION : rapproché sur la référence seule, la version peut différer
D36000-QS;DeWALT D36000-QS — D36000-QS;1061,57;OUTIL;D36000-QS;DeWALT D36000-QS — D36000-QS;1330,15;Quincaillerie;268,58;+25 %;référence + variante;
FVK381T2-QW;DeWALT Kit FVK381T2-QW 54V/18V (DCH333 + DCD796 + DCG418 + 2 x 6.0 Ah + DCB118 + 2 x TSTAK II + TSTAK VI);1142,00;PACK+2X6.0+COFFRET;FVK381T2-QW;DeWALT FVK381T2-QW — Kit FVK381T2-QW 54V/18V (DCH333 + DCD796 + DCG418 + 2 x 6.0 Ah + DCB118 + 2 x TSTAK II + TSTAK VI);1428,65;Quincaillerie;286,65;+25 %;référence seule (variante différente);ATTENTION : rapproché sur la référence seule, la version peut différer
FVK271T2-QW;DeWALT Kit FVK271T2-QW 54V/18V (DCH333 + DCG418 + 2 x 6.0 Ah + DCB118 + TSTAK II + TSTAK VI);1030,00;PACK+2X6.0+COFFRET;FVK271T2-QW;DeWALT FVK271T2-QW — Kit FVK271T2-QW 54V/18V (DCH333 + DCG418 + 2 x 6.0 Ah + DCB118 + TSTAK II + TSTAK VI);1291,62;Quincaillerie;261,62;+25 %;référence seule (variante différente);ATTENTION : rapproché sur la référence seule, la version peut différer
DCL040D2;DeWalt DCL 040 D2 Lampe sans fil 18 V 110 lumens + 2x batterie 2,0 Ah + chargeur;159,09;PACK+1X2.0+CHARGEUR;DCL040E1;DeWALT DCL040E1 — DCL 040 E1 Lampe LED sans fil 18 V 110 lm + 1x Powerstack batterie 1,7 Ah + chargeur;197,36;Accessoires;38,27;+24 %;référence seule (variante différente);ATTENTION : rapproché sur la référence seule, la version peut différer
DCD794D2T-QW;DEWALT DCD794D2T-QW;213,99;PACK;DCD794N-XJ;DeWALT DCD794N-XJ — Perceuse-visseuse 18V DCD794N-XJ;265,99;Perçage, vissage et boulonnage;52,00;+24 %;référence seule (variante différente);ATTENTION : rapproché sur la référence seule, la version peut différer
DCF887M2;Dewalt DCF887M2 Visseuse à chocs 18V XR 205 Nm (2x4,0 Ah) dans TSTAK;249,81;PACK+2X4.0+COFFRET;DCF887P2;"DeWALT DCF887P2 — Visseuse a chocs 1/4"" XR 18V (2x5Ah + chargeur + TSTAK)";310,37;Perçage, vissage et boulonnage;60,56;+24 %;référence seule (variante différente);ATTENTION : rapproché sur la référence seule, la version peut différer
DCD991P2;DEWALT DCD991P2;330,41;PACK;DCD991;DeWALT DCD991 — DCD991;252,46;Perçage, vissage et boulonnage;77,95;−24 %;référence seule (variante différente);mon prix est SOUS le prix idealo — ATTENTION : rapproché sur la référence seule, la version peut différer
DCF899P2-QW;Dewalt DCF899P2-QW Boulonneuse à chocs 18V 5Ah (2x5.0Ah) Li-Ion XR en coffret TSTAK;347,56;PACK+2X5.0+COFFRET;DCF899P2;"DeWALT DCF899P2 — Boulonneuse à chocs 1/2"" 18V XR 950 Nm (2×5,0 Ah + chargeur + coffret TSTAK)";431,24;Perçage, vissage et boulonnage;83,68;+24 %;référence seule (variante différente);ATTENTION : rapproché sur la référence seule, la version peut différer
DCS335H1;DeWalt DCS 335 H1 Scie sauteuse sans fil 18 V 135 mm Brushless + 1x batterie Powerstack 5,0 Ah + chargeur;392,07;PACK+1X5.0+CHARGEUR;DCS335N-XJ;DeWALT DCS335N-XJ — Scie sauteuse 18V DCS335N-XJ;297,72;Scies;94,35;−24 %;référence seule (variante différente);mon prix est SOUS le prix idealo — ATTENTION : rapproché sur la référence seule, la version peut différer
DCMPS567N-XJ;DEWALT - Élagueuse sur Perche Brushless XR 18V 5AH Li-Ion - DCMPS567N-XJ & Tronçonneuse Élagueuse Brushless XR 18V - DCM;406,03;OUTIL+1X5;DCMPS567N-XJ;DeWALT DCMPS567N-XJ — Elagueuse sur perche 18V DCMPS567N-XJ;310,10;Tronçonnage et élagage;95,93;−24 %;référence seule (variante différente);mon prix est SOUS le prix idealo — ATTENTION : rapproché sur la référence seule, la version peut différer
DCG418T2;DEWALT DCG418T2;439,13;PACK;DCG418NT-XJ;DeWALT DCG418NT-XJ — Meuleuse Ø125 mm 54V DCG418NT-XJ;332,35;Meulage, découpe et polissage;106,78;−24 %;référence seule (variante différente);mon prix est SOUS le prix idealo — ATTENTION : rapproché sur la référence seule, la version peut différer
DCS579T2T;DeWalt DCS 579 T2T Cordless circular saw 54 V FlexVolt 190 mm brushless + 2× 6.0 Ah batteries + charger + TSTAK;628,37;PACK+2X6.0+COFFRET+CHARGEUR;DCS579NT-XJ;DeWALT DCS579NT-XJ — Scie circulaire 54V Ø190 mm DCS579NT-XJ;476,21;Scies;152,16;−24 %;référence seule (variante différente);mon prix est SOUS le prix idealo — ATTENTION : rapproché sur la référence seule, la version peut différer
D27112-QS;Scie à onglet et à table Ø305 mm D27112-QS + Piètement DE7023-XJ DEWALT;1219,90;PACK;D27112;DeWALT D27112 — D27112;926,45;Scies;293,45;−24 %;référence seule (variante différente);mon prix est SOUS le prix idealo — ATTENTION : rapproché sur la référence seule, la version peut différer
DW721KN;DeWALT DW721KN — DW721KN;3414,70;OUTIL;DW721KN;DeWALT DW721KN — DW721KN;4247,89;Scies;833,19;+24 %;référence + variante;
DCPS660N-XJ;Pilonneuse 60kg Powershift™ - Solo - DCPS660N-XJ DEWALT;4725,90;OUTIL;DCPS660N-XJ;DeWALT DCPS660N-XJ — Pilonneuse 60kg Powershift™ - Solo - DCPS660N-XJ DEWALT;5864,84;Accessoires;1138,94;+24 %;référence + variante;
DWST83402-1;DEWALT Kit 3 en 1 TOUGHSYSTEM DWST83402-1 - 2 Coffrets Petite et Moyenne Contenance et 1 Coffret Mobile Grande Contenanc;303,33;PACK+COFFRET;DWST83402-1;DeWALT DWST83402-1 — TOUGHSYSTEM 2.0 Trolley 3-en-1 (chariot + 2 coffrets);375,62;Rangements;72,29;+24 %;référence seule (variante différente);ATTENTION : rapproché sur la référence seule, la version peut différer
DCP580N-XJ;DEWALT Rabot Brushless XR 18V sans Batterie ni Chargeur DCP580N-XJ - Coffret TSTAK & Dt3905 lame rabot HSS 82mm;159,38;PACK+COFFRET+CHARGEUR;DCP580N;DeWALT DCP580N — Rabot sans fil 18V XR Brushless (machine seule);195,76;Rabots;36,38;+23 %;référence seule (variante différente);ATTENTION : rapproché sur la référence seule, la version peut différer
D25133K;DeWalt D25133K Perforateur Sds-Plus 3 Modes - 26 mm Filaire - 800W - Vitesse à Vide 0-1500 tr/Min & Jeu de 6 Forets SDS-;158,44;PACK;D25133K;DeWALT D25133K — D25133K;194,47;Perforateurs;36,03;+23 %;référence seule (variante différente);ATTENTION : rapproché sur la référence seule, la version peut différer
DCF922N;DeWalt DCF 922 N Clé à choc 18 V 406 Nm 1/2'' Brushless + 1x batterie 2,0 Ah - sans chargeur;205,71;PACK+1X2.0+CHARGEUR;DCF922N-XJ;"DeWALT DCF922N-XJ — Boulonneuse à chocs compacte 1/2"" 18V XR 406 Nm (machine seule)";157,46;Perçage, vissage et boulonnage;48,25;−23 %;référence seule (variante différente);mon prix est SOUS le prix idealo — ATTENTION : rapproché sur la référence seule, la version peut différer
DCS355E1;DeWalt DCS 355 E1 Oscillateur sans fil Multitool 18 V Brushless + 1x batterie Powerstack 1,7 Ah + chargeur + accessoires;213,34;PACK+1X1.7+CHARGEUR;DCS355NT-XJ;DeWALT DCS355NT-XJ — Outil multifonctions oscillant 18V XR Brushless (solo, TSTAK);163,50;Outils multifonctions;49,84;−23 %;référence seule (variante différente);mon prix est SOUS le prix idealo — ATTENTION : rapproché sur la référence seule, la version peut différer
DCMPS520N;DeWalt DCMPS 520 N 18 V 20 cm Sans balais + 1x Batterie 2,0 Ah - sans chargeur;215,91;PACK+1X2.0+CHARGEUR;DCMPS520N-XJ;DeWALT DCMPS520N-XJ — Tronçonneuse d'élagage 18V XR guide 20 cm (solo);166,63;Tronçonnage et élagage;49,28;−23 %;référence seule (variante différente);mon prix est SOUS le prix idealo — ATTENTION : rapproché sur la référence seule, la version peut différer
DCF620P1T-QW;Dewalt DCF620P1T-QW Set doutils à batteries 18V - Visseuse plaques de plâtre (1x batterie 5.0Ah) dans TSTAK - Moteur san;256,73;PACK+1X5.0+COFFRET;DCF620NT-XJ;DeWALT DCF620NT-XJ — Visseuse à placo 18V XR (solo, coffret TSTAK);196,75;Perçage, vissage et boulonnage;59,98;−23 %;référence seule (variante différente);mon prix est SOUS le prix idealo — ATTENTION : rapproché sur la référence seule, la version peut différer
DCS570D1;DeWalt DCS 570 D1 scie circulaire portative sans fil 18 V 184 mm brushless + 1x batterie 2,0 Ah + chargeur;275,35;PACK+1X2.0+CHARGEUR;DCS570N;DeWALT DCS570N — Scie circulaire 18V XR Brushless Ø184 mm (machine seule);211,49;Scies;63,86;−23 %;référence seule (variante différente);mon prix est SOUS le prix idealo — ATTENTION : rapproché sur la référence seule, la version peut différer
DCF899H1-QW;Dewalt DCF899H1-QW Boulonneuse à chocs 18V - 1 x 5,0Ah PowerStack + chargeur en Coffret TSTAK;349,85;PACK+1X5.0+COFFRET+CHARGEUR;DCF899P2;"DeWALT DCF899P2 — Boulonneuse à chocs 1/2"" 18V XR 950 Nm (2×5,0 Ah + chargeur + coffret TSTAK)";431,24;Perçage, vissage et boulonnage;81,39;+23 %;référence seule (variante différente);ATTENTION : rapproché sur la référence seule, la version peut différer
DCF92MP2T;DeWalt McLaren F1 Team DCF92MP2T 18V 2x 5,0 Ah und Ladegerät in TSTAK;354,53;PACK+2X5.0+COFFRET;DCF92MP2T;DeWALT DCF92MP2T — McLaren F1 Team DCF92MP2T 18V 2x 5,0 Ah und Ladegerät in TSTAK;437,35;Perçage, vissage et boulonnage;82,82;+23 %;référence seule (variante différente);ATTENTION : rapproché sur la référence seule, la version peut différer
DCH273P2T-QW;DEWALT - Perforateur SDS-PLUS XR 18V 5 Ah - DCH273P2T-QW - Perforateur sans Fil avec Coffret TSTAK & Coffret de 100 Pièc;538,10;PACK+1X5+COFFRET;DCH273P1T-QW;DeWALT DCH273P1T-QW — Perforateur burineur SDS-Plus 18V XR (1×5,0 Ah + chargeur + coffret);412,73;Perforateurs;125,37;−23 %;référence seule (variante différente);mon prix est SOUS le prix idealo — ATTENTION : rapproché sur la référence seule, la version peut différer
DCMPW1600N-XJ;DeWalt DCMPW1600N-XJ - Nettoyeur haute pression à batterie - 110 bar - 5.5 l/min - 2x 18V 5Ah;732,11;PACK+1X5;DCMPW1600N-XJ;DeWALT DCMPW1600N-XJ — Nettoyeur haute pression XR 2 X 18V DCMPW1600N-XJ;562,25;Accessoires;169,86;−23 %;référence seule (variante différente);mon prix est SOUS le prix idealo — ATTENTION : rapproché sur la référence seule, la version peut différer
DCH335;DeWALT DCH335 — DCH335;937,76;OUTIL;DCH335;DeWALT DCH335 — DCH335;1152,41;Perforateurs;214,65;+23 %;référence + variante;
DNPT28R75G12Z;Dewalt DNPT28R75G12Z Pointes en bande papier 33° crantées éléctro-zinguées 2.8x75mm;99,35;OUTIL;DNPT28R63G12Z;DeWALT DNPT28R63G12Z — DNPT28R63G12Z - Cabeza redonda galvanizada 2.8x63mm;122,59;Quincaillerie;23,24;+23 %;référence + variante;
DNPT3190G12Z;DeWALT Clous en bande papier DNPT, lisse, galvanisé G12, 90 mm, 2200 pièces - DNPT3190G12Z;158,53;OUTIL;DNPT3190G12Z;DeWALT DNPT3190G12Z — DNPT3190G12Z Pointes en bande papier 33° éléctro-zinguées 3.1x90mm;122,30;Quincaillerie;36,23;−23 %;référence + variante;mon prix est SOUS le prix idealo
DT50002-QZ;DeWALT DT50002-QZ — DT50002-QZ;9985,00;OUTIL;DT50002-QZ;DeWALT DT50002-QZ — DT50002-QZ;12311,51;Quincaillerie;2326,51;+23 %;référence + variante;
DNM40R60GZ;DeWalt Clous d'ancrage tige annulaire galvanisé 60mm 33 degrés 2000 pièces (DNM40R60GZ);109,99;OUTIL;DNM40R40GZ;DeWALT DNM40R40GZ — DNM40R40GZ Clous anneau GAL, Argent, 4x40mm Set de 2000 Pieces;135,72;Quincaillerie;25,73;+23 %;référence + variante;
DCV100XJ;DeWalt DCV 100 XJ;81,18;PACK;DCV100-XJ;DeWALT DCV100-XJ — Souffleur compact sans fil 18V XR (machine seule);98,78;Souffleurs;17,60;+22 %;référence seule (variante différente);ATTENTION : rapproché sur la référence seule, la version peut différer
D25134K;DeWALT - Marteau combiné 800 W D25134K;171,71;OUTIL;D25134K;DeWALT D25134K — Perforateur burineur SDS-Plus 800W 2,8 J (coffret TSTAK);208,82;Perforateurs;37,11;+22 %;référence seule (variante différente);ATTENTION : rapproché sur la référence seule, la version peut différer
DWE305PK-QS;DEWALT DWE305PK-QS Scie sabre filaire - 1100W - Spéciale applications difficiles & Coffret de 8 Lames de Scie Sabre XR R;193,78;PACK+COFFRET;DWE305PK-QS;DeWALT DWE305PK-QS — Scie sabre 1100 W DWE305PK-QS;236,22;Scies;42,44;+22 %;référence seule (variante différente);ATTENTION : rapproché sur la référence seule, la version peut différer
DCS369N;DeWalt DCS369N Scie sabre sans fil 18V Brushless + 1x Batterie 2,0 Ah - sans chargeur;199,29;PACK+1X2.0+CHARGEUR;DCS369NT-XJ;DeWALT DCS369NT-XJ — Scie sabre 18V DCS369NT-XJ;242,41;Scies;43,12;+22 %;référence seule (variante différente);ATTENTION : rapproché sur la référence seule, la version peut différer
DCD794NT-XJ;Perceuse-visseuse 18V DCD794NT-XJ + 1 batterie 18V 5 Ah + 1 chargeur DCB1104-QW DEWALT;217,90;PACK+1X5+CHARGEUR;DCD794N-XJ;DeWALT DCD794N-XJ — Perceuse-visseuse 18V DCD794N-XJ;265,99;Perçage, vissage et boulonnage;48,09;+22 %;référence seule (variante différente);ATTENTION : rapproché sur la référence seule, la version peut différer
DCK266NDS;Kit DeWALT DCK266NDS (DCD796 + DCF887 + DS150);230,00;PACK;DCK266NT;DeWALT DCK266NT — DCK266NT Perceuse visseuse à percussion (DCD796) Visseuse à chocs (DCF887) - (sans batterie ni chargeur) en TSTAK;281,28;Combos;51,28;+22 %;référence seule (variante différente);ATTENTION : rapproché sur la référence seule, la version peut différer
XR18V;DEWALT Perforateur-Burineur SDS-PLUS Brushless XR 18V 5Ah Li-Ion - Marteau Perforateur sans Fil - Capacité de & Jeu de 3;243,14;PACK+1X5;XR18V;DeWALT XR18V — Souffleur Brushless XR 18V 5Ah Li-ION - Souffleur Électrique Portable sans Fil & Recharge de Fil Coupe Bordure 2,;188,89;Quincaillerie;54,25;−22 %;référence seule (variante différente);mon prix est SOUS le prix idealo — ATTENTION : rapproché sur la référence seule, la version peut différer
XR18V;DEWALT - Scie Sauteuse à Prise par le Corps Brushless XR 18V - Courses à Vide 3200cps/min - Coupe Bois 135mm / Acier 10m;241,67;PACK;XR18V;DeWALT XR18V — Souffleur Brushless XR 18V 5Ah Li-ION - Souffleur Électrique Portable sans Fil & Recharge de Fil Coupe Bordure 2,;188,89;Quincaillerie;52,78;−22 %;référence seule (variante différente);mon prix est SOUS le prix idealo — ATTENTION : rapproché sur la référence seule, la version peut différer
DCP580NT;DeWalt DCP 580 NT raboteuse sans fil 18V 82mm + 1x batterie rechargeable 2,0Ah + TSTAK - sans kit chargeur;252,06;PACK+1X2.0+COFFRET+CHARGEUR;DCP580N;DeWALT DCP580N — Rabot sans fil 18V XR Brushless (machine seule);195,76;Rabots;56,30;−22 %;référence seule (variante différente);mon prix est SOUS le prix idealo — ATTENTION : rapproché sur la référence seule, la version peut différer
DCF86MP;DeWalt McLaren F1 Team DCF86MP 2x 5,0Ah Akkus + Ladegerät;289,98;PACK+2X5.0;DCF86MP1T;DeWALT DCF86MP1T — McLaren F1 Team DCF86MP1T 18V 1x 5,0 Ah und Ladegerät in TSTAK;352,92;Perçage, vissage et boulonnage;62,94;+22 %;référence seule (variante différente);ATTENTION : rapproché sur la référence seule, la version peut différer
DCB547;XR FLEXVOLT Lot de 2 batteries DCB547 de 18/54 V et 9 Ah et chargeur rapide DCB118 de 18 V;302,99;PACK+1X9+CHARGEUR;DCB547-XJ;DeWALT DCB547-XJ — Batterie 18V-54V 9Ah-3Ah XR Flexvolt DCB547-XJ;236,22;Batteries et chargeurs;66,77;−22 %;référence seule (variante différente);mon prix est SOUS le prix idealo — ATTENTION : rapproché sur la référence seule, la version peut différer
DCD800P2T;DeWALT DCD800P2T Perceuse-visseuse XR 18V (90Nm, 2x5,0Ah) Tstak;328,74;PACK+2X5.0+COFFRET;DCD800NT-XJ;DeWALT DCD800NT-XJ — Perceuse-visseuse 18V DCD800NT-XJ;401,42;Perçage, vissage et boulonnage;72,68;+22 %;référence seule (variante différente);ATTENTION : rapproché sur la référence seule, la version peut différer
DCF961NT;"DeWALT DCF961NT-XJ — Boulonneuse 18V 1/2"" DCF961NT-XJ";421,55;PACK;DCF961NT-XJ;"DeWALT DCF961NT-XJ — Boulonneuse 18V 1/2"" DCF961NT-XJ";513,24;Perçage, vissage et boulonnage;91,69;+22 %;référence seule (variante différente);ATTENTION : rapproché sur la référence seule, la version peut différer
DCH273P2;Perforateur SDS Plus 18V XR + 2 batteries 5Ah + chargeur + coffret T-Stak DEWALT DCH273P2;528,00;PACK+1X5+COFFRET+CHARGEUR;DCH273P1T-QW;DeWALT DCH273P1T-QW — Perforateur burineur SDS-Plus 18V XR (1×5,0 Ah + chargeur + coffret);412,73;Perforateurs;115,27;−22 %;référence seule (variante différente);mon prix est SOUS le prix idealo — ATTENTION : rapproché sur la référence seule, la version peut différer
DCS520X1-QW;Dewalt DCS520X1-QW Scie circulaire plongeante 54V XR FLEXVOLT - 1 batterie 54V 9.0Ah, chargeur, coffret;767,54;PACK+1X9.0+COFFRET+CHARGEUR;DCS520NT-XJ;DeWALT DCS520NT-XJ — Scie circulaire plongeante 18/54V XR FlexVolt Ø165 mm (machine seule, coffret TSTAK);597,64;Scies;169,90;−22 %;référence seule (variante différente);mon prix est SOUS le prix idealo — ATTENTION : rapproché sur la référence seule, la version peut différer
D25134K;DeWALT D25134K — Perforateur burineur SDS-Plus 800W 2,8 J (coffret TSTAK);171,90;OUTIL+COFFRET;D25134K;DeWALT D25134K — Perforateur burineur SDS-Plus 800W 2,8 J (coffret TSTAK);208,82;Perforateurs;36,92;+21 %;référence + variante;
DCN890;DeWalt Barre d'extension pour cloueur DCN890 (DCN8905-XJ);193,09;OUTIL;DCN890;DeWALT DCN890 — Chasse-clous de rechange pour Cloueur à béton sans fil DCN890 (DCN8901-XJ);152,72;Perçage, vissage et boulonnage;40,37;−21 %;référence seule (variante différente);mon prix est SOUS le prix idealo — ATTENTION : rapproché sur la référence seule, la version peut différer
DCF922NA;DeWALT - Clé à chocs sans fil 18V, sans batterie ni chargeur DCF922NA;198,43;PACK+CHARGEUR;DCF922N-XJ;"DeWALT DCF922N-XJ — Boulonneuse à chocs compacte 1/2"" 18V XR 406 Nm (machine seule)";157,46;Perçage, vissage et boulonnage;40,97;−21 %;référence seule (variante différente);mon prix est SOUS le prix idealo — ATTENTION : rapproché sur la référence seule, la version peut différer
DCS334N;DeWalt DCS334N Scie sauteuse oscillante sans fil 18V Brushless + 1x Batterie 2,0 Ah - sans chargeur;259,29;PACK+1X2.0+CHARGEUR;DCS334NT-XJ;DeWALT DCS334NT-XJ — Scie sauteuse 18V DCS334NT-XJ;313,78;Scies;54,49;+21 %;référence seule (variante différente);ATTENTION : rapproché sur la référence seule, la version peut différer
DCMHT567N-XJ;Taille haie 18V 60 cm DCMHT567N-XJ + 2 batteries 18V 5 Ah + 1 chargeur DCB1104-QW DEWALT;373,90;PACK+1X5+CHARGEUR;DCMHT567N-XJ;DeWALT DCMHT567N-XJ — DCMHT567N-XJ;295,81;Tronçonnage et élagage;78,09;−21 %;référence seule (variante différente);mon prix est SOUS le prix idealo — ATTENTION : rapproché sur la référence seule, la version peut différer
DWS774-QS;DEWALT - Scie à Onglet Radiale 230V - DWS774-QS - Scie Haute Performance avec Système XPS & Piètement Polyvalent pour Sc;521,87;ACCESSOIRE;DWS774;DeWALT DWS774 — DWS774;413,36;Scies;108,51;−21 %;référence seule (variante différente);mon prix est SOUS le prix idealo — ATTENTION : rapproché sur la référence seule, la version peut différer
DCH775X2;DEWALT DCH775X2;1234,00;PACK;DCH775N-XJ;DeWALT DCH775N-XJ — DCH775N-XJ;974,82;Perforateurs;259,18;−21 %;référence seule (variante différente);mon prix est SOUS le prix idealo — ATTENTION : rapproché sur la référence seule, la version peut différer
FVK381T2HD-QW;DeWalt Kit FVK381T2HD-QW 54V/18V (3060);1180,00;PACK;FVK381T2-QW;DeWALT FVK381T2-QW — Kit FVK381T2-QW 54V/18V (DCH333 + DCD796 + DCG418 + 2 x 6.0 Ah + DCB118 + 2 x TSTAK II + TSTAK VI);1428,65;Quincaillerie;248,65;+21 %;référence seule (variante différente);ATTENTION : rapproché sur la référence seule, la version peut différer
DCK654P3T-QW;DeWALT DCK654P3T-QW — DCK654P3T-QW;1285,30;PACK;DCK654P3T-QW;DeWALT DCK654P3T-QW — DCK654P3T-QW;1559,41;Combos;274,11;+21 %;référence seule (variante différente);ATTENTION : rapproché sur la référence seule, la version peut différer
DCE530N-XJ;DEWALT Décapeur Thermique XR 18V DCE530N-XJ & Batterie 4 Ah Li-ION - DCB182-XJ - Compatible avec Tous Les Outils XR 18V ;150,58;PACK+1X4;DCE530N-XJ;DeWALT DCE530N-XJ — Décapeur Thermique 18V DCE530N-XJ;180,90;Accessoires;30,32;+20 %;référence seule (variante différente);ATTENTION : rapproché sur la référence seule, la version peut différer
DCF809NT;DeWalt DCF 809 NT Visseuse à chocs sans fil 18 V Brushless Li-Ion + Coffret de transport T-STAK + 1x Batterie 4,0 Ah - s;201,70;PACK+1X4.0+COFFRET;DCF809NT;DeWALT DCF809NT — DCF809NT;161,65;Perçage, vissage et boulonnage;40,05;−20 %;référence seule (variante différente);mon prix est SOUS le prix idealo — ATTENTION : rapproché sur la référence seule, la version peut différer
DCM561PBS;DeWalt DCM 561 PBS 18 V Brushless Li-ION Débrousailleursans Fil - sans Batterie, sans Chargeur Jaune & Recharge de Fil C;219,03;PACK+CHARGEUR;DCM561;DeWALT DCM561 — DCM561;262,81;Tronçonnage et élagage;43,78;+20 %;référence seule (variante différente);ATTENTION : rapproché sur la référence seule, la version peut différer
D26200;DeWALT D26200-QS — Affleureuse (défonceuse) de paume compacte filaire 900W;222,04;OUTIL;D26200-QS;DeWALT D26200-QS — Affleureuse (défonceuse) de paume compacte filaire 900W;267,07;Défonceuses;45,03;+20 %;référence + variante;
DCB132T2;DeWalt Starter-Set FlexVolt DCB132T2;273,00;PACK;DCB132;DeWALT DCB132 — Chargeur double 18-54V DCB132;217,82;Batteries et chargeurs;55,18;−20 %;référence seule (variante différente);mon prix est SOUS le prix idealo — ATTENTION : rapproché sur la référence seule, la version peut différer
DCB182-XJ;DEWALT Scie circulaire XR 18VBL - sans Batterie ni Chargeur - Multi-matériaux 115 mm Jaune & Batterie XR 18V 4 Ah Li-Ion;270,82;PACK+1X4+CHARGEUR;DCB182;DeWALT DCB182 — DCB182 Lot de 2 batteries XR Li-Ion 18 V 4 Ah 18 V;216,70;Batteries et chargeurs;54,12;−20 %;référence seule (variante différente);mon prix est SOUS le prix idealo — ATTENTION : rapproché sur la référence seule, la version peut différer
DCD999X1-QW;DEWALT DCD999X1-QW;335,50;PACK;DCD999N-XJ;DeWALT DCD999N-XJ — Perceuse-visseuse à percussion 18V DCD999N-XJ;266,98;Perçage, vissage et boulonnage;68,52;−20 %;référence seule (variante différente);mon prix est SOUS le prix idealo — ATTENTION : rapproché sur la référence seule, la version peut différer
DCF891EHGT-QW;Boulonneuse à chocs 1/2‘’ DEWALT DCF891EHGT-QW Brushless 812 Nm - POWERSTACK XR 18V 2X1.7/5Ah Li-Ion - jonc de sécurité;347,12;OUTIL+1X5;DCF891NT-XJ;"DeWALT DCF891NT-XJ — Boulonneuse à chocs 1/2"" 18V XR Brushless (machine seule, coffret TSTAK)";277,02;Perçage, vissage et boulonnage;70,10;−20 %;référence seule (variante différente);mon prix est SOUS le prix idealo — ATTENTION : rapproché sur la référence seule, la version peut différer
DCMHT573X1;DEWALT DCMHT573X1;360,25;PACK;DCMHT573N-XJ;DeWALT DCMHT573N-XJ — DCMHT573N-XJ;287,12;Tronçonnage et élagage;73,13;−20 %;référence seule (variante différente);mon prix est SOUS le prix idealo — ATTENTION : rapproché sur la référence seule, la version peut différer
DCS335D2;DeWalt DCS 335 D2 Scie sauteuse sans fil 18 V Brushless LED + Coffret de transport + 2x Batteries DCB 183 18V - 2 Ah XR ;372,79;PACK+1X2+COFFRET;DCS335N-XJ;DeWALT DCS335N-XJ — Scie sauteuse 18V DCS335N-XJ;297,72;Scies;75,07;−20 %;référence seule (variante différente);mon prix est SOUS le prix idealo — ATTENTION : rapproché sur la référence seule, la version peut différer
DCM849P2;DeWalt DCM 849 P2 Polisseuse excentrique sans fil 18 V 180 mm Brushless + 2x batterie 5,0 Ah + chargeur;418,03;PACK+1X5.0+CHARGEUR;DCM849;DeWALT DCM849 — DCM849;333,74;Meulage, découpe et polissage;84,29;−20 %;référence seule (variante différente);mon prix est SOUS le prix idealo — ATTENTION : rapproché sur la référence seule, la version peut différer
DCF894;"DeWALT DCF894N-XJ — Clé à Chocs Compacte 1/2"" XR 18V sans Batterie ni Chargeur DCF894N-XJ";424,50;OUTIL+CHARGEUR;DCF894N-XJ;"DeWALT DCF894N-XJ — Clé à Chocs Compacte 1/2"" XR 18V sans Batterie ni Chargeur DCF894N-XJ";339,86;Perçage, vissage et boulonnage;84,64;−20 %;référence + variante;mon prix est SOUS le prix idealo
DCM572X1-QW;DEWALT DCM572X1-QW;435,27;PACK;DCM572N-XJ;DeWALT DCM572N-XJ — DCM572N-XJ;348,48;Tronçonnage et élagage;86,79;−20 %;référence seule (variante différente);mon prix est SOUS le prix idealo — ATTENTION : rapproché sur la référence seule, la version peut différer
DCF894P2T-15;DEWALT DCF894P2T-15;424,50;PACK;DCF894N-XJ;"DeWALT DCF894N-XJ — Clé à Chocs Compacte 1/2"" XR 18V sans Batterie ni Chargeur DCF894N-XJ";339,86;Perçage, vissage et boulonnage;84,64;−20 %;référence seule (variante différente);mon prix est SOUS le prix idealo — ATTENTION : rapproché sur la référence seule, la version peut différer
DCMPW1000N-XJ;Nettoyeur à pression 54V DCMPW1000N-XJ + 1 batterie 18/54V 9-3Ah + 1 chargeur DCB118-QW DEWALT;487,90;PACK+1X3+CHARGEUR;DCMPW1000N-XJ;DeWALT DCMPW1000N-XJ — Nettoyeur à pression 54V DCMPW1000N-XJ;390,18;Accessoires;97,72;−20 %;référence seule (variante différente);mon prix est SOUS le prix idealo — ATTENTION : rapproché sur la référence seule, la version peut différer
DXCMB2M50HE;DeWalt DXCMB2M50HE - Compresseur d'air électrique monophasé à courroie - Moteur 2 CV 50 L;582,25;ACCESSOIRE;DXCMB2M50HE;DeWALT DXCMB2M50HE — DXCMB2M50HE;697,98;Accessoires;115,73;+20 %;référence seule (variante différente);ATTENTION : rapproché sur la référence seule, la version peut différer
DCS365M2;DEWALT DCS365M2;751,12;PACK;DCS365N;DeWALT DCS365N — DCS365N;601,74;Scies;149,38;−20 %;référence seule (variante différente);mon prix est SOUS le prix idealo — ATTENTION : rapproché sur la référence seule, la version peut différer
DCB184LR;DEWALT DCB184LR;99,60;PACK;DCB184;DeWALT DCB184 — Batterie 18V XR Li-Ion 5,0 Ah (témoin de charge LED);80,39;Batteries et chargeurs;19,21;−19 %;référence seule (variante différente);mon prix est SOUS le prix idealo — ATTENTION : rapproché sur la référence seule, la version peut différer
DWE305PK-QS;DEWALT DWE305PK-QS Scie sabre filaire - 1100W - Spéciale applications difficiles & DT2445-QZ Lame pour Scies Sabre, Arge;198,41;PACK;DWE305PK-QS;DeWALT DWE305PK-QS — Scie sabre 1100 W DWE305PK-QS;236,22;Scies;37,81;+19 %;référence seule (variante différente);ATTENTION : rapproché sur la référence seule, la version peut différer
DCE560N-XJ;DEWALT DCE560N-XJ;244,86;OUTIL;DCE560;DeWALT DCE560 — Kit de conversion du tube d'extrusion en acrylique DEWALT (pour sachets de 600 ml) pour DCE 560 Quantité:1;198,13;Rangements;46,73;−19 %;référence seule (variante différente);mon prix est SOUS le prix idealo — ATTENTION : rapproché sur la référence seule, la version peut différer
DCF921D2T-QW;DEWALT DCF921D2T-QW;255,84;PACK;DCF921N-XJ;DeWALT DCF921N-XJ — DCF921N-XJ;206,95;Perçage, vissage et boulonnage;48,89;−19 %;référence seule (variante différente);mon prix est SOUS le prix idealo — ATTENTION : rapproché sur la référence seule, la version peut différer
DCD996;DeWalt DCD 996 (1x 5,0 Ah);263,41;PACK+1X5.0;DCD996N;DeWALT DCD996N — Perceuse à percussion 18V XR Brushless (machine seule);212,06;Perçage, vissage et boulonnage;51,35;−19 %;référence seule (variante différente);mon prix est SOUS le prix idealo — ATTENTION : rapproché sur la référence seule, la version peut différer
DCW200D2;DEWALT DCW200D2;263,78;PACK;DCW200;DeWALT DCW200 — DCW200;213,96;Scies;49,82;−19 %;référence seule (variante différente);mon prix est SOUS le prix idealo — ATTENTION : rapproché sur la référence seule, la version peut différer
DCW200NT-XJ;Ponceuse vibrante DCW200NT-XJ + 1 batterie 18V 5 Ah + 1 chargeur DCB1104-QW DEWALT;263,90;PACK+1X5+CHARGEUR;DCW200;DeWALT DCW200 — DCW200;213,96;Scies;49,94;−19 %;référence seule (variante différente);mon prix est SOUS le prix idealo — ATTENTION : rapproché sur la référence seule, la version peut différer
DCH133NT;DeWalt DCH 133 NT Marteau combiné sans fil 18V 2,6J SDS plus Brushless + 1x batterie 5,0Ah + TSTAK - sans chargeur;276,40;PACK+1X5.0+COFFRET+CHARGEUR;DCH133N;DeWALT DCH133N — DCH133N;223,87;Perforateurs;52,53;−19 %;référence seule (variante différente);mon prix est SOUS le prix idealo — ATTENTION : rapproché sur la référence seule, la version peut différer
DCB118X2-QW;DeWALT DCB118X2-QW — Pack énergie 54V/18V FLEXVOLT (2x9,0 Ah) + chargeur rapide DCB118;299,00;PACK+2X9.0+CHARGEUR;DCB118X2-QW;DeWALT DCB118X2-QW — Pack énergie 54V/18V FLEXVOLT (2x9,0 Ah) + chargeur rapide DCB118;354,65;Batteries et chargeurs;55,65;+19 %;référence seule (variante différente);ATTENTION : rapproché sur la référence seule, la version peut différer
DCS369;Scie sabre compacte DEWALT DCS369 (2 x 5Ah) 18v XR;299,00;PACK+2X5;DCS369NT-XJ;DeWALT DCS369NT-XJ — Scie sabre 18V DCS369NT-XJ;242,41;Scies;56,59;−19 %;référence seule (variante différente);mon prix est SOUS le prix idealo — ATTENTION : rapproché sur la référence seule, la version peut différer
DCK266P2;DeWALT - Set perceuse à percussion et clé à chocs sans fil 18V, 2 batteries 5,0 Ah XR, chargeur DCK266P2;347,13;PACK+1X5.0+CHARGEUR;DCK266NT;DeWALT DCK266NT — DCK266NT Perceuse visseuse à percussion (DCD796) Visseuse à chocs (DCF887) - (sans batterie ni chargeur) en TSTAK;281,28;Combos;65,85;−19 %;référence seule (variante différente);mon prix est SOUS le prix idealo — ATTENTION : rapproché sur la référence seule, la version peut différer
DCH273E1;DeWalt DCH 273 E1 Marteau combiné sans fil 18 V 2,1 J SDS Plus Brushless + 1x batterie Powerstack 1,7 Ah + chargeur;345,88;PACK+1X1.7+CHARGEUR;DCH273P1T-QW;DeWALT DCH273P1T-QW — Perforateur burineur SDS-Plus 18V XR (1×5,0 Ah + chargeur + coffret);412,73;Perforateurs;66,85;+19 %;référence seule (variante différente);ATTENTION : rapproché sur la référence seule, la version peut différer
DCN930;DeWALT DCN930N — Cloueur de charpente 18V XR Brushless 30° (machine seule);392,10;OUTIL;DCN930N;DeWALT DCN930N — Cloueur de charpente 18V XR Brushless 30° (machine seule);465,30;Cloueurs;73,20;+19 %;référence + variante;
DCB118Y2-QW;DeWALT DCB118Y2-QW — Pack énergie 54V/18V FLEXVOLT (2x12,0 Ah) + chargeur rapide DCB118;437,16;PACK+2X12.0+CHARGEUR;DCB118X2-QW;DeWALT DCB118X2-QW — Pack énergie 54V/18V FLEXVOLT (2x9,0 Ah) + chargeur rapide DCB118;354,65;Batteries et chargeurs;82,51;−19 %;référence seule (variante différente);mon prix est SOUS le prix idealo — ATTENTION : rapproché sur la référence seule, la version peut différer
DCGG581P1G-QW;DEWALT Pistolet graisseur sans fil 18V XR 2 vitesses, 690 bars, batterie 5Ah avec sac souple, DCGG581P1G-QW;469,00;PACK+1X5;DCGG581N-XJ;DeWALT DCGG581N-XJ — Pompe à graisse 18V DCGG581N-XJ DEWALT;377,86;Accessoires;91,14;−19 %;référence seule (variante différente);mon prix est SOUS le prix idealo — ATTENTION : rapproché sur la référence seule, la version peut différer
DCH273P3T;Marteau combiné DeWALT DCH273P3T (3 x 5,0 Ah + DCB115 + TSTAK II);510,00;PACK+3X5.0+COFFRET;DCH273P1T-QW;DeWALT DCH273P1T-QW — Perforateur burineur SDS-Plus 18V XR (1×5,0 Ah + chargeur + coffret);412,73;Perforateurs;97,27;−19 %;référence seule (variante différente);mon prix est SOUS le prix idealo — ATTENTION : rapproché sur la référence seule, la version peut différer
DCW604P2;DeWalt DCW 604 P2 Fraiseuse combinée sans fil 18V 55mm + 2x batteries 5,0 Ah + 1x chargeur rapide + set de fraises 12 pc;604,83;PACK+1X5.0+CHARGEUR;DCW604NT-XJ;DeWALT DCW604NT-XJ — Affleureuse - défonceuse XR 18V DCW604NT-XJ;488,75;Défonceuses;116,08;−19 %;référence seule (variante différente);mon prix est SOUS le prix idealo — ATTENTION : rapproché sur la référence seule, la version peut différer
DCMST922N-XJ;Débroussailleuse 54V DCMST922N-XJ + 1 batterie 54V 12 Ah + 1 chargeur DCB118 DEWALT;694,90;PACK+1X12+CHARGEUR;DCMST922N-XJ;DeWALT DCMST922N-XJ — Débroussailleuse 54V DCMST922N-XJ DEWALT;562,25;Tronçonnage et élagage;132,65;−19 %;référence seule (variante différente);mon prix est SOUS le prix idealo — ATTENTION : rapproché sur la référence seule, la version peut différer
DCS520T2;DEWALT DCS520T2;740,74;PACK;DCS520NT-XJ;DeWALT DCS520NT-XJ — Scie circulaire plongeante 18/54V XR FlexVolt Ø165 mm (machine seule, coffret TSTAK);597,64;Scies;143,10;−19 %;référence seule (variante différente);mon prix est SOUS le prix idealo — ATTENTION : rapproché sur la référence seule, la version peut différer
DCS520;DEWALT DCS520;740,74;OUTIL;DCS520NT-XJ;DeWALT DCS520NT-XJ — Scie circulaire plongeante 18/54V XR FlexVolt Ø165 mm (machine seule, coffret TSTAK);597,64;Scies;143,10;−19 %;référence seule (variante différente);mon prix est SOUS le prix idealo — ATTENTION : rapproché sur la référence seule, la version peut différer
FVK271X2-QW;DeWalt Kit FVK271X2-QW 54V/18V (3071);1083,00;PACK;FVK271T2-QW;DeWALT FVK271T2-QW — Kit FVK271T2-QW 54V/18V (DCH333 + DCG418 + 2 x 6.0 Ah + DCB118 + TSTAK II + TSTAK VI);1291,62;Quincaillerie;208,62;+19 %;référence seule (variante différente);ATTENTION : rapproché sur la référence seule, la version peut différer
DCK1012P4T-QW;DeWALT DCK1012P4T-QW — DCK1012P4T-QW;1778,33;PACK;DCK1012P4T-QW;DeWALT DCK1012P4T-QW — DCK1012P4T-QW;2124,23;Combos;345,90;+19 %;référence seule (variante différente);ATTENTION : rapproché sur la référence seule, la version peut différer
DE7023;DeWALT DE7023-XJ — Piètement universel pour scies à onglets (repliable, 227 kg);185,98;ACCESSOIRE;DE7023-XJ;DeWALT DE7023-XJ — Piètement universel pour scies à onglets (repliable, 227 kg);222,02;Accessoires;36,04;+19 %;référence + variante;
DCB1104-QW;Pack 1 batterie XR 18V 5 Ah + Chargeur DCB1104-QW DEWALT;99,90;PACK+1X5+CHARGEUR;DCB1104-QW;DeWALT DCB1104-QW — Chargeur 12V/18V DCB1104-QW;82,38;Batteries et chargeurs;17,52;−18 %;référence seule (variante différente);mon prix est SOUS le prix idealo — ATTENTION : rapproché sur la référence seule, la version peut différer
DCF870N-XJ;DeWALT DCF870N-XJ — Visseuse à chocs hydraulique 18V XR (machine seule);157,87;OUTIL;DCF870N-XJ;DeWALT DCF870N-XJ — Visseuse à chocs hydraulique 18V XR (machine seule);185,74;Perçage, vissage et boulonnage;27,87;+18 %;référence + variante;
DCF809E1;DeWalt DCF 809 E1 Clé à choc sans fil 18 V 190 Nm 1/4'' Brushless + 1x batterie Powerstack 1,7 Ah + chargeur;197,28;PACK+1X1.7+CHARGEUR;DCF809NT;DeWALT DCF809NT — DCF809NT;161,65;Perçage, vissage et boulonnage;35,63;−18 %;référence seule (variante différente);mon prix est SOUS le prix idealo — ATTENTION : rapproché sur la référence seule, la version peut différer
DCV517M1-QW;Dewalt DCV517M1-QW XR aspirateur sans fil 18V + 1x4.0Ah Batterie + Chargeur;208,95;PACK+1X4.0+CHARGEUR;DCV517N-XJ;DeWALT DCV517N-XJ — DCV517N-XJ;170,99;Aspirateurs;37,96;−18 %;référence seule (variante différente);mon prix est SOUS le prix idealo — ATTENTION : rapproché sur la référence seule, la version peut différer
DCB132X1;DeWalt FlexVolt Groupe Électrogène 54V/18V 9,0Ah (DCB132X1);266,00;PACK+1X9.0;DCB132;DeWALT DCB132 — Chargeur double 18-54V DCB132;217,82;Batteries et chargeurs;48,18;−18 %;référence seule (variante différente);mon prix est SOUS le prix idealo — ATTENTION : rapproché sur la référence seule, la version peut différer
DCS334N;DeWalt DCS334N Scie sauteuse sans fil 18V Brushless + 1x Batterie 4,0Ah - sans chargeur;265,72;PACK+1X4.0+CHARGEUR;DCS334NT-XJ;DeWALT DCS334NT-XJ — Scie sauteuse 18V DCS334NT-XJ;313,78;Scies;48,06;+18 %;référence seule (variante différente);ATTENTION : rapproché sur la référence seule, la version peut différer
DWH161D1T-7;Aspirateur DeWALT DWH161D1T-7 (1 x 2,0 Ah + DCB107 + TSTAK II);279,00;PACK+1X2.0+COFFRET;DWH161D1-QW;DeWALT DWH161D1-QW — DWH161D1-QW;328,34;Quincaillerie;49,34;+18 %;référence seule (variante différente);ATTENTION : rapproché sur la référence seule, la version peut différer
DCG404NT-XJ;Meuleuse compacte 125 mm XR 18V Brushless - DEVALT - Sans batterie, ni charger coffret TSTAK - DCG404NT-XJ;289,64;PACK+COFFRET+CHARGEUR;DCG404;DeWALT DCG404 — DCG404;341,03;Meulage, découpe et polissage;51,39;+18 %;référence seule (variante différente);ATTENTION : rapproché sur la référence seule, la version peut différer
DCG406M1;DeWalt DCG 406 M1 18 V 125 mm Brushless Meuleuse d'angles sans fil + 1x Batterie 4 Ah + Chargeur + Coffret de transport ;312,28;PACK+1X4+COFFRET+CHARGEUR;DCG406N-XJ;DeWALT DCG406N-XJ — Meuleuse Ø125 mm DCG406N-XJ;254,68;Meulage, découpe et polissage;57,60;−18 %;référence seule (variante différente);mon prix est SOUS le prix idealo — ATTENTION : rapproché sur la référence seule, la version peut différer
DCGG581N;Presse à graisse sans fil Dewalt DCGG581N, presse à graisse, 18 V Li-Ion, 230 g/min, 690 bar, tuyau de 1,2 m, LED, sac s;320,90;PACK;DCGG581N-XJ;DeWALT DCGG581N-XJ — Pompe à graisse 18V DCGG581N-XJ DEWALT;377,86;Accessoires;56,96;+18 %;référence seule (variante différente);ATTENTION : rapproché sur la référence seule, la version peut différer
DCD1007P2T-QW;Dewalt DCD1007P2T-QW Perceuse-visseuse a percussion sans fil 18 V 169Nm XRP - 2X5.0Ah Batteries + chargeur en T-STAK;383,17;PACK+2X5.0+COFFRET+CHARGEUR;DCD1007NT-XJ;DeWALT DCD1007NT-XJ — Perceuse-visseuse à percussion 18V DCD1007NT-XJ;450,40;Perçage, vissage et boulonnage;67,23;+18 %;référence seule (variante différente);ATTENTION : rapproché sur la référence seule, la version peut différer
DCF961E1T;DeWalt DCF 961 E1T Clé à choc 18 V 1632 Nm 1/2'' Brushless + 1x batterie Powerstack 1,7 Ah + chargeur + TSTAK;434,40;PACK+1X1.7+COFFRET+CHARGEUR;DCF961NT-XJ;"DeWALT DCF961NT-XJ — Boulonneuse 18V 1/2"" DCF961NT-XJ";513,24;Perçage, vissage et boulonnage;78,84;+18 %;référence seule (variante différente);ATTENTION : rapproché sur la référence seule, la version peut différer
DCD796;DeWalt - Kit perceuse DCD796 + visseuse à Impact DCF887 + 2 batteries 5Ah + chargeur DCB115 + mallette Tstak & Perforate;429,92;PACK+1X5+COFFRET+CHARGEUR;DCD796NT-XJ;DeWALT DCD796NT-XJ — Perceuse visseuse à percussion 18V DCD796NT-XJ;352,09;Perçage, vissage et boulonnage;77,83;−18 %;référence seule (variante différente);mon prix est SOUS le prix idealo — ATTENTION : rapproché sur la référence seule, la version peut différer
DCW682P2-QW;DEWALT DCW682P2-QW;459,90;PACK;DCW682NT-XJ;DeWALT DCW682NT-XJ — DCW682NT-XJ;376,60;Meulage, découpe et polissage;83,30;−18 %;référence seule (variante différente);mon prix est SOUS le prix idealo — ATTENTION : rapproché sur la référence seule, la version peut différer
DCS520NT;DeWALT DCS520NT-XJ — Scie circulaire plongeante 18/54V XR FlexVolt Ø165 mm (machine seule, coffret TSTAK);507,38;PACK+COFFRET;DCS520NT-XJ;DeWALT DCS520NT-XJ — Scie circulaire plongeante 18/54V XR FlexVolt Ø165 mm (machine seule, coffret TSTAK);597,64;Scies;90,26;+18 %;référence seule (variante différente);ATTENTION : rapproché sur la référence seule, la version peut différer
DCS691;DeWALT DCS691N — Découpeuse sans fil 54V XR FLEXVOLT Ø230 mm (machine seule);503,62;OUTIL;DCS691N;DeWALT DCS691N — Découpeuse sans fil 54V XR FLEXVOLT Ø230 mm (machine seule);593,99;Meulage, découpe et polissage;90,37;+18 %;référence + variante;
DCN650P2-SK;DEWALT DCN650P2-SK;590,00;PACK;DCN650N-XJ;DeWALT DCN650N-XJ — DCN650N-XJ;485,47;Perçage, vissage et boulonnage;104,53;−18 %;référence seule (variante différente);mon prix est SOUS le prix idealo — ATTENTION : rapproché sur la référence seule, la version peut différer
DCF964P2T;Clé à chocs DeWALT DCF964P2T (2 x 5,0 Ah + DCB115 + TSTAK II);585,00;PACK+2X5.0+COFFRET;DCF964N-XJ;DeWALT DCF964N-XJ — DCF964N-XJ;476,84;Perçage, vissage et boulonnage;108,16;−18 %;référence seule (variante différente);mon prix est SOUS le prix idealo — ATTENTION : rapproché sur la référence seule, la version peut différer
DCE800H1-SK;DeWalt Drywall sander DCE800H1-SK (1 x 5.0 Ah Powerstack + DCB1104);674,00;PACK+1X5.0;DCE800N-XJ;DeWALT DCE800N-XJ — DCE800N-XJ;553,45;Scies;120,55;−18 %;référence seule (variante différente);mon prix est SOUS le prix idealo — ATTENTION : rapproché sur la référence seule, la version peut différer
DCMBC723N;DEWALT Coupe-bordures sans fil 54V, modèle DCMBC723N, avec guidon;664,94;OUTIL;DCMBC723N-XJ;DeWALT DCMBC723N-XJ — Débroussailleuse forestière Dewalt DCMBC723N-XJ XR FLEXVOLT 54V Brushless - sans batterie ni chargeur;783,53;Tronçonnage et élagage;118,59;+18 %;référence seule (variante différente);ATTENTION : rapproché sur la référence seule, la version peut différer
DCF809D2T-QW;DeWalt DCF809D2T-QW Visseuse à percussion sans fil 18 V 2 Ah Noir/Jaune/Gris;195,45;PACK+1X2;DCF809NT;DeWALT DCF809NT — DCF809NT;161,65;Perçage, vissage et boulonnage;33,80;−17 %;référence seule (variante différente);mon prix est SOUS le prix idealo — ATTENTION : rapproché sur la référence seule, la version peut différer
DCF809E1T;DeWalt DCF 809 E1T Clé à choc sans fil 18 V Brushless + 1x batterie Powerstack 1,7 Ah + chargeur + TSTAK;193,66;PACK+1X1.7+COFFRET+CHARGEUR;DCF809NT;DeWALT DCF809NT — DCF809NT;161,65;Perçage, vissage et boulonnage;32,01;−17 %;référence seule (variante différente);mon prix est SOUS le prix idealo — ATTENTION : rapproché sur la référence seule, la version peut différer
DCG405FN-XJ;DEWALT - Meuleuse Tête Plate Brushless XR 18V 5Ah Li-Ion - DCG405FN-XJ - Meuleuse d'Angle sans Fil avec Poignée Latérale;190,57;OUTIL+1X5;DCG405N;DeWALT DCG405N — Meuleuse 125 mm 18V XR Brushless (outil nu);159,00;Meulage, découpe et polissage;31,57;−17 %;référence seule (variante différente);mon prix est SOUS le prix idealo — ATTENTION : rapproché sur la référence seule, la version peut différer
DCS353D2;DEWALT DCS353D2;229,90;PACK;DCS353B;DeWALT DCS353B — DCS353B Outil oscillant sans fil Lithium-Ion 12 V MAX (outil uniquement);191,66;Scies;38,24;−17 %;référence seule (variante différente);mon prix est SOUS le prix idealo — ATTENTION : rapproché sur la référence seule, la version peut différer
DCW200D2;Dewalt DCW200D2 Ponceuse vibrante sans fil 18 V 108x115 mm + 2 x 2,0Ah Batteries + Chargeur + Coffret T-STAK;258,63;PACK+2X2.0+COFFRET+CHARGEUR;DCW200;DeWALT DCW200 — DCW200;213,96;Scies;44,67;−17 %;référence seule (variante différente);mon prix est SOUS le prix idealo — ATTENTION : rapproché sur la référence seule, la version peut différer
DCW200P1;Dewalt DCW200P1 Ponceuse vibrante sans fil 18 V 108x115 mm + 1 x 5,0Ah Batteries + Chargeur + Coffret T-STAK;258,21;PACK+1X5.0+COFFRET+CHARGEUR;DCW200;DeWALT DCW200 — DCW200;213,96;Scies;44,25;−17 %;référence seule (variante différente);mon prix est SOUS le prix idealo — ATTENTION : rapproché sur la référence seule, la version peut différer
DCH133NT;DeWalt DCH 133 NT Marteau combiné sans fil 18V 2,6J SDS plus Brushless + 1x batterie 4,0Ah + TSTAK - sans chargeur;268,37;PACK+1X4.0+COFFRET+CHARGEUR;DCH133N;DeWALT DCH133N — DCH133N;223,87;Perforateurs;44,50;−17 %;référence seule (variante différente);mon prix est SOUS le prix idealo — ATTENTION : rapproché sur la référence seule, la version peut différer
DCF887P2-QW;DEWALT - Visseuse à Chocs Brushless XR 18V Li-Ion 5Ah - DCF887P2-QW & Coffret de 32 Embouts de Vissage de 25mm Robustes ;264,96;PACK+1X5+COFFRET;DCF887P2;"DeWALT DCF887P2 — Visseuse a chocs 1/4"" XR 18V (2x5Ah + chargeur + TSTAK)";310,37;Perçage, vissage et boulonnage;45,41;+17 %;référence seule (variante différente);ATTENTION : rapproché sur la référence seule, la version peut différer
DCW210P2;DEWALT DCW210P2;293,83;PACK;DCW210N-XJ;DeWALT DCW210N-XJ — Ponceuse Ø125 mm 18V DCW210N-XJ;242,41;Meulage, découpe et polissage;51,42;−17 %;référence seule (variante différente);mon prix est SOUS le prix idealo — ATTENTION : rapproché sur la référence seule, la version peut différer
DCS571E1T;DEWALT DCS571E1T;289,72;PACK;DCS571N;DeWALT DCS571N — DCS571N;241,37;Scies;48,35;−17 %;référence seule (variante différente);mon prix est SOUS le prix idealo — ATTENTION : rapproché sur la référence seule, la version peut différer
DCD796P2T;Perceuse-visseuse à percussion DeWALT DCD796P2T (2 x 5,0 Ah + DCB115 + TSTAK II) + kit de 40 embouts de vissage;302,00;PACK+2X5.0+COFFRET;DCD796NT-XJ;DeWALT DCD796NT-XJ — Perceuse visseuse à percussion 18V DCD796NT-XJ;352,09;Perçage, vissage et boulonnage;50,09;+17 %;référence seule (variante différente);ATTENTION : rapproché sur la référence seule, la version peut différer
DCH253N-XJ;DEWALT DCH253N-XJ Marteau électro-eumatique XR 18 V SDS-Plus 2,1 J 3 Modes sans Chargeur/Batterie, Jaune/Noir, Bare Unit;331,05;PACK+CHARGEUR;DCH253N;DeWALT DCH253N — DCH253N;273,66;Perforateurs;57,39;−17 %;référence seule (variante différente);mon prix est SOUS le prix idealo — ATTENTION : rapproché sur la référence seule, la version peut différer
DCS334P2-QW;DEWALT - Scie Sauteuse à Poignée Supérieure Brushless XR 18V 5 Ah - DCS334P2-QW - Scie sans Fil avec Coffret TSTAK & DT2;377,92;PACK+1X5+COFFRET;DCS334NT-XJ;DeWALT DCS334NT-XJ — Scie sauteuse 18V DCS334NT-XJ;313,78;Scies;64,14;−17 %;référence seule (variante différente);mon prix est SOUS le prix idealo — ATTENTION : rapproché sur la référence seule, la version peut différer
DCS334P2;DeWalt DCS 334P2 (2 x 5,0 Ah);376,77;PACK+2X5.0;DCS334NT-XJ;DeWALT DCS334NT-XJ — Scie sauteuse 18V DCS334NT-XJ;313,78;Scies;62,99;−17 %;référence seule (variante différente);mon prix est SOUS le prix idealo — ATTENTION : rapproché sur la référence seule, la version peut différer
DCD1007H1T-QW;Dewalt DCD1007H1T-QW Perceuse-visseuse a percussion sans fil 18 V 169Nm XRP - 1X5.0Ah Batterie PowerStack + chargeur en ;386,21;PACK+1X5.0+CHARGEUR;DCD1007NT-XJ;DeWALT DCD1007NT-XJ — Perceuse-visseuse à percussion 18V DCD1007NT-XJ;450,40;Perçage, vissage et boulonnage;64,19;+17 %;référence seule (variante différente);ATTENTION : rapproché sur la référence seule, la version peut différer
DCW604NT;DeWALT DCW604NT-XJ — Affleureuse - défonceuse XR 18V DCW604NT-XJ;416,16;PACK;DCW604NT-XJ;DeWALT DCW604NT-XJ — Affleureuse - défonceuse XR 18V DCW604NT-XJ;488,75;Défonceuses;72,59;+17 %;référence seule (variante différente);ATTENTION : rapproché sur la référence seule, la version peut différer
DCFS950P2-QW;DEWALT DCFS950P2-QW;778,38;PACK;DCFS950N-XJ;DeWALT DCFS950N-XJ — DCFS950N-XJ;907,19;Perçage, vissage et boulonnage;128,81;+17 %;référence seule (variante différente);ATTENTION : rapproché sur la référence seule, la version peut différer
DCLE15221G-QW;Niveau laser rotatif simple pente - faisceaux verts - USB-C - DEWALT - DCLE15221G-QW;1750,81;OUTIL;DCLE15221G-QW;DeWALT DCLE15221G-QW — Niveau laser rotatif simple pente faisceaux verts USB-C 600m IP66 DCLE15221G-QW;2053,39;Accessoires;302,58;+17 %;référence + variante;
DCB184P1-QW;Dewalt DCB184P1-QW Pack 1 X 5.0 Ah Batterie - XR - 18V - Li-Ion + Chargeur;97,24;PACK+1X5.0+CHARGEUR;DCB184;DeWALT DCB184 — Batterie 18V XR Li-Ion 5,0 Ah (témoin de charge LED);80,39;Batteries et chargeurs;16,85;−17 %;référence seule (variante différente);mon prix est SOUS le prix idealo — ATTENTION : rapproché sur la référence seule, la version peut différer
DCE530N-XJ;DEWALT Décapeur Thermique XR 18V DCE530N-XJ & Lampe LED XR 18V - DCL050-XJ - Lampe à Faisceau Large Vendue sans Batterie;155,51;PACK;DCE530N-XJ;DeWALT DCE530N-XJ — Décapeur Thermique 18V DCE530N-XJ;180,90;Accessoires;25,39;+16 %;référence seule (variante différente);ATTENTION : rapproché sur la référence seule, la version peut différer
DXV23PLPTA;DEWALT DXV23PLPTA;186,53;OUTIL;DXV23PTA;DeWALT DXV23PTA — Aspirateur eau et poussières 1150W - cuve 23L + prise asservie - DXV23PTA DEWALT;217,03;Aspirateurs;30,50;+16 %;référence + variante;
DCD795M1;DEWALT DCD795M1;228,23;PACK;DCD795NT-XJ;DeWALT DCD795NT-XJ — DCD795NT-XJ Perceuse-visseuse compact 18 V sans batterie/accessoires avec T-Stak Box ii;264,98;Perçage, vissage et boulonnage;36,75;+16 %;référence seule (variante différente);ATTENTION : rapproché sur la référence seule, la version peut différer
DCD799D2T-QW;DEWALT DCD799D2T-QW;238,63;PACK;DCD799NT-XJ;DeWALT DCD799NT-XJ — Perceuse-visseuse à percussion 18V DCD799NT-XJ;199,34;Perçage, vissage et boulonnage;39,29;−16 %;référence seule (variante différente);mon prix est SOUS le prix idealo — ATTENTION : rapproché sur la référence seule, la version peut différer
DCS367NT-XJ;DEWALT - Scie Sabre Compact Brushless XR 18V Li-Ion - DCS367NT-XJ & DT2352-QZ Lame pour Scies Sabre Bois, Argent, 240 mm;244,84;PACK;DCS367N-XJ;DeWALT DCS367N-XJ — Scie sabre compacte 18V XR Brushless (machine seule);204,95;Scies;39,89;−16 %;référence seule (variante différente);mon prix est SOUS le prix idealo — ATTENTION : rapproché sur la référence seule, la version peut différer
DCS334N;DeWalt DCS 334N ( 1x 4,0 Ah);269,98;PACK+1X4.0;DCS334NT-XJ;DeWALT DCS334NT-XJ — Scie sauteuse 18V DCS334NT-XJ;313,78;Scies;43,80;+16 %;référence seule (variante différente);ATTENTION : rapproché sur la référence seule, la version peut différer
DCG407NT-XJ;Meuleuse Ø125 mm 18V DCG407NT-XJ + 1 batterie 18V 5 Ah + 1 Chargeur DCB1104-QW DEWALT;294,90;PACK+1X5+CHARGEUR;DCG407NT-XJ;DeWALT DCG407NT-XJ — DCG407NT-XJ;246,34;Meulage, découpe et polissage;48,56;−16 %;référence seule (variante différente);mon prix est SOUS le prix idealo — ATTENTION : rapproché sur la référence seule, la version peut différer
DCF850P2T;"DeWALT DCF850P2T — Visseuse a chocs 1/4"" XR 18V Ultra-compacte (2x5Ah + TSTAK)";299,64;PACK+2X5+COFFRET;DCF850P2T;"DeWALT DCF850P2T — Visseuse a chocs 1/4"" XR 18V Ultra-compacte (2x5Ah + TSTAK)";349,00;Perçage, vissage et boulonnage;49,36;+16 %;référence seule (variante différente);ATTENTION : rapproché sur la référence seule, la version peut différer
DCB118;DeWalt Power Set FlexVolt (54V/18V 6Ah + DCB118);306,92;PACK+1X6;DCB118X2-QW;DeWALT DCB118X2-QW — Pack énergie 54V/18V FLEXVOLT (2x9,0 Ah) + chargeur rapide DCB118;354,65;Batteries et chargeurs;47,73;+16 %;référence seule (variante différente);ATTENTION : rapproché sur la référence seule, la version peut différer
DCS572;DeWalt DCS 572 Scie circulaire sans fil 18V 184mm Brushless (DCS 572);331,02;PACK;DCS572NT-XJ;DeWALT DCS572NT-XJ — Scie circulaire 18V Ø184 mm DCS572NT-XJ;384,04;Scies;53,02;+16 %;référence seule (variante différente);ATTENTION : rapproché sur la référence seule, la version peut différer
DCG430N-XJ;Meuleuse compacte 76mm XR 18V DCG430N-XJ + 1 batterie 18V 5 Ah + 1 Chargeur DCB1104-QW DEWALT;369,90;PACK+1X5+CHARGEUR;DCG430N;DeWALT DCG430N — DCG430N;310,10;Meulage, découpe et polissage;59,80;−16 %;référence seule (variante différente);mon prix est SOUS le prix idealo — ATTENTION : rapproché sur la référence seule, la version peut différer
DCE581N-XJ;Pistolet à mastic DEWALT XR 18V - Sans batterie, ni chargeur - tube long - DCE581N-XJ;360,52;PACK+CHARGEUR;DCE581NK;DeWALT DCE581NK — DCE581NK;417,76;Accessoires;57,24;+16 %;référence seule (variante différente);ATTENTION : rapproché sur la référence seule, la version peut différer
DCS565P2-QW;DEWALT DCS565P2-QW;377,00;PACK;DCS565NT-XJ;DeWALT DCS565NT-XJ — DCS565NT-XJ;316,33;Scies;60,67;−16 %;référence seule (variante différente);mon prix est SOUS le prix idealo — ATTENTION : rapproché sur la référence seule, la version peut différer
DCMCS575X1;DeWALT - Tronçonneuse 54V AKU 50 cm, 1x batterie 9,0 Ah FLEXVOLT, chargeur DCMCS575X1;542,39;PACK+1X9.0+CHARGEUR;DCMCS575N-XJ;DeWALT DCMCS575N-XJ — DCMCS575N-XJ;456,58;Tronçonnage et élagage;85,81;−16 %;référence seule (variante différente);mon prix est SOUS le prix idealo — ATTENTION : rapproché sur la référence seule, la version peut différer
DCK276P3T;DeWALT - Set perceuse à percussion et clé à chocs sans fil 18V, 3 batteries 5,0 Ah XR, chargeur DCK276P3T;560,32;PACK+1X5.0+CHARGEUR;DCK276P2;DeWALT DCK276P2 — DCK276P2;649,50;Combos;89,18;+16 %;référence seule (variante différente);ATTENTION : rapproché sur la référence seule, la version peut différer
DCMCS575X1;Tronçonneuse sans fil DeWALT 50 cm, XR FlexVolt 54 V (1x9,0 Ah) DCMCS575X1;545,72;PACK+1X9.0;DCMCS575N-XJ;DeWALT DCMCS575N-XJ — DCMCS575N-XJ;456,58;Tronçonnage et élagage;89,14;−16 %;référence seule (variante différente);mon prix est SOUS le prix idealo — ATTENTION : rapproché sur la référence seule, la version peut différer
DCG412NT-XJ;DEWALT DCG412NT-XJ;180,41;PACK;DCG412N-XJ;DeWALT DCG412N-XJ — DCG412N-XJ;207,76;Meulage, découpe et polissage;27,35;+15 %;référence seule (variante différente);ATTENTION : rapproché sur la référence seule, la version peut différer
DCS570N;DeWALT DCS570N — Scie circulaire 18V XR Brushless Ø184 mm (machine seule);184,50;OUTIL;DCS570N;DeWALT DCS570N — Scie circulaire 18V XR Brushless Ø184 mm (machine seule);211,49;Scies;26,99;+15 %;référence + variante;
DCS369N;DeWALT DCS369N-XJ — Scie sabre 18V DCS369N-XJ;211,65;PACK;DCS369NT-XJ;DeWALT DCS369NT-XJ — Scie sabre 18V DCS369NT-XJ;242,41;Scies;30,76;+15 %;référence seule (variante différente);ATTENTION : rapproché sur la référence seule, la version peut différer
XR18V;DEWALT Scie Sauteuse à Poignée Supérieure Brushless XR 18V Li-ion, Sans Fil avec Coffret TSTAK et Éclairage LED, Courses;222,69;PACK+COFFRET;XR18V;DeWALT XR18V — Souffleur Brushless XR 18V 5Ah Li-ION - Souffleur Électrique Portable sans Fil & Recharge de Fil Coupe Bordure 2,;188,89;Quincaillerie;33,80;−15 %;référence seule (variante différente);mon prix est SOUS le prix idealo — ATTENTION : rapproché sur la référence seule, la version peut différer
DCMPP568D1-QW;DeWALT DCMPP568D1-QW Kit Sécateur À Batterie Li-ion 18 V (1 Batterie 2,0 Ah);245,09;PACK+1X2.0;DCMPP568N-XJ;DeWALT DCMPP568N-XJ — Sécateur 18V DCMPP568N-XJ;207,88;Tronçonnage et élagage;37,21;−15 %;référence seule (variante différente);mon prix est SOUS le prix idealo — ATTENTION : rapproché sur la référence seule, la version peut différer
DCS334N;DeWalt DCS334N Scie sauteuse pendulaire sans fil 18V Brushless + 1x Batterie 5,0Ah - sans chargeur;273,75;PACK+1X5.0+CHARGEUR;DCS334NT-XJ;DeWALT DCS334NT-XJ — Scie sauteuse 18V DCS334NT-XJ;313,78;Scies;40,03;+15 %;référence seule (variante différente);ATTENTION : rapproché sur la référence seule, la version peut différer
DCS331;Dewalt DCS331 P1 Scie Sauteuse + 1 X 5 Ah Batterie DCB184 + chargeur et Coffret TSTAK;284,42;PACK+1X5+COFFRET+CHARGEUR;DCS331N-XJ;DeWALT DCS331N-XJ — Scie sauteuse DCS331N-XJ;242,41;Scies;42,01;−15 %;référence seule (variante différente);mon prix est SOUS le prix idealo — ATTENTION : rapproché sur la référence seule, la version peut différer
DCS391M2;DeWALT DCS391M2-QW — Scie circulaire 165 mm 18V XR (kit 2×4,0 Ah + coffret TSTAK);313,42;PACK+2X4.0+COFFRET;DCS391M2-QW;DeWALT DCS391M2-QW — Scie circulaire 165 mm 18V XR (kit 2×4,0 Ah + coffret TSTAK);360,62;Scies;47,20;+15 %;référence seule (variante différente);ATTENTION : rapproché sur la référence seule, la version peut différer
DCB118T2-QW;DeWALT DCB118T2-QW Kit De Démarrage Pour Batterie Li-ion FlexVolt 18 V / 54 V (2 Batteries De 6,0 Ah) + Chargeur;309,59;PACK+1X6.0+CHARGEUR;DCB118X2-QW;DeWALT DCB118X2-QW — Pack énergie 54V/18V FLEXVOLT (2x9,0 Ah) + chargeur rapide DCB118;354,65;Batteries et chargeurs;45,06;+15 %;référence seule (variante différente);ATTENTION : rapproché sur la référence seule, la version peut différer
DCH273P1T-QW;Perforateur SDS-Plus 18V XR BL (1x5,0 Ah) dans coffret - DEWALT DCH273P1T-QW;358,90;PACK+1X5.0+COFFRET;DCH273P1T-QW;DeWALT DCH273P1T-QW — Perforateur burineur SDS-Plus 18V XR (1×5,0 Ah + chargeur + coffret);412,73;Perforateurs;53,83;+15 %;référence seule (variante différente);ATTENTION : rapproché sur la référence seule, la version peut différer
DCMBL777X1-QW;DEWALT DCMBL777X1-QW;384,20;PACK;DCMBL777;DeWALT DCMBL777 — DCMBL777;327,47;Tronçonnage et élagage;56,73;−15 %;référence seule (variante différente);mon prix est SOUS le prix idealo — ATTENTION : rapproché sur la référence seule, la version peut différer
DCM848P2;DEWALT DCM848P2;393,90;PACK;DCM848N-XJ;DeWALT DCM848N-XJ — Polisseuse orbitale 18V DCM848N-XJ;334,73;Meulage, découpe et polissage;59,17;−15 %;référence seule (variante différente);mon prix est SOUS le prix idealo — ATTENTION : rapproché sur la référence seule, la version peut différer
DCK422P3T;DEWALT Kit 4 Outils XR 18V Brushless + 3 Batteries 5Ah + 1 Chargeur + 2 Coffrets TSTAK DCK422P3T & Coffret de 100 Pièces;759,18;PACK+1X5+COFFRET+CHARGEUR;DCK422P3T;DeWALT DCK422P3T — DCK422P3T;876,68;Combos;117,50;+15 %;référence seule (variante différente);ATTENTION : rapproché sur la référence seule, la version peut différer
DCS383H2-QW;Dewalt DCS383H2-QW Scie circulaire à métaux 18V XR 190mm - 2 x 5,0Ah Batterie Powerstack + Chargeur + Coffret T-STAK;744,95;PACK+2X5.0+COFFRET+CHARGEUR;DCS383N-XJ;DeWALT DCS383N-XJ — Scie circulaire 18V Ø184 mm DCS383N-XJ;630,19;Scies;114,76;−15 %;référence seule (variante différente);mon prix est SOUS le prix idealo — ATTENTION : rapproché sur la référence seule, la version peut différer
DCD708N;DeWalt DCD 708 N Perceuse-visseuse sans fil 18 V 65 Nm Brushless + 1x batterie 4,0 Ah - sans chargeur;143,06;PACK+1X4.0+CHARGEUR;DCD708NT;DeWALT DCD708NT — DCD708NT;162,97;Perçage, vissage et boulonnage;19,91;+14 %;référence seule (variante différente);ATTENTION : rapproché sur la référence seule, la version peut différer
DCD708D1T-QW;Dewalt DCD708D1T-QW Perceuse visseuse sans fil Brushless XR 65Nm 18V 1x2Ah Batterie + Chargeur en Tstak;142,38;PACK+1X2+COFFRET+CHARGEUR;DCD708NT;DeWALT DCD708NT — DCD708NT;162,97;Perçage, vissage et boulonnage;20,59;+14 %;référence seule (variante différente);ATTENTION : rapproché sur la référence seule, la version peut différer
DCS355N;DEWALT DCS355N - Outil oscillant multi cutter 18V - sans batterie & Batterie XR 18V 4 Ah Li-Ion - Compatible Avec Tous L;189,22;OUTIL+1X4;DCS355NT-XJ;DeWALT DCS355NT-XJ — Outil multifonctions oscillant 18V XR Brushless (solo, TSTAK);163,50;Outils multifonctions;25,72;−14 %;référence seule (variante différente);mon prix est SOUS le prix idealo — ATTENTION : rapproché sur la référence seule, la version peut différer
DCH133NT;DEWALT DCH133NT;196,00;PACK;DCH133N;DeWALT DCH133N — DCH133N;223,87;Perforateurs;27,87;+14 %;référence seule (variante différente);ATTENTION : rapproché sur la référence seule, la version peut différer
DCH133NT-XJ;DEWALT - Perforateur-Burineur SDS-PLUS Brushless 2.6J 18V - DCH133NT-XJ - Sans Fil avec Coffret TSTAK et Débrayage de Sé;195,88;PACK+COFFRET;DCH133N;DeWALT DCH133N — DCH133N;223,87;Perforateurs;27,99;+14 %;référence seule (variante différente);ATTENTION : rapproché sur la référence seule, la version peut différer
DCV517;DeWalt DCV 517 Aspirateur à main sans fil 18 V 1,9 L + 1x batterie 5,0 Ah - sans chargeur;199,85;PACK+1X5.0+CHARGEUR;DCV517N-XJ;DeWALT DCV517N-XJ — DCV517N-XJ;170,99;Aspirateurs;28,86;−14 %;référence seule (variante différente);mon prix est SOUS le prix idealo — ATTENTION : rapproché sur la référence seule, la version peut différer
DCS369NT-XJ;DEWALT DCS369NT-XJ Scie Sabre Compacte - XR 18V - Brushless - Sans Batterie Ni Chargeur & Batterie XR 18V 4 Ah Li-Ion - ;212,73;PACK+1X4+CHARGEUR;DCS369NT-XJ;DeWALT DCS369NT-XJ — Scie sabre 18V DCS369NT-XJ;242,41;Scies;29,68;+14 %;référence seule (variante différente);ATTENTION : rapproché sur la référence seule, la version peut différer
DCS369N;DeWalt DCS 369 N Akku Sbelsge Reciprosge 18 V Brushless + 1x Batterie 4,0 Ah - sans chargeur;212,14;PACK+1X4.0+CHARGEUR;DCS369NT-XJ;DeWALT DCS369NT-XJ — Scie sabre 18V DCS369NT-XJ;242,41;Scies;30,27;+14 %;référence seule (variante différente);ATTENTION : rapproché sur la référence seule, la version peut différer
DCE530N-XJ;Décapeur Thermique 18V DCE530N-XJ + 1 batterie 18V 5 Ah + 1 chargeur DCB1104-QW DEWALT;209,90;PACK+1X5+CHARGEUR;DCE530N-XJ;DeWALT DCE530N-XJ — Décapeur Thermique 18V DCE530N-XJ;180,90;Accessoires;29,00;−14 %;référence seule (variante différente);mon prix est SOUS le prix idealo — ATTENTION : rapproché sur la référence seule, la version peut différer
DCS331M1;DEWALT DCS331M1;282,02;PACK;DCS331N-XJ;DeWALT DCS331N-XJ — Scie sauteuse DCS331N-XJ;242,41;Scies;39,61;−14 %;référence seule (variante différente);mon prix est SOUS le prix idealo — ATTENTION : rapproché sur la référence seule, la version peut différer
DCG406M1;DeWalt DCG 406 M1 Meuleuse d'angle sans fil 18V 125mm Brushless + 1x batterie 4,0Ah + chargeur + TSTAK;297,28;PACK+1X4.0+COFFRET+CHARGEUR;DCG406N-XJ;DeWALT DCG406N-XJ — Meuleuse Ø125 mm DCG406N-XJ;254,68;Meulage, découpe et polissage;42,60;−14 %;référence seule (variante différente);mon prix est SOUS le prix idealo — ATTENTION : rapproché sur la référence seule, la version peut différer
DCK266M2T;DeWalt Combo Kit DCK266M2T (2 x 4,0 Ah + chargeur + T-stak box);328,71;PACK+2X4.0+COFFRET+CHARGEUR;DCK266NT;DeWALT DCK266NT — DCK266NT Perceuse visseuse à percussion (DCD796) Visseuse à chocs (DCF887) - (sans batterie ni chargeur) en TSTAK;281,28;Combos;47,43;−14 %;référence seule (variante différente);mon prix est SOUS le prix idealo — ATTENTION : rapproché sur la référence seule, la version peut différer
DCW220P2;DEWALT DCW220P2;446,22;PACK;DCW220NT-XJ;DeWALT DCW220NT-XJ — Ponceuse à bande 18V DCW220NT-XJ;384,04;Meulage, découpe et polissage;62,18;−14 %;référence seule (variante différente);mon prix est SOUS le prix idealo — ATTENTION : rapproché sur la référence seule, la version peut différer
DCN930N;Cloueuse sans fil DeWalt DCN 930 N 18 V 50 - 90 mm sans balais + 1 batterie 5,0 Ah - sans chargeur;543,64;PACK+1X5.0+CHARGEUR;DCN930N;DeWALT DCN930N — Cloueur de charpente 18V XR Brushless 30° (machine seule);465,30;Cloueurs;78,34;−14 %;référence seule (variante différente);mon prix est SOUS le prix idealo — ATTENTION : rapproché sur la référence seule, la version peut différer
DCMCS575N;DeWalt DCMCS 575 N 54V FlexVolt 50 cm Brushless + 1x 6.0 Ah Battery – without Charger;528,06;PACK+1X6.0+CHARGEUR;DCMCS575N-XJ;DeWALT DCMCS575N-XJ — DCMCS575N-XJ;456,58;Tronçonnage et élagage;71,48;−14 %;référence seule (variante différente);mon prix est SOUS le prix idealo — ATTENTION : rapproché sur la référence seule, la version peut différer
DCS579X1-QW;Dewalt DCS579X1-QW Scie circulaire Ø190mm 54V Brushless - 1X9.0Ah Batterie FlexVolt + chargeur en T-STAK;554,16;PACK+1X9.0+COFFRET+CHARGEUR;DCS579NT-XJ;DeWALT DCS579NT-XJ — Scie circulaire 54V Ø190 mm DCS579NT-XJ;476,21;Scies;77,95;−14 %;référence seule (variante différente);mon prix est SOUS le prix idealo — ATTENTION : rapproché sur la référence seule, la version peut différer
DCB1104P1-QW;Dewalt DCB1104P1-QW Pack 1 X 5.0 Ah Batterie - XR - 18V - Li-Ion + Chargeur;95,34;PACK+1X5.0+CHARGEUR;DCB1104-QW;DeWALT DCB1104-QW — Chargeur 12V/18V DCB1104-QW;82,38;Batteries et chargeurs;12,96;−14 %;référence seule (variante différente);mon prix est SOUS le prix idealo — ATTENTION : rapproché sur la référence seule, la version peut différer
DCS520T1-QW;Dewalt DCS520T1-QW Scie circulaire plongeante 54V XR FLEXVOLT - 1 batterie 54V 6.0Ah, chargeur, coffret;693,19;PACK+1X6.0+COFFRET+CHARGEUR;DCS520NT-XJ;DeWALT DCS520NT-XJ — Scie circulaire plongeante 18/54V XR FlexVolt Ø165 mm (machine seule, coffret TSTAK);597,64;Scies;95,55;−14 %;référence seule (variante différente);mon prix est SOUS le prix idealo — ATTENTION : rapproché sur la référence seule, la version peut différer
DCK327P2T;Pack de 3 outils 18V DCK327P2T (DCH263/DCG405/DCD791) + 2 batteries 5 Ah + chargeur en coffret TSTAK - DEWALT;819,76;PACK+1X5+COFFRET+CHARGEUR;DCK327P2T;DeWALT DCK327P2T — DCK327P2T;708,49;Combos;111,27;−14 %;référence seule (variante différente);mon prix est SOUS le prix idealo — ATTENTION : rapproché sur la référence seule, la version peut différer
DCD777D2T;DEWALT DCD777D2T;172,00;PACK;DCD777NT;DeWALT DCD777NT — Perceuse-visseuse 18V DCD777NT;150,11;Perçage, vissage et boulonnage;21,89;−13 %;référence seule (variante différente);mon prix est SOUS le prix idealo — ATTENTION : rapproché sur la référence seule, la version peut différer
D25133K;DeWalt D25133K Perforateur Sds-Plus 3 Modes - 26 mm Filaire - 800W - Vitesse à Vide 0-1500 tr/Min & Coffret de 100 Pièce;172,46;PACK+COFFRET;D25133K;DeWALT D25133K — D25133K;194,47;Perforateurs;22,01;+13 %;référence seule (variante différente);ATTENTION : rapproché sur la référence seule, la version peut différer
DCS367N;DeWALT DCS367N-XJ — Scie sabre compacte 18V XR Brushless (machine seule);182,12;OUTIL;DCS367N-XJ;DeWALT DCS367N-XJ — Scie sabre compacte 18V XR Brushless (machine seule);204,95;Scies;22,83;+13 %;référence + variante;
DCF809D1;DeWalt DCF 809 D1 Clé à choc sans fil 18 V 190 Nm 1/4'' Brushless + 1x batterie 2,0 Ah + chargeur;184,83;PACK+1X2.0+CHARGEUR;DCF809NT;DeWALT DCF809NT — DCF809NT;161,65;Perçage, vissage et boulonnage;23,18;−13 %;référence seule (variante différente);mon prix est SOUS le prix idealo — ATTENTION : rapproché sur la référence seule, la version peut différer
DCC018N-XJ;Gonfleur 18V XR DCC018N-XJ + 1 batterie 18V 5 Ah + 1 chargeur DCB1104-QW DEWALT;233,90;PACK+1X5+CHARGEUR;DCC018N;DeWALT DCC018N — DCC018N;202,98;Accessoires;30,92;−13 %;référence seule (variante différente);mon prix est SOUS le prix idealo — ATTENTION : rapproché sur la référence seule, la version peut différer
DCD996D1;DeWalt DCD 996 D1 Perceuse-visseuse à percussion sans fil 18V 95Nm Brushless + 1x batterie 2,0 Ah + chargeur;244,27;PACK+1X2.0+CHARGEUR;DCD996N;DeWALT DCD996N — Perceuse à percussion 18V XR Brushless (machine seule);212,06;Perçage, vissage et boulonnage;32,21;−13 %;référence seule (variante différente);mon prix est SOUS le prix idealo — ATTENTION : rapproché sur la référence seule, la version peut différer
DCMPP568P1;DeWALT - Sécateur sans fil 18V, 1 batterie 5.0 Ah XR, chargeur DCMPP568P1;240,06;PACK+1X5.0+CHARGEUR;DCMPP568N-XJ;DeWALT DCMPP568N-XJ — Sécateur 18V DCMPP568N-XJ;207,88;Tronçonnage et élagage;32,18;−13 %;référence seule (variante différente);mon prix est SOUS le prix idealo — ATTENTION : rapproché sur la référence seule, la version peut différer
DCD740D2-QW;Dewalt DCD740D2-QW Perceuse dangle 18V - 2 X 2.0Ah Batreries + chargeur en Tstak;255,42;PACK+2X2.0+COFFRET+CHARGEUR;DCD740;DeWALT DCD740 — DCD740;222,44;Perçage, vissage et boulonnage;32,98;−13 %;référence seule (variante différente);mon prix est SOUS le prix idealo — ATTENTION : rapproché sur la référence seule, la version peut différer
DCD740NT;Perceuse d'angle sans fil Dewalt DCD 740 NT 18 V 33 Nm + 1 batterie 4,0 Ah + TSTAK - sans chargeur;257,12;PACK+1X4.0+COFFRET+CHARGEUR;DCD740;DeWALT DCD740 — DCD740;222,44;Perçage, vissage et boulonnage;34,68;−13 %;référence seule (variante différente);mon prix est SOUS le prix idealo — ATTENTION : rapproché sur la référence seule, la version peut différer
DCS575;DeWALT DCS575N-XJ — DCS575N-XJ Scie Circulaire XR Flexvolt 54V Brushless 190 mm sans Batterie ni Chargeur, Jaune, Taille Unique;407,44;OUTIL+CHARGEUR;DCS575N-XJ;DeWALT DCS575N-XJ — DCS575N-XJ Scie Circulaire XR Flexvolt 54V Brushless 190 mm sans Batterie ni Chargeur, Jaune, Taille Unique;460,99;Scies;53,55;+13 %;référence + variante;
DCS575NT;DEWALT DCS575NT;407,44;PACK;DCS575N-XJ;DeWALT DCS575N-XJ — DCS575N-XJ Scie Circulaire XR Flexvolt 54V Brushless 190 mm sans Batterie ni Chargeur, Jaune, Taille Unique;460,99;Scies;53,55;+13 %;référence seule (variante différente);ATTENTION : rapproché sur la référence seule, la version peut différer
DCLE34031D1-QW;DEWALT DCLE34031D1-QW;441,58;PACK;DCLE34031N-XJ;DeWALT DCLE34031N-XJ — DCLE34031N-XJ;498,14;Accessoires;56,56;+13 %;référence seule (variante différente);ATTENTION : rapproché sur la référence seule, la version peut différer
DCN930N;Cloueuse sans fil DeWalt DCN 930 N 18 V 50 - 90 mm sans balais + 1 batterie 4,0 Ah - sans chargeur;537,21;PACK+1X4.0+CHARGEUR;DCN930N;DeWALT DCN930N — Cloueur de charpente 18V XR Brushless 30° (machine seule);465,30;Cloueurs;71,91;−13 %;référence seule (variante différente);mon prix est SOUS le prix idealo — ATTENTION : rapproché sur la référence seule, la version peut différer
DCH333T1;DEWALT DCH333T1;582,00;PACK;DCH333N;DeWALT DCH333N — DCH333N;507,00;Perforateurs;75,00;−13 %;référence seule (variante différente);mon prix est SOUS le prix idealo — ATTENTION : rapproché sur la référence seule, la version peut différer
DCMCST635N-XJ;Tronçonneuse 54V 35 cm DCMCST635N-XJ + 1 batterie 54V 9 Ah + 1 chargeur DCB118-QW DEWALT;587,90;PACK+1X9+CHARGEUR;DCMCST635N-XJ;DeWALT DCMCST635N-XJ — Tronçonneuse 54V 35 cm DCMCST635N-XJ;513,24;Tronçonnage et élagage;74,66;−13 %;référence seule (variante différente);mon prix est SOUS le prix idealo — ATTENTION : rapproché sur la référence seule, la version peut différer
FVK381TST2HD-QW;DeWALT Kit FVK381TST2HD-QW 54V/18V (DCH333 + DCD996 + DCG418 + 2 x 6.0 Ah + DCB118 + DS450 DWST1-75668);1260,00;PACK+2X6.0;FVK381T2-QW;DeWALT FVK381T2-QW — Kit FVK381T2-QW 54V/18V (DCH333 + DCD796 + DCG418 + 2 x 6.0 Ah + DCB118 + 2 x TSTAK II + TSTAK VI);1428,65;Quincaillerie;168,65;+13 %;référence seule (variante différente);ATTENTION : rapproché sur la référence seule, la version peut différer
DCD708P1T-QW;Dewalt DCD708P1T-QW Perceuse visseuse sans fil Brushless XR 65Nm 18V - 1x5.0Ah Batterie + Chargeur en Tstak;184,91;PACK+1X5.0+COFFRET+CHARGEUR;DCD708NT;DeWALT DCD708NT — DCD708NT;162,97;Perçage, vissage et boulonnage;21,94;−12 %;référence seule (variante différente);mon prix est SOUS le prix idealo — ATTENTION : rapproché sur la référence seule, la version peut différer
DCE530M1;Pistolet à air chaud sans fil DeWalt DCE 530 M1 18 V 530 °C + 1 batterie 4,0 Ah + 1 chargeur + buse plate et buse à réfl;204,75;PACK+1X4.0+CHARGEUR;DCE530N-XJ;DeWALT DCE530N-XJ — Décapeur Thermique 18V DCE530N-XJ;180,90;Accessoires;23,85;−12 %;référence seule (variante différente);mon prix est SOUS le prix idealo — ATTENTION : rapproché sur la référence seule, la version peut différer
DCS369N;DeWalt DCS369N Scie sabre sans fil 18V Brushless + 1x Batterie 5,0Ah - sans chargeur;216,96;PACK+1X5.0+CHARGEUR;DCS369NT-XJ;DeWALT DCS369NT-XJ — Scie sabre 18V DCS369NT-XJ;242,41;Scies;25,45;+12 %;référence seule (variante différente);ATTENTION : rapproché sur la référence seule, la version peut différer
DCS512P2-QW;DEWALT DCS512P2-QW;238,71;PACK;DCS512N;DeWALT DCS512N — DCS512N;210,91;Scies;27,80;−12 %;référence seule (variante différente);mon prix est SOUS le prix idealo — ATTENTION : rapproché sur la référence seule, la version peut différer
DCMPP568P1;DeWALT DCMPP568P1 18V XR Li-Ion Set De Sécateurs Sans Fil (1x Batterie 5.0Ah) - 38mm;237,01;PACK+1X5.0;DCMPP568N-XJ;DeWALT DCMPP568N-XJ — Sécateur 18V DCMPP568N-XJ;207,88;Tronçonnage et élagage;29,13;−12 %;référence seule (variante différente);mon prix est SOUS le prix idealo — ATTENTION : rapproché sur la référence seule, la version peut différer
DCW200M1;Dewalt DCW200M1 Ponceuse vibrante sans fil 18 V 108x115 mm + 1 x 4,0Ah Batteries + Chargeur + Coffret T-STAK;244,25;PACK+1X4.0+COFFRET+CHARGEUR;DCW200;DeWALT DCW200 — DCW200;213,96;Scies;30,29;−12 %;référence seule (variante différente);mon prix est SOUS le prix idealo — ATTENTION : rapproché sur la référence seule, la version peut différer
DCM563PB;DeWalt DCM 563 PB 18V with battery 5 Ah no charger;264,11;PACK+1X5+CHARGEUR;DCM563PB-XJ;DeWALT DCM563PB-XJ — Taille haie 18V 55 cm DCM563PB-XJ;231,32;Tronçonnage et élagage;32,79;−12 %;référence seule (variante différente);mon prix est SOUS le prix idealo — ATTENTION : rapproché sur la référence seule, la version peut différer
DCS334D1;DeWalt DCS 334D1 (1 x 2,0 Ah);279,00;PACK+1X2.0;DCS334NT-XJ;DeWALT DCS334NT-XJ — Scie sauteuse 18V DCS334NT-XJ;313,78;Scies;34,78;+12 %;référence seule (variante différente);ATTENTION : rapproché sur la référence seule, la version peut différer
DCG406;DeWalt DCG 406 18 V 125 mm Brushless Meuleuse d'angle + 1x Batterie 5 Ah + Coffret de transport TStak - sans Chargeur;289,79;PACK+1X5+COFFRET+CHARGEUR;DCG406N-XJ;DeWALT DCG406N-XJ — Meuleuse Ø125 mm DCG406N-XJ;254,68;Meulage, découpe et polissage;35,11;−12 %;référence seule (variante différente);mon prix est SOUS le prix idealo — ATTENTION : rapproché sur la référence seule, la version peut différer
DCM561PBS;Dewalt DCM 561 PBS Coupe-bordures sans fil 18 V Brushless + 1x batterie 4,0 Ah + chargeur;297,52;PACK+1X4.0+CHARGEUR;DCM561;DeWALT DCM561 — DCM561;262,81;Tronçonnage et élagage;34,71;−12 %;référence seule (variante différente);mon prix est SOUS le prix idealo — ATTENTION : rapproché sur la référence seule, la version peut différer
DCD796;DeWalt - Kit perceuse DCD796 + visseuse à Impact DCF887 & Coffret de 32 Embouts de Vissage de 25mm Robustes et Précis - ;314,08;PACK+COFFRET;DCD796NT-XJ;DeWALT DCD796NT-XJ — Perceuse visseuse à percussion 18V DCD796NT-XJ;352,09;Perçage, vissage et boulonnage;38,01;+12 %;référence seule (variante différente);ATTENTION : rapproché sur la référence seule, la version peut différer
DCD86MP2KT;DeWalt McLaren DCD86MP2KT;402,17;OUTIL;DCD86MP1T-QW;DeWALT DCD86MP1T-QW — Cordless Impact Drill/Driver DCD86MP1T-QW;352,85;Perçage, vissage et boulonnage;49,32;−12 %;référence + variante;mon prix est SOUS le prix idealo
DCF900H1T-QW;Dewalt DCF900H1T-QW Boulonneuse à chocs 18V XR 1/2 1396Nm 1X5Ah POWERSTACK en coffret TSTAK;415,29;PACK+1X5+COFFRET;DCF900NT-XJ;"DeWALT DCF900NT-XJ — Boulonneuse 18V 1/2"" DCF900NT-XJ";365,42;Perçage, vissage et boulonnage;49,87;−12 %;référence seule (variante différente);mon prix est SOUS le prix idealo — ATTENTION : rapproché sur la référence seule, la version peut différer
DCMCS575X1-QW;DEWALT DCMCS575X1-QW;517,92;PACK;DCMCS575N-XJ;DeWALT DCMCS575N-XJ — DCMCS575N-XJ;456,58;Tronçonnage et élagage;61,34;−12 %;référence seule (variante différente);mon prix est SOUS le prix idealo — ATTENTION : rapproché sur la référence seule, la version peut différer
DCN930P1-QW;Dewalt DCN930P1-QW Cloueur sans fil brushless 18V XR - 1 X 5 Ah Batterie + Chargeur;528,42;PACK+1X5+CHARGEUR;DCN930N;DeWALT DCN930N — Cloueur de charpente 18V XR Brushless 30° (machine seule);465,30;Cloueurs;63,12;−12 %;référence seule (variante différente);mon prix est SOUS le prix idealo — ATTENTION : rapproché sur la référence seule, la version peut différer
DCW604D2;DeWalt DCW 604 D2 Fraiseuse combinée sans fil 18V 55 mm + 2x batteries 2,0 Ah + 1x chargeur rapide + set de fraises 12 p;554,32;PACK+1X2.0+CHARGEUR;DCW604NT-XJ;DeWALT DCW604NT-XJ — Affleureuse - défonceuse XR 18V DCW604NT-XJ;488,75;Défonceuses;65,57;−12 %;référence seule (variante différente);mon prix est SOUS le prix idealo — ATTENTION : rapproché sur la référence seule, la version peut différer
DCN662P2-SK;DeWalt Cloueur DCN662P2-SK, 2x 5,0Ah, avec DCB1104 (DCN662P2-SK);590,00;PACK+2X5.0;DCN662NT-XJ;DeWALT DCN662NT-XJ — DCN662NT-XJ;520,34;Perçage, vissage et boulonnage;69,66;−12 %;référence seule (variante différente);mon prix est SOUS le prix idealo — ATTENTION : rapproché sur la référence seule, la version peut différer
DGN845N;DEWALT DGN845N;991,44;OUTIL;DGN845D1;DeWALT DGN845D1 — Cloueuse à gaz Dewalt C6 TRAK 1x2 Ah DGN845D1;1110,35;Perçage, vissage et boulonnage;118,91;+12 %;référence seule (variante différente);ATTENTION : rapproché sur la référence seule, la version peut différer
DCE530N;DeWalt DCE 530 N Pistolet à air chaud sans fil 18V 530C + 1x batterie 2,0Ah + réflecteur de surface - sans chargeur;162,98;PACK+1X2.0+CHARGEUR;DCE530N-XJ;DeWALT DCE530N-XJ — Décapeur Thermique 18V DCE530N-XJ;180,90;Accessoires;17,92;+11 %;référence seule (variante différente);ATTENTION : rapproché sur la référence seule, la version peut différer
DCD778D2T;DEWALT DCD778D2T;176,09;PACK;DCD778N;DeWALT DCD778N — DCD778N Perceuse à marteau mixte sans balais 18 V, 65 Nm XR Li-Ion;195,88;Perçage, vissage et boulonnage;19,79;+11 %;référence seule (variante différente);ATTENTION : rapproché sur la référence seule, la version peut différer
DCH133NT;DeWalt DCH 133 NT Marteau combiné sans fil 18V 2,6J SDS plus Brushless + 1x batterie 2,0Ah + TSTAK - sans chargeur;252,30;PACK+1X2.0+COFFRET+CHARGEUR;DCH133N;DeWALT DCH133N — DCH133N;223,87;Perforateurs;28,43;−11 %;référence seule (variante différente);mon prix est SOUS le prix idealo — ATTENTION : rapproché sur la référence seule, la version peut différer
DCS334NT;DeWalt DCS 334NT ( 1x 2,0Ah + TSTAK);282,02;PACK+1X2.0+COFFRET;DCS334NT-XJ;DeWALT DCS334NT-XJ — Scie sauteuse 18V DCS334NT-XJ;313,78;Scies;31,76;+11 %;référence seule (variante différente);ATTENTION : rapproché sur la référence seule, la version peut différer
DCD85ME2GT-QW;DEWALT DCD85ME2GT-QW;329,99;OUTIL;DCD85MM2T;DeWALT DCD85MM2T — McLaren DCD85MM2T Impact Drill incl. 2nd Battery, incl. Charger;365,42;Perçage, vissage et boulonnage;35,43;+11 %;référence seule (variante différente);ATTENTION : rapproché sur la référence seule, la version peut différer
DWH161P2;DeWalt DWH 161 P2 Aspirateur universel à batterie 18 V 0,21 l Brushless + 2x batterie 5,0 Ah + chargeur;368,26;PACK+1X5.0+CHARGEUR;DWH161D1-QW;DeWALT DWH161D1-QW — DWH161D1-QW;328,34;Quincaillerie;39,92;−11 %;référence seule (variante différente);mon prix est SOUS le prix idealo — ATTENTION : rapproché sur la référence seule, la version peut différer
DCD81MP2T;DeWalt McLaren DCD81MP2T;389,00;PACK;DCD81MP2T;DeWALT DCD81MP2T — McLaren DCD81MP2T;431,17;Perçage, vissage et boulonnage;42,17;+11 %;référence seule (variante différente);ATTENTION : rapproché sur la référence seule, la version peut différer
DCS391NT-XJ;DEWALT - Scie Circulaire XR 18V - DCS391NT-XJ - Scie Circulaire sans Fil avec Coffret TSTAK & Meuleuse Brushless XR 18V ;404,94;PACK+COFFRET;DCS391M2-QW;DeWALT DCS391M2-QW — Scie circulaire 165 mm 18V XR (kit 2×4,0 Ah + coffret TSTAK);360,62;Scies;44,32;−11 %;référence seule (variante différente);mon prix est SOUS le prix idealo — ATTENTION : rapproché sur la référence seule, la version peut différer
DCW604P1-QW;Dewalt DCW604P1-QW Affleureuse-défonceuse XR 18V 1 x 5Ah Li-ion en coffret Tstak avec chargeur + accessoires;438,62;PACK+1X5+COFFRET+CHARGEUR;DCW604NT-XJ;DeWALT DCW604NT-XJ — Affleureuse - défonceuse XR 18V DCW604NT-XJ;488,75;Défonceuses;50,13;+11 %;référence seule (variante différente);ATTENTION : rapproché sur la référence seule, la version peut différer
DCS572H1;DeWalt DCS 572 H1 Scie circulaire portative sans fil 18 V 184 mm Brushless + 1x Powerstack batterie 5,0 Ah + chargeur;430,62;PACK+1X5.0+CHARGEUR;DCS572NT-XJ;DeWALT DCS572NT-XJ — Scie circulaire 18V Ø184 mm DCS572NT-XJ;384,04;Scies;46,58;−11 %;référence seule (variante différente);mon prix est SOUS le prix idealo — ATTENTION : rapproché sur la référence seule, la version peut différer
DCW604NT;DeWalt DCW 604 NT Fraiseuse combinée sans fil 18V 55mm + set de fraises 12 pcs. en TSTAK (DCW604NT);440,97;PACK+COFFRET;DCW604NT-XJ;DeWALT DCW604NT-XJ — Affleureuse - défonceuse XR 18V DCW604NT-XJ;488,75;Défonceuses;47,78;+11 %;référence seule (variante différente);ATTENTION : rapproché sur la référence seule, la version peut différer
DCN680D2;DEWALT DCN680D2;509,89;PACK;DCN680NT-XJ;DeWALT DCN680NT-XJ — Cloueur de finition 18 Ga 18V DCN680NT-XJ;568,51;Cloueurs;58,62;+11 %;référence seule (variante différente);ATTENTION : rapproché sur la référence seule, la version peut différer
DCMST922N-XJ;Débroussailleuse à fil xr flexvolt 54V Brushless - sans batterie ni chargeur - DEWALT - DCMST922N-XJ;508,36;PACK+CHARGEUR;DCMST922N-XJ;DeWALT DCMST922N-XJ — Débroussailleuse 54V DCMST922N-XJ DEWALT;562,25;Tronçonnage et élagage;53,89;+11 %;référence seule (variante différente);ATTENTION : rapproché sur la référence seule, la version peut différer
DCMCST632X1;DEWALT DCMCST632X1;617,90;PACK;DCMCST632N-XJ;DeWALT DCMCST632N-XJ — Tronçonneuse à Batterie Top-Handle 30cm, 54V (DCMCST632N-XJ);550,08;Tronçonnage et élagage;67,82;−11 %;référence seule (variante différente);mon prix est SOUS le prix idealo — ATTENTION : rapproché sur la référence seule, la version peut différer
DCN682D2;DEWALT DCN682D2;634,00;PACK;DCN682N;DeWALT DCN682N — DCN682N;567,31;Perçage, vissage et boulonnage;66,69;−11 %;référence seule (variante différente);mon prix est SOUS le prix idealo — ATTENTION : rapproché sur la référence seule, la version peut différer
FVK381T3-QW;DeWALT Kit FVK381T3-QW 54V/18V (DCH333 + DCD796 + DCG418 + 3 x 6.0 Ah + DCB118 + 2 x TSTAK II + TSTAK VI);1283,00;PACK+3X6.0+COFFRET;FVK381T2-QW;DeWALT FVK381T2-QW — Kit FVK381T2-QW 54V/18V (DCH333 + DCD796 + DCG418 + 2 x 6.0 Ah + DCB118 + 2 x TSTAK II + TSTAK VI);1428,65;Quincaillerie;145,65;+11 %;référence seule (variante différente);ATTENTION : rapproché sur la référence seule, la version peut différer
DCS355D1;DEWALT DCS355D1;181,16;PACK;DCS355NT-XJ;DeWALT DCS355NT-XJ — Outil multifonctions oscillant 18V XR Brushless (solo, TSTAK);163,50;Outils multifonctions;17,66;−10 %;référence seule (variante différente);ATTENTION : rapproché sur la référence seule, la version peut différer
DCMHT520N-XJ;Taille haie 18V 20 cm DCMHT520N-XJ + 1 batterie 18V 5 Ah + chargeur DCB1104-QW DEWALT;193,90;PACK+1X5+CHARGEUR;DCMHT520N-XJ;DeWALT DCMHT520N-XJ — DCMHT520N-XJ;174,66;Tronçonnage et élagage;19,24;−10 %;référence seule (variante différente);ATTENTION : rapproché sur la référence seule, la version peut différer
DCD996N;DeWalt DCD 996 N Perceuse-visseuse à percussion sans fil 18 V 95 Nm Brushless + 1x batterie 4,0 Ah - sans chargeur;234,63;PACK+1X4.0+CHARGEUR;DCD996N;DeWALT DCD996N — Perceuse à percussion 18V XR Brushless (machine seule);212,06;Perçage, vissage et boulonnage;22,57;−10 %;référence seule (variante différente);ATTENTION : rapproché sur la référence seule, la version peut différer
DCF504D1;DEWALT DCF504D1;281,36;PACK;DCF504;DeWALT DCF504 — DCF504;252,90;Perçage, vissage et boulonnage;28,46;−10 %;référence seule (variante différente);mon prix est SOUS le prix idealo — ATTENTION : rapproché sur la référence seule, la version peut différer
DCMCS565P1-QW;DEWALT DCMCS565P1-QW;283,00;PACK;DCMCS565N-XJ;DeWALT DCMCS565N-XJ — Tronçonneuse 18V 30cm DCMCS565N-XJ;310,10;Tronçonnage et élagage;27,10;+10 %;référence seule (variante différente);ATTENTION : rapproché sur la référence seule, la version peut différer
DCF891N;DEWALT DCF891N;307,96;PACK;DCF891NT-XJ;"DeWALT DCF891NT-XJ — Boulonneuse à chocs 1/2"" 18V XR Brushless (machine seule, coffret TSTAK)";277,02;Perçage, vissage et boulonnage;30,94;−10 %;référence seule (variante différente);mon prix est SOUS le prix idealo — ATTENTION : rapproché sur la référence seule, la version peut différer
DCF860D2T;Clé à chocs DeWALT DCF860D2T (2 x 2,0 Ah + DCB1102 + TSTAK II);320,00;PACK+2X2.0+COFFRET;DCF860N-XJ;DeWALT DCF860N-XJ — DCF860N-XJ;286,82;Perçage, vissage et boulonnage;33,18;−10 %;référence seule (variante différente);mon prix est SOUS le prix idealo — ATTENTION : rapproché sur la référence seule, la version peut différer
DCF860P1;Vis à choc DeWALT DCF860P1 (1 x 5,0 Ah + DCB1104 + TSTAK II);320,00;PACK+1X5.0+COFFRET;DCF860N-XJ;DeWALT DCF860N-XJ — DCF860N-XJ;286,82;Perçage, vissage et boulonnage;33,18;−10 %;référence seule (variante différente);mon prix est SOUS le prix idealo — ATTENTION : rapproché sur la référence seule, la version peut différer
DCF860E1T-QW;Dewalt DCF860E1T-QW Visseuse à chocs XR 282Nm 18V 1 x 1,7Ah PowerStack + chargeur en Coffret TSTAK;319,74;PACK+1X1.7+COFFRET+CHARGEUR;DCF860N-XJ;DeWALT DCF860N-XJ — DCF860N-XJ;286,82;Perçage, vissage et boulonnage;32,92;−10 %;référence seule (variante différente);mon prix est SOUS le prix idealo — ATTENTION : rapproché sur la référence seule, la version peut différer
DCF860P1T-QW;Dewalt DCF860P1T-QW Visseuse à chocs XR 282Nm 18V 1 x 5.0Ah batterie + chargeur en Coffret TSTAK;318,71;PACK+1X5.0+COFFRET+CHARGEUR;DCF860N-XJ;DeWALT DCF860N-XJ — DCF860N-XJ;286,82;Perçage, vissage et boulonnage;31,89;−10 %;référence seule (variante différente);mon prix est SOUS le prix idealo — ATTENTION : rapproché sur la référence seule, la version peut différer
DCS335NT;DeWalt DCS 335 NT Scie sauteuse sans fil 18V + 1x Batterie 5,0 Ah + Coffret TSTAK - sans chargeur;330,46;PACK+1X5.0+COFFRET+CHARGEUR;DCS335N-XJ;DeWALT DCS335N-XJ — Scie sauteuse 18V DCS335N-XJ;297,72;Scies;32,74;−10 %;référence seule (variante différente);ATTENTION : rapproché sur la référence seule, la version peut différer
DCS334D2T;DeWalt DCS 334 D2T + 2x 2.0 Ah Batteries + Charger + TSTAK;349,49;PACK+2X2.0+COFFRET+CHARGEUR;DCS334NT-XJ;DeWALT DCS334NT-XJ — Scie sauteuse 18V DCS334NT-XJ;313,78;Scies;35,71;−10 %;référence seule (variante différente);mon prix est SOUS le prix idealo — ATTENTION : rapproché sur la référence seule, la version peut différer
DCGG571M1-QW;DEWALT - Pompe A Graisse Electrique Sur Batterie XR 18V 4Ah Li-Ion - DCGG571M1-QW - Sans Fil - Pompe Graisse Avec Batter;367,69;PACK+1X4;DCGG571NK-XJ;DeWALT DCGG571NK-XJ — DCGG571NK-XJ;330,37;Meulage, découpe et polissage;37,32;−10 %;référence seule (variante différente);mon prix est SOUS le prix idealo — ATTENTION : rapproché sur la référence seule, la version peut différer
DCE581N-XJ;Pistolet à mastic XR 18V - tube long et support cartouche DCE581N-XJ;379,00;ACCESSOIRE;DCE581NK;DeWALT DCE581NK — DCE581NK;417,76;Accessoires;38,76;+10 %;référence seule (variante différente);ATTENTION : rapproché sur la référence seule, la version peut différer
DCMPH566N-XJ;DEWALT - Taille-Haies sur Perche Brushless XR 18V 5Ah Li-ION - DCMPH566N-XJ - Taille Haie Électrique sans Fil - Capacité;409,89;OUTIL+1X5;DCMPH566N-XJ-XJ;DeWALT DCMPH566N-XJ-XJ — Taille haie sur perche orientable 18V DCMPH566N-XJ-XJ;450,40;Tronçonnage et élagage;40,51;+10 %;référence seule (variante différente);ATTENTION : rapproché sur la référence seule, la version peut différer
DCS383N-XJ;Scie circulaire 18V Ø184 mm DCS383N-XJ + 1 batterie 18V 5 Ah + 1 chargeur DCB1104-QW DEWALT;574,90;PACK+1X5+CHARGEUR;DCS383N-XJ;DeWALT DCS383N-XJ — Scie circulaire 18V Ø184 mm DCS383N-XJ;630,19;Scies;55,29;+10 %;référence seule (variante différente);ATTENTION : rapproché sur la référence seule, la version peut différer
DCN45RND2-QW;DEWALT DCN45RND2-QW;667,51;PACK;DCN45;DeWALT DCN45 — DCN45;733,54;Perçage, vissage et boulonnage;66,03;+10 %;référence seule (variante différente);ATTENTION : rapproché sur la référence seule, la version peut différer
DCLE05211R;DeWALT DCLE05211R — DCLE05211R;930,00;PACK;DCLE05211R;DeWALT DCLE05211R — DCLE05211R;1021,09;Accessoires;91,09;+10 %;référence seule (variante différente);ATTENTION : rapproché sur la référence seule, la version peut différer
DCD150X2-QW;Carotteuse XR FLEXVOLT 54V Brushless 54V 9Ah- DCD150X2-QW DEWALT;1679,90;PACK+1X9;DCD150NK-XJ;DeWALT DCD150NK-XJ — DCD150NK-XJ;1509,35;Perçage, vissage et boulonnage;170,55;−10 %;référence seule (variante différente);mon prix est SOUS le prix idealo — ATTENTION : rapproché sur la référence seule, la version peut différer
DCD708N;DeWalt DCD 708 N Perceuse-visseuse sans fil 18 V 65 Nm Brushless + 1x batterie 5,0 Ah - sans chargeur;149,48;PACK+1X5.0+CHARGEUR;DCD708NT;DeWALT DCD708NT — DCD708NT;162,97;Perçage, vissage et boulonnage;13,49;+9 %;référence seule (variante différente);ATTENTION : rapproché sur la référence seule, la version peut différer
D25134K;Perforateur-burineur SDS+ 800W 2.8 J en coffret TSTAK - DEWALT D25134K;191,59;PACK+COFFRET;D25134K;DeWALT D25134K — Perforateur burineur SDS-Plus 800W 2,8 J (coffret TSTAK);208,82;Perforateurs;17,23;+9 %;référence seule (variante différente);ATTENTION : rapproché sur la référence seule, la version peut différer
DCC018N;DeWalt DCC018N Gonfleur sans fil 18V 11bar KFZ + 1x Batterie 2,0Ah + Chargeur;223,38;PACK+1X2.0+CHARGEUR;DCC018N;DeWALT DCC018N — DCC018N;202,98;Accessoires;20,40;−9 %;référence seule (variante différente);ATTENTION : rapproché sur la référence seule, la version peut différer
DCW210P1;DeWalt DCW 210 P1 ( 1 x 5,0 Ah in TSTAK);267,39;PACK+1X5.0+COFFRET;DCW210N-XJ;DeWALT DCW210N-XJ — Ponceuse Ø125 mm 18V DCW210N-XJ;242,41;Meulage, découpe et polissage;24,98;−9 %;référence seule (variante différente);ATTENTION : rapproché sur la référence seule, la version peut différer
DCD796;DEWALT - Kit 2 Outils avec Perceuse-Visseuse Percussion Compact DCD796 et Visseuse à Chocs DCF887, XR 18V, 5Ah - DCK266P;324,08;PACK+1X5;DCD796NT-XJ;DeWALT DCD796NT-XJ — Perceuse visseuse à percussion 18V DCD796NT-XJ;352,09;Perçage, vissage et boulonnage;28,01;+9 %;référence seule (variante différente);ATTENTION : rapproché sur la référence seule, la version peut différer
DCH273D2;DeWalt DCH 273 D2 18 V Brushless Perforateur sans fil SDS-Plus avec boîtier TSTAK + 2x Batteries DCB 183 2,0 Ah + Charge;378,17;PACK+1X2.0+COFFRET;DCH273P1T-QW;DeWALT DCH273P1T-QW — Perforateur burineur SDS-Plus 18V XR (1×5,0 Ah + chargeur + coffret);412,73;Perforateurs;34,56;+9 %;référence seule (variante différente);ATTENTION : rapproché sur la référence seule, la version peut différer
DCGG581P1G-QW;DEWALT Pompe à graisse double vitesse XR 18V 5Ah - DCGG581P1G-QW;414,90;OUTIL+1X5;DCGG581N-XJ;DeWALT DCGG581N-XJ — Pompe à graisse 18V DCGG581N-XJ DEWALT;377,86;Accessoires;37,04;−9 %;référence seule (variante différente);ATTENTION : rapproché sur la référence seule, la version peut différer
DCF961NT;"DeWalt DCF 961 NT Clé à choc sans fil 18 V 1632 Nm 1/2"" Brushless + 1x batterie Powerstack 5,0 Ah + TSTAK - sans chargeu";471,35;PACK+1X5.0+COFFRET;DCF961NT-XJ;"DeWALT DCF961NT-XJ — Boulonneuse 18V 1/2"" DCF961NT-XJ";513,24;Perçage, vissage et boulonnage;41,89;+9 %;référence seule (variante différente);ATTENTION : rapproché sur la référence seule, la version peut différer
DCN681D2;DEWALT DCN681D2;514,00;PACK;DCN681N;DeWALT DCN681N — DCN681N;468,23;Perçage, vissage et boulonnage;45,77;−9 %;référence seule (variante différente);ATTENTION : rapproché sur la référence seule, la version peut différer
DCD1007H2T-QW;DEWALT DCD1007H2T-QW;496,27;PACK;DCD1007NT-XJ;DeWALT DCD1007NT-XJ — Perceuse-visseuse à percussion 18V DCD1007NT-XJ;450,40;Perçage, vissage et boulonnage;45,87;−9 %;référence seule (variante différente);ATTENTION : rapproché sur la référence seule, la version peut différer
DCW620NT;DeWalt DCW 620 NT Défonceuse sans fil 18 V 12 mm Brushless + 1 batterie 5,0 Ah + TSTAK - sans chargeur;540,43;PACK+1X5.0+COFFRET+CHARGEUR;DCW620NT-XJ;DeWALT DCW620NT-XJ — Défonceuse XR 18V DCW620NT-XJ;587,27;Défonceuses;46,84;+9 %;référence seule (variante différente);ATTENTION : rapproché sur la référence seule, la version peut différer
DCW620NT-XJ;Défonceuse XR 18V DCW620NT-XJ + 1 batterie 18V 5 Ah + 1 Chargeur DCB1104-QW DEWALT;539,90;PACK+1X5+CHARGEUR;DCW620NT-XJ;DeWALT DCW620NT-XJ — Défonceuse XR 18V DCW620NT-XJ;587,27;Défonceuses;47,37;+9 %;référence seule (variante différente);ATTENTION : rapproché sur la référence seule, la version peut différer
DNW3190E;DeWalt DNW3190E Clou à 34 degrés pour Cloueuses sans Fil, clous à tête en D, relié par fil 3,1 x 90 mm lisse, paquet de ;114,38;PACK;DNW3190E;DeWALT DNW3190E — Clous 34º, lisse, 90 mm, 2200 pièces - DNW3190E;124,99;Quincaillerie;10,61;+9 %;référence seule (variante différente);ATTENTION : rapproché sur la référence seule, la version peut différer
DCS355NT;DeWALT DCS355NT-XJ — Outil multifonctions oscillant 18V XR Brushless (solo, TSTAK);150,83;OUTIL+COFFRET;DCS355NT-XJ;DeWALT DCS355NT-XJ — Outil multifonctions oscillant 18V XR Brushless (solo, TSTAK);163,50;Outils multifonctions;12,67;+8 %;référence + variante;
DCF801D2;DEWALT DCF801D2;178,42;PACK;DCF801N-XJ;DeWALT DCF801N-XJ — DCF801N-XJ;164,10;Perçage, vissage et boulonnage;14,32;−8 %;référence seule (variante différente);ATTENTION : rapproché sur la référence seule, la version peut différer
DCB546XR;DeWalt Starter Set DCB546XR 6.0 Ah + DCB118T1XR 18 V;189,65;PACK+1X6.0;DCB546-XJ;DeWALT DCB546-XJ — Batterie XR 18V-54V 6Ah-2Ah Flexvolt DCB546-XJ;205,50;Batteries et chargeurs;15,85;+8 %;référence seule (variante différente);ATTENTION : rapproché sur la référence seule, la version peut différer
DCF887NT;DeWALT DCF887NT-XJ — Visseuse à chocs 18V DCF887NT-XJ;87,59;OUTIL;DCF887N;"DeWALT DCF887N — Visseuse a chocs 1/4"" XR 18V (outil nu)";94,48;Perçage, vissage et boulonnage;6,89;+8 %;référence + variante;
XR18V;DEWALT Perceuse Visseuse à Percussion Brushless XR 18V Li-Ion 2Ah + DEWALT Coffret TOUGHCASE 25 Pièces, Embouts de Vissa;204,89;PACK+1X2+COFFRET;XR18V;DeWALT XR18V — Souffleur Brushless XR 18V 5Ah Li-ION - Souffleur Électrique Portable sans Fil & Recharge de Fil Coupe Bordure 2,;188,89;Quincaillerie;16,00;−8 %;référence seule (variante différente);ATTENTION : rapproché sur la référence seule, la version peut différer
DCW200D1;Dewalt DCW200D1 Ponceuse vibrante sans fil 18 V 108x115 mm + 1 x 2,0Ah Batteries + Chargeur + Coffret T-STAK;232,45;PACK+1X2.0+COFFRET+CHARGEUR;DCW200;DeWALT DCW200 — DCW200;213,96;Scies;18,49;−8 %;référence seule (variante différente);ATTENTION : rapproché sur la référence seule, la version peut différer
DCB132;DeWalt Power Set FlexVolt (1 x 54V/18V 6,0 Ah + DCB132);236,00;PACK+1X6.0;DCB132;DeWALT DCB132 — Chargeur double 18-54V DCB132;217,82;Batteries et chargeurs;18,18;−8 %;référence seule (variante différente);ATTENTION : rapproché sur la référence seule, la version peut différer
DCV501LN-XJ;Aspirateur à main 18V DCV501LN-XJ + 1 batterie 18V 5 Ah + chargeur DCB1104-QW DEWALT;250,90;PACK+1X5+CHARGEUR;DCV501LN-XJ;DeWALT DCV501LN-XJ — Aspirateur à main 18V DCV501LN-XJ;231,32;Aspirateurs;19,58;−8 %;référence seule (variante différente);ATTENTION : rapproché sur la référence seule, la version peut différer
DCF887M2;"DEWALT DCF887M2 20V MAX XR Li-Ion 4.0 Ah Brushless 0.25"" 3-Speed Impact Driver Kit";288,24;PACK+1X4.0;DCF887P2;"DeWALT DCF887P2 — Visseuse a chocs 1/4"" XR 18V (2x5Ah + chargeur + TSTAK)";310,37;Perçage, vissage et boulonnage;22,13;+8 %;référence seule (variante différente);ATTENTION : rapproché sur la référence seule, la version peut différer
DCM849N;DeWalt DCM 849 N Polisseuse excentrique sans fil 18 V 180 mm Brushless + 1x batterie 2,0 Ah - sans chargeur;309,09;PACK+1X2.0+CHARGEUR;DCM849;DeWALT DCM849 — DCM849;333,74;Meulage, découpe et polissage;24,65;+8 %;référence seule (variante différente);ATTENTION : rapproché sur la référence seule, la version peut différer
DCN701D2-SK;DEWALT DCN701D2-SK;370,00;PACK;DCN701N;DeWALT DCN701N — DCN701N;339,84;Perçage, vissage et boulonnage;30,16;−8 %;référence seule (variante différente);ATTENTION : rapproché sur la référence seule, la version peut différer
DCG404NT-XJ;Meuleuse Ø125 mm 18V DCG404NT-XJ + 1 batterie 18V 5 Ah + chargeur DCB1104-QW DEWALT;368,90;PACK+1X5+CHARGEUR;DCG404;DeWALT DCG404 — DCG404;341,03;Meulage, découpe et polissage;27,87;−8 %;référence seule (variante différente);ATTENTION : rapproché sur la référence seule, la version peut différer
DCB107;DeWalt Power Set 1 x 18V 5,0 Ah + DCB107 (6143);90,00;PACK+1X5.0;DCB107-QW;DeWALT DCB107-QW — Chargeur 10.8-18V DCB107-QW;82,38;Batteries et chargeurs;7,62;−8 %;référence seule (variante différente);ATTENTION : rapproché sur la référence seule, la version peut différer
DCLE15211R-QW;Niveau laser rotatif double pente - faisceaux rouges - USB-C - DEWALT - DCLE15211R-QW;1378,81;OUTIL;DCLE15211R-QW;DeWALT DCLE15211R-QW — Niveau laser rotatif double pente faisceaux rouges USB-C 600m IP66 DCLE15211R-QW;1273,66;Accessoires;105,15;−8 %;référence + variante;
DCLE15221GL-QW;Pack pro niveau laser rotatif simple pente - faisceaux verts - USB-C - DEWALT - DCLE15221GL-QW;1894,66;PACK;DCLE15221G-QW;DeWALT DCLE15221G-QW — Niveau laser rotatif simple pente faisceaux verts USB-C 600m IP66 DCLE15221G-QW;2053,39;Accessoires;158,73;+8 %;référence seule (variante différente);ATTENTION : rapproché sur la référence seule, la version peut différer
DNPT31R90HDZ;Pointes crantées galvanisées à chaud DEWALT 3,1 x 90 mm - Boite de 1200 - DNPT31R90HDZ;115,28;PACK;DNPT31R90G12Z;DeWALT DNPT31R90G12Z — DNPT31R90G12Z 34° Clous lisses 3,1 x 90 mm 2200 pièces;123,96;Quincaillerie;8,68;+8 %;référence seule (variante différente);ATTENTION : rapproché sur la référence seule, la version peut différer
DWST08061-1;DeWalt DWST08061-1 Boîte à outils avec lampes intégrées 395 x 352 x 255 mm ToughSystem 2.0 + 1x batterie 5,0 Ah - sans c;278,57;PACK+1X5.0+COFFRET;DWST08061-1;DeWALT DWST08061-1 — DWST08061-1;256,08;Quincaillerie;22,49;−8 %;référence seule (variante différente);ATTENTION : rapproché sur la référence seule, la version peut différer
DWST08061-1;DeWalt DWST08061-1 Boîte à outils avec lampes intégrées 395 x 352 x 255 mm ToughSystem 2.0 + 1x batterie Powerstack 1,7 ;276,96;PACK+COFFRET;DWST08061-1;DeWALT DWST08061-1 — DWST08061-1;256,08;Quincaillerie;20,88;−8 %;référence seule (variante différente);ATTENTION : rapproché sur la référence seule, la version peut différer
DCB115P2;DeWalt Starter-Kit DCB115P2;158,24;PACK;DCB115E2-QW;DeWALT DCB115E2-QW — 2 Batteries Powerstack XR 18V 1.7Ah ( DCB115E2-QW );168,53;Batteries et chargeurs;10,29;+7 %;référence seule (variante différente);ATTENTION : rapproché sur la référence seule, la version peut différer
DCD996NT;DeWALT DCD996NT-XJ — Perceuse-visseuse à percussions 18V DCD996NT-XJ;197,68;PACK;DCD996N;DeWALT DCD996N — Perceuse à percussion 18V XR Brushless (machine seule);212,06;Perçage, vissage et boulonnage;14,38;+7 %;référence seule (variante différente);ATTENTION : rapproché sur la référence seule, la version peut différer
DCD799NT-XJ;Perceuse-visseuse à percussion 18V DCD799NT-XJ + 1 batterie 18V 5 Ah + 1 Chargeur DCB1104-QW DEWALT;213,90;PACK+1X5+CHARGEUR;DCD799NT-XJ;DeWALT DCD799NT-XJ — Perceuse-visseuse à percussion 18V DCD799NT-XJ;199,34;Perçage, vissage et boulonnage;14,56;−7 %;référence seule (variante différente);ATTENTION : rapproché sur la référence seule, la version peut différer
DCH072L2;DEWALT DCH072L2;217,68;PACK;DCH072N;DeWALT DCH072N — DCH072N;232,85;Perforateurs;15,17;+7 %;référence seule (variante différente);ATTENTION : rapproché sur la référence seule, la version peut différer
DCMST561P1-QW;DEWALT DCMST561P1-QW;243,59;PACK;DCMST561N-XJ;DeWALT DCMST561N-XJ — DCMST561N-XJ;226,28;Tronçonnage et élagage;17,31;−7 %;référence seule (variante différente);ATTENTION : rapproché sur la référence seule, la version peut différer
DCS438N;DeWalt DCS 438 N Scie multifonction sans fil 18 V 76 mm Brushless + 1 batterie 2,0 Ah - sans chargeur;242,66;PACK+1X2.0+CHARGEUR;DCS438N-XJ;DeWALT DCS438N-XJ — Meuleuse Ø76 mm XR 18V DCS438N-XJ;260,77;Meulage, découpe et polissage;18,11;+7 %;référence seule (variante différente);ATTENTION : rapproché sur la référence seule, la version peut différer
DCH172;DeWalt DCH 172 18V 1 4 joules SDS Plus avec mallette;260,74;PACK+COFFRET;DCH172NT-XJ;DeWALT DCH172NT-XJ — Perforateur SDS Plus 18V DCH172NT-XJ;279,35;Perforateurs;18,61;+7 %;référence seule (variante différente);ATTENTION : rapproché sur la référence seule, la version peut différer
DCG406NT;DeWalt DCG 406 NT Meuleuse d'angle sans fil 18V 125mm Brushless + 1x batterie 5,0Ah + TSTAK - sans chargeur;274,79;PACK+1X5.0+COFFRET+CHARGEUR;DCG406N-XJ;DeWALT DCG406N-XJ — Meuleuse Ø125 mm DCG406N-XJ;254,68;Meulage, découpe et polissage;20,11;−7 %;référence seule (variante différente);ATTENTION : rapproché sur la référence seule, la version peut différer
DCG406D1;DeWalt DCG 406 D1 Meuleuse d'angle sans fil 18V 125mm brushless + batterie 2,0Ah + chargeur + TStak (DCG406D1);274,79;PACK+1X2.0+COFFRET+CHARGEUR;DCG406N-XJ;DeWALT DCG406N-XJ — Meuleuse Ø125 mm DCG406N-XJ;254,68;Meulage, découpe et polissage;20,11;−7 %;référence seule (variante différente);ATTENTION : rapproché sur la référence seule, la version peut différer
DPN75C-XJ;DeWALT DPN75C-XJ — DPN75C-XJ;358,43;OUTIL;DPN75C-XJ;DeWALT DPN75C-XJ — DPN75C-XJ;382,22;Perçage, vissage et boulonnage;23,79;+7 %;référence + variante;
DCM565P2-QW;DeWalt Tronçonneuse sans fil DCM565P2-QW (2x batterie 5 Ah + chargeur);362,72;PACK+1X5+CHARGEUR;DCM565N-XJ;DeWALT DCM565N-XJ — Tronçonneuse 18V 30 cm DCM565N-XJ;388,93;Tronçonnage et élagage;26,21;+7 %;référence seule (variante différente);ATTENTION : rapproché sur la référence seule, la version peut différer
DCS572M1;DeWalt DCS 572 M1 Scie circulaire portative sans fil 18 V 184 mm Brushless + 1x batterie 4,0 Ah + chargeur;359,94;PACK+1X4.0+CHARGEUR;DCS572NT-XJ;DeWALT DCS572NT-XJ — Scie circulaire 18V Ø184 mm DCS572NT-XJ;384,04;Scies;24,10;+7 %;référence seule (variante différente);ATTENTION : rapproché sur la référence seule, la version peut différer
DCE581D1;DEWALT DCE581D1;389,71;PACK;DCE581NK;DeWALT DCE581NK — DCE581NK;417,76;Accessoires;28,05;+7 %;référence seule (variante différente);ATTENTION : rapproché sur la référence seule, la version peut différer
DCGG581N-XJ;Pompe à graisse double vitesse xr 18V brushless - sans batterie ni chargeur - DEWALT - DCGG581N-XJ;406,79;PACK+CHARGEUR;DCGG581N-XJ;DeWALT DCGG581N-XJ — Pompe à graisse 18V DCGG581N-XJ DEWALT;377,86;Accessoires;28,93;−7 %;référence seule (variante différente);ATTENTION : rapproché sur la référence seule, la version peut différer
DCE531N-XJ;Vibrateur à béton DCE531N-XJ + 1 batterie 18V 5 Ah + 1 Chargeur DCB1104-QW DEWALT;474,90;PACK+1X5+CHARGEUR;DCE531N-XJ;DeWALT DCE531N-XJ — Vibrateur à béton DCE531N-XJ;507,24;Accessoires;32,34;+7 %;référence seule (variante différente);ATTENTION : rapproché sur la référence seule, la version peut différer
DCW620NT;DeWalt DCW 620 NT Défonceuse sans fil 18 V 12 mm Brushless + 1 batterie 4,0 Ah + TSTAK - sans chargeur;548,46;PACK+1X4.0+COFFRET+CHARGEUR;DCW620NT-XJ;DeWALT DCW620NT-XJ — Défonceuse XR 18V DCW620NT-XJ;587,27;Défonceuses;38,81;+7 %;référence seule (variante différente);ATTENTION : rapproché sur la référence seule, la version peut différer
DCK853P4-QW;Pack 10 machines DEWALT 18V 5Ah TOUGHSYSTEM avec batteries DCK853P4-QW;2049,70;PACK+1X5+COFFRET;DCK853P4;DeWALT DCK853P4 — DCK853P4;1896,13;Combos;153,57;−7 %;référence seule (variante différente);ATTENTION : rapproché sur la référence seule, la version peut différer
DCB184;DeWalt DCB 184 (18V, 5Ah);85,90;PACK+1X5;DCB184;DeWALT DCB184 — Batterie 18V XR Li-Ion 5,0 Ah (témoin de charge LED);80,39;Batteries et chargeurs;5,51;−6 %;référence seule (variante différente);ATTENTION : rapproché sur la référence seule, la version peut différer
DCV517;DeWalt DCV 517 Aspirateur à main sans fil 18 V 1,9 L + 1x batterie 2,0 Ah - sans chargeur;182,18;PACK+1X2.0+CHARGEUR;DCV517N-XJ;DeWALT DCV517N-XJ — DCV517N-XJ;170,99;Aspirateurs;11,19;−6 %;référence seule (variante différente);ATTENTION : rapproché sur la référence seule, la version peut différer
DCB115M2-QW;Kit de démarrage de batterie DeWalt DCB115M2-QW 18V Li-Ion XR 4Ah;179,99;PACK+1X4;DCB115E2-QW;DeWALT DCB115E2-QW — 2 Batteries Powerstack XR 18V 1.7Ah ( DCB115E2-QW );168,53;Batteries et chargeurs;11,46;−6 %;référence seule (variante différente);ATTENTION : rapproché sur la référence seule, la version peut différer
DCC018N;DeWalt DCC 018 N Gonfleur Sans Fil 18V 11bar, Batterie 4,0Ah (DCC018N);214,98;PACK+1X4.0;DCC018N;DeWALT DCC018N — DCC018N;202,98;Accessoires;12,00;−6 %;référence seule (variante différente);ATTENTION : rapproché sur la référence seule, la version peut différer
DCH133NT;DeWalt DCH 133 NT Marteau combiné sans fil 18 V 2,6 J SDS plus Brushless + TSTAK - sans batterie, sans chargeur;210,53;PACK+COFFRET+CHARGEUR;DCH133N;DeWALT DCH133N — DCH133N;223,87;Perforateurs;13,34;+6 %;référence seule (variante différente);ATTENTION : rapproché sur la référence seule, la version peut différer
DCMHT563N;Taille-haie sans fil Dewalt DCMHT 563 N 18 V 55 cm + 1 batterie 4,0 Ah - sans chargeur;218,00;PACK+1X4.0+CHARGEUR;DCMHT563N-XJ;DeWALT DCMHT563N-XJ — Taille haie 18V 55 cm DCMHT563N-XJ;231,32;Tronçonnage et élagage;13,32;+6 %;référence seule (variante différente);ATTENTION : rapproché sur la référence seule, la version peut différer
DCS369P1T-QW;Dewalt DCS369P1T-QW Scie sabre XR 18V 1 X 5.0 Ah batteries + chargeur en coffret;259,14;PACK+1X5.0+COFFRET+CHARGEUR;DCS369NT-XJ;DeWALT DCS369NT-XJ — Scie sabre 18V DCS369NT-XJ;242,41;Scies;16,73;−6 %;référence seule (variante différente);ATTENTION : rapproché sur la référence seule, la version peut différer
DCS369P1;Scie sabre compacte 18V XR (1x5,0 Ah) en TSTAK - DEWALT DCS369P1;259,13;PACK+1X5.0+COFFRET;DCS369NT-XJ;DeWALT DCS369NT-XJ — Scie sabre 18V DCS369NT-XJ;242,41;Scies;16,72;−6 %;référence seule (variante différente);ATTENTION : rapproché sur la référence seule, la version peut différer
DCG426N-XJ;Meuleuse droite XR 18V DCG426N-XJ + 1 batterie 18V 5 Ah + 1 Chargeur DCB1104-QW DEWALT;264,90;PACK+1X5+CHARGEUR;DCG426N-XJ;DeWALT DCG426N-XJ — Meuleuse droite XR 18V DCG426N-XJ;248,51;Meulage, découpe et polissage;16,39;−6 %;référence seule (variante différente);ATTENTION : rapproché sur la référence seule, la version peut différer
DCMHT564N-XJ;Taille haie 18V 55cm DCMHT564N-XJ + 1 batterie 18V 5 Ah + chargeur DCB1104-QW DEWALT;269,90;PACK+1X5+CHARGEUR;DCMHT564N-XJ;DeWALT DCMHT564N-XJ — Taille haie 18V 55cm DCMHT564N-XJ;254,68;Tronçonnage et élagage;15,22;−6 %;référence seule (variante différente);ATTENTION : rapproché sur la référence seule, la version peut différer
DCS356P1-QW;Dewalt DCS356P1-QW Outil multifonction 18V XR (1x5,0 Ah) en coffret T-STAK;269,81;PACK+1X5.0+COFFRET;DCS356NT-XJ;DeWALT DCS356NT-XJ — Outil multifonction 18V DCS356NT-XJ;286,80;Outils multifonctions;16,99;+6 %;référence seule (variante différente);ATTENTION : rapproché sur la référence seule, la version peut différer
DCM561PBS;Dewalt DCM 561 PBS Coupe-bordures sans fil 18V Brushless + 1x batterie 5,0Ah - sans chargeur;278,26;PACK+1X5.0+CHARGEUR;DCM561;DeWALT DCM561 — DCM561;262,81;Tronçonnage et élagage;15,45;−6 %;référence seule (variante différente);ATTENTION : rapproché sur la référence seule, la version peut différer
DCMPS567P1-QW;DeWalt Perche élagueuse sans fil DCMPS567P1-QW;293,39;PACK;DCMPS567N-XJ;DeWALT DCMPS567N-XJ — Elagueuse sur perche 18V DCMPS567N-XJ;310,10;Tronçonnage et élagage;16,71;+6 %;référence seule (variante différente);ATTENTION : rapproché sur la référence seule, la version peut différer
DCS334NT;DeWalt DCS 334NT ( 1x 5,0Ah + TSTAK);295,97;PACK+1X5.0+COFFRET;DCS334NT-XJ;DeWALT DCS334NT-XJ — Scie sauteuse 18V DCS334NT-XJ;313,78;Scies;17,81;+6 %;référence seule (variante différente);ATTENTION : rapproché sur la référence seule, la version peut différer
DCD790;DEWALT DCD790;310,38;OUTIL;DCD790D2;DeWALT DCD790D2 — DCD790D2;291,66;Perçage, vissage et boulonnage;18,72;−6 %;référence + variante;
DCS335NT;DeWalt DCS 335 NT Scie sauteuse sans fil 18V + 1x Batterie 4,0 Ah + Coffret TSTAK - sans chargeur;318,17;PACK+1X4.0+COFFRET+CHARGEUR;DCS335N-XJ;DeWALT DCS335N-XJ — Scie sauteuse 18V DCS335N-XJ;297,72;Scies;20,45;−6 %;référence seule (variante différente);ATTENTION : rapproché sur la référence seule, la version peut différer
DCN662D1-QW;Dewalt DCN662D1-QW Finisseuse sans balais 16GA XR 18V 1 x 2.0Ah Batterie, Chargeur avec coffret;488,91;PACK+1X2.0+COFFRET+CHARGEUR;DCN662NT-XJ;DeWALT DCN662NT-XJ — DCN662NT-XJ;520,34;Perçage, vissage et boulonnage;31,43;+6 %;référence seule (variante différente);ATTENTION : rapproché sur la référence seule, la version peut différer
DWE7485RS-QS;DEWALT DWE7485RS-QS;576,68;PACK;DWE7485-QS;DeWALT DWE7485-QS — DWE7485-QS;610,97;Scies;34,29;+6 %;référence seule (variante différente);ATTENTION : rapproché sur la référence seule, la version peut différer
DCLE15211RL-QW;DEWALT Laser rotatif double pente USB-C Pack Pro - DCLE15211RL-QW;1199,00;PACK;DCLE15211R-QW;DeWALT DCLE15211R-QW — Niveau laser rotatif double pente faisceaux rouges USB-C 600m IP66 DCLE15211R-QW;1273,66;Accessoires;74,66;+6 %;référence seule (variante différente);ATTENTION : rapproché sur la référence seule, la version peut différer
DCH334X2-QW;DEWALT DCH334X2-QW;1433,76;PACK;DCH334;DeWALT DCH334 — DCH334;1513,60;Perforateurs;79,84;+6 %;référence seule (variante différente);ATTENTION : rapproché sur la référence seule, la version peut différer
DCB090;DeWALT DCB090 Câble Noir, Jaune;140,95;OUTIL;DCB090-XJ;DeWALT DCB090-XJ — DCB090-XJ;148,09;Batteries et chargeurs;7,14;+5 %;référence + variante;
DCB184G-XJ;DEWALT DCB184G-XJ;84,90;OUTIL;DCB184;DeWALT DCB184 — Batterie 18V XR Li-Ion 5,0 Ah (témoin de charge LED);80,39;Batteries et chargeurs;4,51;−5 %;référence seule (variante différente);ATTENTION : rapproché sur la référence seule, la version peut différer
DCS335N;DeWalt DCS 335 N Scie Sauteuse sans Fil 18V 135mm Brushless + 1x Batterie 5,0Ah (DCS 335 N);282,82;PACK+1X5.0;DCS335N-XJ;DeWALT DCS335N-XJ — Scie sauteuse 18V DCS335N-XJ;297,72;Scies;14,90;+5 %;référence seule (variante différente);ATTENTION : rapproché sur la référence seule, la version peut différer
DCS334E1;DeWalt DCS 334 E1 Scie sauteuse oscillante sans fil 18 V Brushless + 1x Powerstack batterie 1,7 Ah + chargeur;299,45;PACK+1X1.7+CHARGEUR;DCS334NT-XJ;DeWALT DCS334NT-XJ — Scie sauteuse 18V DCS334NT-XJ;313,78;Scies;14,33;+5 %;référence seule (variante différente);ATTENTION : rapproché sur la référence seule, la version peut différer
DCMHT567P1-SK;DeWalt Taille-haie DCMHT567P1-SK 18V, 5,0Ah (DCMHT567P1-SK);310,00;OUTIL+1X5.0;DCMHT567N-XJ;DeWALT DCMHT567N-XJ — DCMHT567N-XJ;295,81;Tronçonnage et élagage;14,19;−5 %;référence seule (variante différente);ATTENTION : rapproché sur la référence seule, la version peut différer
DCS334D2;DeWalt DCS 334D2 (2 x 2,0 Ah);329,06;PACK+2X2.0;DCS334NT-XJ;DeWALT DCS334NT-XJ — Scie sauteuse 18V DCS334NT-XJ;313,78;Scies;15,28;−5 %;référence seule (variante différente);ATTENTION : rapproché sur la référence seule, la version peut différer
DCF900P1T-QW;Dewalt DCF900P1T-QW Boulonneuse à chocs 18V XR 1/2″ 1396Nm 1 X 5Ah + chargeur en coffret TSTAK;347,53;PACK+1X5+COFFRET+CHARGEUR;DCF900NT-XJ;"DeWALT DCF900NT-XJ — Boulonneuse 18V 1/2"" DCF900NT-XJ";365,42;Perçage, vissage et boulonnage;17,89;+5 %;référence seule (variante différente);ATTENTION : rapproché sur la référence seule, la version peut différer
DCF892P2T;DEWALT DCF892P2T;358,25;PACK;DCF892NT-XJ;DeWALT DCF892NT-XJ — DCF892NT-XJ;340,00;Perçage, vissage et boulonnage;18,25;−5 %;référence seule (variante différente);ATTENTION : rapproché sur la référence seule, la version peut différer
DCGG581N-XJ;Pompe à graisse 18V DCGG581N-XJ + 1 batterie 18V 5 Ah + 1 chargeur DCB1104-QW DEWALT;359,90;PACK+1X5+CHARGEUR;DCGG581N-XJ;DeWALT DCGG581N-XJ — Pompe à graisse 18V DCGG581N-XJ DEWALT;377,86;Accessoires;17,96;+5 %;référence seule (variante différente);ATTENTION : rapproché sur la référence seule, la version peut différer
DCD803M1T-QW;DeWALT DCD803M1T-QW Kit Visseuse/perceuse Sans Fil 18 V XR (1 Batterie 4,0 Ah + Chargeur);354,52;PACK+1X4.0+CHARGEUR;DCD803NT-XJ;DeWALT DCD803NT-XJ — Perceuse-visseuse à têtes multiples 18V DCD803NT-XJ;371,65;Perçage, vissage et boulonnage;17,13;+5 %;référence seule (variante différente);ATTENTION : rapproché sur la référence seule, la version peut différer
DCD803NT-XJ;Perceuse-visseuse à têtes multiples 18V DCD803NT-XJ + 1 batterie 18V 5 Ah + 1 chargeur DCB1104-QW DEWALT;353,90;PACK+1X5+CHARGEUR;DCD803NT-XJ;DeWALT DCD803NT-XJ — Perceuse-visseuse à têtes multiples 18V DCD803NT-XJ;371,65;Perçage, vissage et boulonnage;17,75;+5 %;référence seule (variante différente);ATTENTION : rapproché sur la référence seule, la version peut différer
DCS579NT;DeWalt DCS 579 NT Cordless circular saw 54 V FlexVolt 190 mm brushless + 1× 6.0 Ah battery + TSTAK without charger;454,86;PACK+1X6.0+COFFRET+CHARGEUR;DCS579NT-XJ;DeWALT DCS579NT-XJ — Scie circulaire 54V Ø190 mm DCS579NT-XJ;476,21;Scies;21,35;+5 %;référence seule (variante différente);ATTENTION : rapproché sur la référence seule, la version peut différer
DCF961P2T;Dewalt DCF961P2T Visseuse à choc sans fil 1/2 1632Nm - 2 X 5.0Ah batteries, chargeur et TSTAK;486,75;PACK+2X5.0+COFFRET+CHARGEUR;DCF961NT-XJ;"DeWALT DCF961NT-XJ — Boulonneuse 18V 1/2"" DCF961NT-XJ";513,24;Perçage, vissage et boulonnage;26,49;+5 %;référence seule (variante différente);ATTENTION : rapproché sur la référence seule, la version peut différer
DCF403E1GT;DeWalt Pistolet à riveter 18V 1x1,7Ah POWERSTACK avec chargeur et TSTAK (DCF403E1GT);544,07;PACK+1X1.7+COFFRET+CHARGEUR;DCF403NT-XJ;DeWALT DCF403NT-XJ — DCF403NT-XJ;516,41;Accessoires;27,66;−5 %;référence seule (variante différente);ATTENTION : rapproché sur la référence seule, la version peut différer
DCMPW1600N-XJ;Nettoyeur haute pression XR 2 X 18V DCMPW1600N-XJ + 2 batterie 18V 5 Ah + 1 Chargeur DCB1104-QW DEWALT;589,90;PACK+1X5+CHARGEUR;DCMPW1600N-XJ;DeWALT DCMPW1600N-XJ — Nettoyeur haute pression XR 2 X 18V DCMPW1600N-XJ;562,25;Accessoires;27,65;−5 %;référence seule (variante différente);ATTENTION : rapproché sur la référence seule, la version peut différer
DCS690X2-XJ;DEWALT DCS690X2-XJ;1188,15;PACK;DCS690N-XJ;DeWALT DCS690N-XJ — DCS690N-XJ;1133,90;Meulage, découpe et polissage;54,25;−5 %;référence seule (variante différente);ATTENTION : rapproché sur la référence seule, la version peut différer
DCS781N-XJ;Scie à onglet radiale Ø305 mm DCS781N-XJ + 1 batterie 54V 9 Ah + 1 chargeur DCB118-QW DEWALT;1149,90;PACK+1X9+CHARGEUR;DCS781N-XJ;DeWALT DCS781N-XJ — Scie à onglet radiale Ø305 mm DCS781N-XJ;1202,14;Scies;52,24;+5 %;référence seule (variante différente);ATTENTION : rapproché sur la référence seule, la version peut différer
DWST08061-1;DeWalt DWST08061-1 Boîte à outils avec lampes intégrées 395 x 352 x 255 mm ToughSystem 2.0 + 1x batterie 4,0 Ah - sans c;270,53;PACK+1X4.0+COFFRET;DWST08061-1;DeWALT DWST08061-1 — DWST08061-1;256,08;Quincaillerie;14,45;−5 %;référence seule (variante différente);ATTENTION : rapproché sur la référence seule, la version peut différer
DCF809D1T;Dewalt DCF809D1T Clé à chocs sans fil 18V - 1/4 - Brushless (sans charbon) 1 X 2,0 Ah Batterie + chargeur en coffret;155,49;ACCESSOIRE;DCF809NT;DeWALT DCF809NT — DCF809NT;161,65;Perçage, vissage et boulonnage;6,16;+4 %;référence seule (variante différente);ATTENTION : rapproché sur la référence seule, la version peut différer
DCMHT564P1-QW;DEWALT DCMHT564P1-QW;244,00;PACK;DCMHT564N-XJ;DeWALT DCMHT564N-XJ — Taille haie 18V 55cm DCMHT564N-XJ;254,68;Tronçonnage et élagage;10,68;+4 %;référence seule (variante différente);ATTENTION : rapproché sur la référence seule, la version peut différer
DCG406N;DeWalt DCG 406 N Meuleuse d'angle sans fil 18 V 125 mm Brushless + 1x batterie 5,0 Ah - sans chargeur;244,27;PACK+1X5.0+CHARGEUR;DCG406N-XJ;DeWALT DCG406N-XJ — Meuleuse Ø125 mm DCG406N-XJ;254,68;Meulage, découpe et polissage;10,41;+4 %;référence seule (variante différente);ATTENTION : rapproché sur la référence seule, la version peut différer
DCMHT563N;Taille-haie sans fil Dewalt DCMHT 563 N 18 V 55 cm + 1 batterie 5,0 Ah - sans chargeur;242,10;PACK+1X5.0+CHARGEUR;DCMHT563N-XJ;DeWALT DCMHT563N-XJ — Taille haie 18V 55 cm DCMHT563N-XJ;231,32;Tronçonnage et élagage;10,78;−4 %;référence seule (variante différente);ATTENTION : rapproché sur la référence seule, la version peut différer
DCG406N;DeWalt DCG 406 N Meuleuse d'angle sans fil 18 V 125 mm Brushless + 1x batterie 4,0 Ah - sans chargeur;245,87;PACK+1X4.0+CHARGEUR;DCG406N-XJ;DeWALT DCG406N-XJ — Meuleuse Ø125 mm DCG406N-XJ;254,68;Meulage, découpe et polissage;8,81;+4 %;référence seule (variante différente);ATTENTION : rapproché sur la référence seule, la version peut différer
DCF860D1T-QW;Dewalt DCF860D1T-QW Visseuse à chocs XR 282Nm 18V 1 x 2.0Ah batterie + chargeur en Coffret TSTAK;276,88;PACK+1X2.0+COFFRET+CHARGEUR;DCF860N-XJ;DeWALT DCF860N-XJ — DCF860N-XJ;286,82;Perçage, vissage et boulonnage;9,94;+4 %;référence seule (variante différente);ATTENTION : rapproché sur la référence seule, la version peut différer
DCV584L-QW;DeWalt - Aspirateur de Chantier Classe L - DCV584L-QW - Aspirateur 7,5L sur Secteur ou Batteries XR & Souffleur Compact ;283,80;PACK;DCV584L;DeWALT DCV584L — Aspirateur eau et poussière 18/54V FLEXVOLT ou secteur (classe L);294,40;Aspirateurs;10,60;+4 %;référence seule (variante différente);ATTENTION : rapproché sur la référence seule, la version peut différer
DCS334D1T;DeWalt DCS 334 D1T Scie sauteuse 18V sans balais + 1x Batterie 2,0 Ah + Chargeur + TSTAK;301,30;PACK+1X2.0+COFFRET+CHARGEUR;DCS334NT-XJ;DeWALT DCS334NT-XJ — Scie sauteuse 18V DCS334NT-XJ;313,78;Scies;12,48;+4 %;référence seule (variante différente);ATTENTION : rapproché sur la référence seule, la version peut différer
DCF860D2T-QW;Dewalt DCF860D2T-QW Visseuse à chocs XR 282Nm 18V 2 x 2.0Ah batteries + chargeur en Coffret TSTAK;297,54;PACK+2X2.0+COFFRET+CHARGEUR;DCF860N-XJ;DeWALT DCF860N-XJ — DCF860N-XJ;286,82;Perçage, vissage et boulonnage;10,72;−4 %;référence seule (variante différente);ATTENTION : rapproché sur la référence seule, la version peut différer
DCG420N-XJ;Meuleuse droite compacte XR 18V DCG420N-XJ + 1 batterie 18V 5 Ah + 1 Chargeur DCB1104-QW DEWALT;328,90;PACK+1X5+CHARGEUR;DCG420N-XJ;DeWALT DCG420N-XJ — Meuleuse droite compacte XR 18V DCG420N-XJ;340,90;Meulage, découpe et polissage;12,00;+4 %;référence seule (variante différente);ATTENTION : rapproché sur la référence seule, la version peut différer
DCS334D2;DeWalt DCS 334 D2 + 2x 2.0 Ah Batteries + Charger;326,76;PACK+2X2.0+CHARGEUR;DCS334NT-XJ;DeWALT DCS334NT-XJ — Scie sauteuse 18V DCS334NT-XJ;313,78;Scies;12,98;−4 %;référence seule (variante différente);ATTENTION : rapproché sur la référence seule, la version peut différer
DCD805P2LRT-QW;Perceuse visseuse percussion compacte XR DEWALT DCD805P2LRT-QW 18V 2X5Ah Li-Ion Brushless - lanière de sécurité;385,80;PACK+2X5;DCD805NT-XJ;DeWALT DCD805NT-XJ — Perceuse-visseuse à percussion 18V DCD805NT-XJ;401,42;Perçage, vissage et boulonnage;15,62;+4 %;référence seule (variante différente);ATTENTION : rapproché sur la référence seule, la version peut différer
DCW604P1;DeWalt DCW 604 P1 (1 x batterie 5 Ah);468,28;PACK+1X5;DCW604NT-XJ;DeWALT DCW604NT-XJ — Affleureuse - défonceuse XR 18V DCW604NT-XJ;488,75;Défonceuses;20,47;+4 %;référence seule (variante différente);ATTENTION : rapproché sur la référence seule, la version peut différer
DCN662D2-QW;DEWALT DCN662D2-QW;499,75;PACK;DCN662NT-XJ;DeWALT DCN662NT-XJ — DCN662NT-XJ;520,34;Perçage, vissage et boulonnage;20,59;+4 %;référence seule (variante différente);ATTENTION : rapproché sur la référence seule, la version peut différer
DCF964P1T;Dewalt DCF964P1T Clé à chocs sans fil 18V Brushless 3/4 - 1 batterie 5.0Ah + chargeur + coffret T-STAK;499,13;PACK+1X5.0+COFFRET+CHARGEUR;DCF964N-XJ;DeWALT DCF964N-XJ — DCF964N-XJ;476,84;Perçage, vissage et boulonnage;22,29;−4 %;référence seule (variante différente);ATTENTION : rapproché sur la référence seule, la version peut différer
DCF403D1-QW;Dewalt DCF403D1-QW Riveteuse sans fil 18 V 2.4-4.8mm - 1X2.0Ah Batterie + chargeur en T-STAK;498,23;PACK+1X2.0+COFFRET+CHARGEUR;DCF403NT-XJ;DeWALT DCF403NT-XJ — DCF403NT-XJ;516,41;Accessoires;18,18;+4 %;référence seule (variante différente);ATTENTION : rapproché sur la référence seule, la version peut différer
DCF403D2-QW;Dewalt DCF403D2-QW Riveteuse sans fil 18 V 2.4-4.8mm - 2X2.0Ah Batteries + chargeur en T-STAK;538,42;PACK+2X2.0+COFFRET+CHARGEUR;DCF403NT-XJ;DeWALT DCF403NT-XJ — DCF403NT-XJ;516,41;Accessoires;22,01;−4 %;référence seule (variante différente);ATTENTION : rapproché sur la référence seule, la version peut différer
D27113-QS;DEWALT Scie a onglet D27113-QS + Lame de scie circulaire stationnaire Extreme Workshop 305x30mm, 60 dents;754,66;PACK;D27113;DeWALT D27113 — D27113;781,91;Meulage, découpe et polissage;27,25;+4 %;référence seule (variante différente);ATTENTION : rapproché sur la référence seule, la version peut différer
DNBA1644SZ;DeWALT Clous pour cloueurs de finition sans fil SS, inoxydable, 44 mm, 2500 pièces - DNBA1644SZ;134,13;OUTIL;DNBA1644SZ;DeWALT DNBA1644SZ — DNBA1644SZ Clous 20, Gris, Taille SS 44mm, Set de 2500 Pièces;128,34;Quincaillerie;5,79;−4 %;référence + variante;
DWST08061-1;DeWalt DWST08061-1 Boîte à outils avec lampes intégrées 395 x 352 x 255 mm ToughSystem 2.0 + 1x batterie 2,0 Ah - sans c;265,72;PACK+1X2.0+COFFRET;DWST08061-1;DeWALT DWST08061-1 — DWST08061-1;256,08;Quincaillerie;9,64;−4 %;référence seule (variante différente);ATTENTION : rapproché sur la référence seule, la version peut différer
DCB1104D1;DeWalt DCB 1104 D1;85,22;PACK;DCB1104-QW;DeWALT DCB1104-QW — Chargeur 12V/18V DCB1104-QW;82,38;Batteries et chargeurs;2,84;−3 %;référence seule (variante différente);ATTENTION : rapproché sur la référence seule, la version peut différer
DCMHT520D1;DEWALT DCMHT520D1;169,90;PACK;DCMHT520N-XJ;DeWALT DCMHT520N-XJ — DCMHT520N-XJ;174,66;Tronçonnage et élagage;4,76;+3 %;référence seule (variante différente);ATTENTION : rapproché sur la référence seule, la version peut différer
DCV517B;DEWALT DCV517B Baretool 20V MAX Cordless 1/2 gallon Wet/Dry Portable Vac Kit (Tool Only);165,34;PACK;DCV517N-XJ;DeWALT DCV517N-XJ — DCV517N-XJ;170,99;Aspirateurs;5,65;+3 %;référence seule (variante différente);ATTENTION : rapproché sur la référence seule, la version peut différer
DCE530N;Pistolet à air chaud sans fil 18V 530°C + 1x batterie 4,0Ah + buse de surface et buse réflectrice DeWalt DCE 530 N - san;175,83;PACK+1X4.0;DCE530N-XJ;DeWALT DCE530N-XJ — Décapeur Thermique 18V DCE530N-XJ;180,90;Accessoires;5,07;+3 %;référence seule (variante différente);ATTENTION : rapproché sur la référence seule, la version peut différer
DCS312D2;DEWALT DCS312D2;197,76;PACK;DCS312N-XJ;DeWALT DCS312N-XJ — DCS312N-XJ;203,38;Scies;5,62;+3 %;référence seule (variante différente);ATTENTION : rapproché sur la référence seule, la version peut différer
DCS331D1;DeWalt DCS 331 D1 Scie sauteuse sans fil 18 V + 1x batterie 2,0 Ah + chargeur;235,03;PACK+1X2.0+CHARGEUR;DCS331N-XJ;DeWALT DCS331N-XJ — Scie sauteuse DCS331N-XJ;242,41;Scies;7,38;+3 %;référence seule (variante différente);ATTENTION : rapproché sur la référence seule, la version peut différer
DCG406N-XJ;DEWALT Meuleuse XR 18V Brushless 125mm - Interrupteur à Palette & Clé de Service Inclus, DCG406N-XJ & Batterie XR 18V 4 ;248,03;PACK;DCG406N-XJ;DeWALT DCG406N-XJ — Meuleuse Ø125 mm DCG406N-XJ;254,68;Meulage, découpe et polissage;6,65;+3 %;référence seule (variante différente);ATTENTION : rapproché sur la référence seule, la version peut différer
DCF860D1T;Clé à chocs DeWALT DCF860D1T (1 x 2,0 Ah + DCB1102 + TSTAK II);279,00;PACK+1X2.0+COFFRET;DCF860N-XJ;DeWALT DCF860N-XJ — DCF860N-XJ;286,82;Perçage, vissage et boulonnage;7,82;+3 %;référence seule (variante différente);ATTENTION : rapproché sur la référence seule, la version peut différer
DCG408NT-XJ;Meuleuse Ø125 mm 18V DCG408NT-XJ + 1 batterie 18V 5 Ah + 1 Chargeur DCB1104-QW DEWALT;294,90;PACK+1X5+CHARGEUR;DCG408NT-XJ;DeWALT DCG408NT-XJ — Meuleuse Ø125 mm 18V DCG408NT-XJ;285,53;Meulage, découpe et polissage;9,37;−3 %;référence seule (variante différente);ATTENTION : rapproché sur la référence seule, la version peut différer
DCMHT567P1-QW;DEWALT DCMHT567P1-QW;303,59;PACK;DCMHT567N-XJ;DeWALT DCMHT567N-XJ — DCMHT567N-XJ;295,81;Tronçonnage et élagage;7,78;−3 %;référence seule (variante différente);ATTENTION : rapproché sur la référence seule, la version peut différer
DCF900P2T;DEWALT DCF900P2T;353,47;PACK;DCF900NT-XJ;"DeWALT DCF900NT-XJ — Boulonneuse 18V 1/2"" DCF900NT-XJ";365,42;Perçage, vissage et boulonnage;11,95;+3 %;référence seule (variante différente);ATTENTION : rapproché sur la référence seule, la version peut différer
DCM565N-XJ;DEWALT - Tronçonneuse Élagueuse Brushless XR 18V - DCM565N-XJ & Taille-Haies Brushless XR 18V 5Ah Li-Ion - DCMHT563N-XJ ;379,14;OUTIL+1X5;DCM565N-XJ;DeWALT DCM565N-XJ — Tronçonneuse 18V 30 cm DCM565N-XJ;388,93;Tronçonnage et élagage;9,79;+3 %;référence seule (variante différente);ATTENTION : rapproché sur la référence seule, la version peut différer
DCE581NK;DeWalt DCE 581 NK Pistolet à cartouche sans fil 18 V 310 ml + 1x batterie 5,0 Ah + mallette - sans chargeur;403,87;PACK+1X5.0+COFFRET+CHARGEUR;DCE581NK;DeWALT DCE581NK — DCE581NK;417,76;Accessoires;13,89;+3 %;référence seule (variante différente);ATTENTION : rapproché sur la référence seule, la version peut différer
DCF961NT-XJ;"Boulonneuse 18V 1/2"" DCF961NT-XJ + 1 batterie 18V 5 Ah POWERSTACK + 1 chargeur DCB1104-QW DEWALT";529,90;PACK+1X5+CHARGEUR;DCF961NT-XJ;"DeWALT DCF961NT-XJ — Boulonneuse 18V 1/2"" DCF961NT-XJ";513,24;Perçage, vissage et boulonnage;16,66;−3 %;référence seule (variante différente);ATTENTION : rapproché sur la référence seule, la version peut différer
DCF414D1-QW;Dewalt DCF414D1-QW Riveteuse sans fil 18 V 4.8-6.4mm - 1X2.0Ah Batterie + chargeur en T-STAK;693,49;PACK+1X2.0+COFFRET+CHARGEUR;DCF414;DeWALT DCF414 — DCF414;716,68;Accessoires;23,19;+3 %;référence seule (variante différente);ATTENTION : rapproché sur la référence seule, la version peut différer
DCF414D2-QW;Dewalt DCF414D2-QW Riveteuse sans fil 18 V 4.8-6.4mm - 2X2.0Ah Batteries + chargeur en T-STAK;736,41;PACK+2X2.0+COFFRET+CHARGEUR;DCF414;DeWALT DCF414 — DCF414;716,68;Accessoires;19,73;−3 %;référence seule (variante différente);ATTENTION : rapproché sur la référence seule, la version peut différer
DCS727T2-QW;DEWALT DCS727T2-QW;984,00;PACK;DCS727N;DeWALT DCS727N — DCS727N;1009,39;Scies;25,39;+3 %;référence seule (variante différente);ATTENTION : rapproché sur la référence seule, la version peut différer
DCB184;Batterie de remplacement 100% originale 20V 6.0Ah MAX pour outils électriques DeWalt DCB184 DCB181 DCB182 DCB200 20V 5A ;81,69;ACCESSOIRE;DCB184;DeWALT DCB184 — Batterie 18V XR Li-Ion 5,0 Ah (témoin de charge LED);80,39;Batteries et chargeurs;1,30;−2 %;référence seule (variante différente);ATTENTION : rapproché sur la référence seule, la version peut différer
DCF809D2T-QW;DEWALT DCF809D2T-QW;158,44;PACK;DCF809NT;DeWALT DCF809NT — DCF809NT;161,65;Perçage, vissage et boulonnage;3,21;+2 %;référence seule (variante différente);ATTENTION : rapproché sur la référence seule, la version peut différer
DWE492DUO2;DEWALT DWE492DUO2;183,12;PACK;DWE492-QS;DeWALT DWE492-QS — DWE492-QS;178,82;Meulage, découpe et polissage;4,30;−2 %;référence seule (variante différente);ATTENTION : rapproché sur la référence seule, la version peut différer
XR18V;DEWALT Multi-Cutter XR 18V, Coffret TSTAK, sans Batterie ni Chargeur + Lame 65x43mm Large pour Multi-Cutter;184,57;PACK+COFFRET+CHARGEUR;XR18V;DeWALT XR18V — Souffleur Brushless XR 18V 5Ah Li-ION - Souffleur Électrique Portable sans Fil & Recharge de Fil Coupe Bordure 2,;188,89;Quincaillerie;4,32;+2 %;référence seule (variante différente);ATTENTION : rapproché sur la référence seule, la version peut différer
DCF620D1T-QW;Dewalt DCF620D1T-QW Visseuse placo à batteries 18V XR Li-Ion set ( 1x batterie 2,0Ah + chargeur) dans TSTAK;199,77;PACK+1X2.0+COFFRET+CHARGEUR;DCF620NT-XJ;DeWALT DCF620NT-XJ — Visseuse à placo 18V XR (solo, coffret TSTAK);196,75;Perçage, vissage et boulonnage;3,02;−2 %;référence seule (variante différente);ATTENTION : rapproché sur la référence seule, la version peut différer
DCB546T2-XJ;DEWALT DCB546T2-XJ;209,90;PACK;DCB546-XJ;DeWALT DCB546-XJ — Batterie XR 18V-54V 6Ah-2Ah Flexvolt DCB546-XJ;205,50;Batteries et chargeurs;4,40;−2 %;référence seule (variante différente);ATTENTION : rapproché sur la référence seule, la version peut différer
DCF903P1;DEWALT DCF903P1;237,59;PACK;DCF903B;DeWALT DCF903B — DCF903B XTREME 12V MAX Brushless 3/8 in. Cordless Impact Wrench (Tool Only);241,92;Perçage, vissage et boulonnage;4,33;+2 %;référence seule (variante différente);ATTENTION : rapproché sur la référence seule, la version peut différer
DCS438N;Scie multifonction sans fil DeWalt DCS 438 N 18 V 76 mm Brushless + 1 batterie 4,0 Ah - sans chargeur;255,51;PACK+1X4.0+CHARGEUR;DCS438N-XJ;DeWALT DCS438N-XJ — Meuleuse Ø76 mm XR 18V DCS438N-XJ;260,77;Meulage, découpe et polissage;5,26;+2 %;référence seule (variante différente);ATTENTION : rapproché sur la référence seule, la version peut différer
DCS335NT;DeWalt DCS 335 NT Scie sauteuse sans fil 18V + 1x Batterie 2,0 Ah + Coffret de transport , sans chargeur;305,32;PACK+1X2.0+COFFRET+CHARGEUR;DCS335N-XJ;DeWALT DCS335N-XJ — Scie sauteuse 18V DCS335N-XJ;297,72;Scies;7,60;−2 %;référence seule (variante différente);ATTENTION : rapproché sur la référence seule, la version peut différer
DCS334E1T;DeWalt DCS 334 E1T Scie sauteuse orbital à batterie 18 V Brushless + 1x batterie Powerstack 1,7 Ah + chargeur + TSTAK;321,67;PACK+1X1.7+COFFRET+CHARGEUR;DCS334NT-XJ;DeWALT DCS334NT-XJ — Scie sauteuse 18V DCS334NT-XJ;313,78;Scies;7,89;−2 %;référence seule (variante différente);ATTENTION : rapproché sur la référence seule, la version peut différer
DCM849E1;DEWALT DCM849E1;341,22;PACK;DCM849;DeWALT DCM849 — DCM849;333,74;Meulage, découpe et polissage;7,48;−2 %;référence seule (variante différente);ATTENTION : rapproché sur la référence seule, la version peut différer
DCE590N;Aspirateur sans fil DeWalt DCE 590 N 18 V 120 kg + 1 batterie 4,0 Ah - sans chargeur;422,59;PACK+1X4.0+CHARGEUR;DCE590N-XJ;DeWALT DCE590N-XJ — Ventouse à vide d'air 18V DCE590N-XJ;414,76;Accessoires;7,83;−2 %;référence seule (variante différente);ATTENTION : rapproché sur la référence seule, la version peut différer
D27111-QS;Scie à onglet radiale et à table Ø305 mm D27111-QS + Piètement DE7023-XJ DEWALT;1129,90;PACK;D27111;DeWALT D27111 — D27111;1102,96;Scies;26,94;−2 %;référence seule (variante différente);ATTENTION : rapproché sur la référence seule, la version peut différer
FVK381TST3HD-QW;DeWALT Kit FVK381TST3HD-QW 54V/18V (DCH333 + DCD996 + DCG418 + 3 x 6.0 Ah + DCB118 + DS450 DWST1-75668);1399,00;PACK+3X6.0;FVK381T2-QW;DeWALT FVK381T2-QW — Kit FVK381T2-QW 54V/18V (DCH333 + DCD796 + DCG418 + 2 x 6.0 Ah + DCB118 + 2 x TSTAK II + TSTAK VI);1428,65;Quincaillerie;29,65;+2 %;référence seule (variante différente);ATTENTION : rapproché sur la référence seule, la version peut différer
DCF601D2-QW;DEWALT DCF601D2-QW;165,99;PACK;DCF601N;DeWALT DCF601N — DCF601N;168,24;Accessoires;2,25;+1 %;référence seule (variante différente);ATTENTION : rapproché sur la référence seule, la version peut différer
DCMPP568P1-QW;DEWALT DCMPP568P1-QW;210,06;PACK;DCMPP568N-XJ;DeWALT DCMPP568N-XJ — Sécateur 18V DCMPP568N-XJ;207,88;Tronçonnage et élagage;2,18;−1 %;référence seule (variante différente);ATTENTION : rapproché sur la référence seule, la version peut différer
DWE494TWIN;DEWALT DWE494TWIN;229,99;PACK;DWE494-QS;DeWALT DWE494-QS — DWE494-QS;233,16;Meulage, découpe et polissage;3,17;+1 %;référence seule (variante différente);ATTENTION : rapproché sur la référence seule, la version peut différer
DCD701B;DEWALT DCD701B;229,91;OUTIL;DCD701D2;DeWALT DCD701D2 — DCD701D2;231,52;Perçage, vissage et boulonnage;1,61;+1 %;référence + variante;
DCD703L2T-QW;DEWALT DCD703L2T-QW;229,52;PACK;DCD703NT;DeWALT DCD703NT — DCD703NT;226,20;Perçage, vissage et boulonnage;3,32;−1 %;référence seule (variante différente);ATTENTION : rapproché sur la référence seule, la version peut différer
DCW210D1;Dewalt DCW210D1 Ponceuse excentrique 125 mm 18V Brushless + en TSTAK + 1 X 2,0 Ah Batteries + Chargeur;239,41;PACK+1X2.0+COFFRET+CHARGEUR;DCW210N-XJ;DeWALT DCW210N-XJ — Ponceuse Ø125 mm 18V DCW210N-XJ;242,41;Meulage, découpe et polissage;3,00;+1 %;référence seule (variante différente);ATTENTION : rapproché sur la référence seule, la version peut différer
DCF503D1-QW;DEWALT DCF503D1-QW;257,95;PACK;DCF503N-XJ;DeWALT DCF503N-XJ — DCF503N-XJ;254,95;Perçage, vissage et boulonnage;3,00;−1 %;référence seule (variante différente);ATTENTION : rapproché sur la référence seule, la version peut différer
DCS438N;DeWalt DCS 438 N Scie multifonction sans fil 18 V 76 mm Brushless + 1 batterie 5,0 Ah - sans chargeur;258,43;PACK+1X5.0+CHARGEUR;DCS438N-XJ;DeWALT DCS438N-XJ — Meuleuse Ø76 mm XR 18V DCS438N-XJ;260,77;Meulage, découpe et polissage;2,34;+1 %;référence seule (variante différente);ATTENTION : rapproché sur la référence seule, la version peut différer
DCS356NT-XJ;Outil multifonction 18V DCS356NT-XJ + 1 batterie 18V 5 Ah + chargeur DCB1104-QW DEWALT;284,90;PACK+1X5+CHARGEUR;DCS356NT-XJ;DeWALT DCS356NT-XJ — Outil multifonction 18V DCS356NT-XJ;286,80;Outils multifonctions;1,90;+1 %;référence seule (variante différente);ATTENTION : rapproché sur la référence seule, la version peut différer
DCS335D1;DeWalt DCS 335 D1 Scie sauteuse sans fil 18 V 135 mm Brushless + 1x batterie 2,0 Ah + chargeur;302,10;PACK+1X2.0+CHARGEUR;DCS335N-XJ;DeWALT DCS335N-XJ — Scie sauteuse 18V DCS335N-XJ;297,72;Scies;4,38;−1 %;référence seule (variante différente);ATTENTION : rapproché sur la référence seule, la version peut différer
DCE580D1-QW;DEWALT DCE580D1-QW;384,00;PACK;DCE580N-XJ;DeWALT DCE580N-XJ — DCE580N-XJ;386,56;Accessoires;2,56;+1 %;référence seule (variante différente);ATTENTION : rapproché sur la référence seule, la version peut différer
DCE590N;Aspirateur sans fil DeWalt DCE 590 N 18 V 120 kg + 1 batterie 2,0 Ah - sans chargeur;409,74;PACK+1X2.0+CHARGEUR;DCE590N-XJ;DeWALT DCE590N-XJ — Ventouse à vide d'air 18V DCE590N-XJ;414,76;Accessoires;5,02;+1 %;référence seule (variante différente);ATTENTION : rapproché sur la référence seule, la version peut différer
DCE590N;Aspirateur sans fil DeWalt DCE 590 N 18 V 120 kg + 1 batterie 5,0 Ah - sans chargeur;411,58;PACK+1X5.0+CHARGEUR;DCE590N-XJ;DeWALT DCE590N-XJ — Ventouse à vide d'air 18V DCE590N-XJ;414,76;Accessoires;3,18;+1 %;référence seule (variante différente);ATTENTION : rapproché sur la référence seule, la version peut différer
DCK327P2T;DEWALT 18V XR DCK327P2T - Coffret TSTAK - 2x 5Ah + chargeur;698,81;PACK+2X5+COFFRET+CHARGEUR;DCK327P2T;DeWALT DCK327P2T — DCK327P2T;708,49;Combos;9,68;+1 %;référence seule (variante différente);ATTENTION : rapproché sur la référence seule, la version peut différer
DCF620D1;DEWALT DCF620D1;196,07;PACK;DCF620NT-XJ;DeWALT DCF620NT-XJ — Visseuse à placo 18V XR (solo, coffret TSTAK);196,75;Perçage, vissage et boulonnage;0,68;+0 %;référence seule (variante différente);ATTENTION : rapproché sur la référence seule, la version peut différer
DCF921NT;"DeWalt DCF 921 NT Clé à choc sans fil 18 V 400 Nm 1/2"" Brushless + TSTAK - sans batterie, sans chargeur";207,32;PACK+COFFRET+CHARGEUR;DCF921N-XJ;DeWALT DCF921N-XJ — DCF921N-XJ;206,95;Perçage, vissage et boulonnage;0,37;−0 %;référence seule (variante différente);ATTENTION : rapproché sur la référence seule, la version peut différer
DCMBL562P1-QW;DEWALT DCMBL562P1-QW;218,68;PACK;DCMBL562N-XJ;DeWALT DCMBL562N-XJ — Souffleur 18V DCMBL562N-XJ;217,82;Tronçonnage et élagage;0,86;−0 %;référence seule (variante différente);ATTENTION : rapproché sur la référence seule, la version peut différer
DCG406NT;DeWalt DCG 406 NT Meuleuse d'Angle sans Fil 18V 125mm Brushless + 2,0Ah + TSTAK (DCG406NT);255,06;PACK+1X2.0+COFFRET;DCG406N-XJ;DeWALT DCG406N-XJ — Meuleuse Ø125 mm DCG406N-XJ;254,68;Meulage, découpe et polissage;0,38;−0 %;référence seule (variante différente);ATTENTION : rapproché sur la référence seule, la version peut différer
DCS438N;DeWalt DCS 438 N Cisaille multi-matériaux sans fil 18 V 76 mm Brushless + 1x batterie Powerstack 1,7 Ah - sans chargeur;261,94;PACK+1X1.7+CHARGEUR;DCS438N-XJ;DeWALT DCS438N-XJ — Meuleuse Ø76 mm XR 18V DCS438N-XJ;260,77;Meulage, découpe et polissage;1,17;−0 %;référence seule (variante différente);ATTENTION : rapproché sur la référence seule, la version peut différer
DCS335N-XJ;DEWALT Scie Sauteuse Sans Fil 18V - Sans Batterie ni Chargeur DCS335N-XJ & Outil Oscillant Multi Cutter 18V Sans Fil Bru;297,32;PACK+CHARGEUR;DCS335N-XJ;DeWALT DCS335N-XJ — Scie sauteuse 18V DCS335N-XJ;297,72;Scies;0,40;+0 %;référence seule (variante différente);ATTENTION : rapproché sur la référence seule, la version peut différer
DCS572P1-QW;Dewalt DCS572P1-QW Scie circulaire XR 18V 184 mm - 1 X 5.0 Ah batterie + chargeur en coffret;384,61;PACK+1X5.0+COFFRET+CHARGEUR;DCS572NT-XJ;DeWALT DCS572NT-XJ — Scie circulaire 18V Ø184 mm DCS572NT-XJ;384,04;Scies;0,57;−0 %;référence seule (variante différente);ATTENTION : rapproché sur la référence seule, la version peut différer
DCH274P1T;DEWALT DCH274P1T;432,00;PACK;DCH274N;DeWALT DCH274N — DCH274N;433,44;Perforateurs;1,44;+0 %;référence seule (variante différente);ATTENTION : rapproché sur la référence seule, la version peut différer
DCF899P3T;Clé à chocs DeWALT DCF899P3T (3 x 5,0 Ah + DCB115 + TSTAK II);432,00;PACK+3X5.0+COFFRET;DCF899P2;"DeWALT DCF899P2 — Boulonneuse à chocs 1/2"" 18V XR 950 Nm (2×5,0 Ah + chargeur + coffret TSTAK)";431,24;Perçage, vissage et boulonnage;0,76;−0 %;référence seule (variante différente);ATTENTION : rapproché sur la référence seule, la version peut différer
