Famille;Rayon;Référence;Titre;Prix idealo (€);Pack;Type;Voltage;Coffret;Ah;Nb outils;Nb batteries;Nb pièces;Édition limitée;Origine;Signal de classement;Clé de doublon;Niveau de clé;Variante;Doublons fusionnés;Réf. fiche du site;Prix actuel du site (€)
Électro portatif;percage;DCD796N;DeWALT DCD796N-XJ — Perceuse visseuse à percussion 18V DCD796N-XJ;75,85;seul;perceuse-visseuse;;AUCUN;;;0;;;reconnu;famille:machine;REF:DCD796|NU;référence;NU;17;DCD796N-XJ;161,52
Électro portatif;percage;DCD708N-XJ;DeWALT DCD708NT — DCD708NT;74,38;seul;perceuse-visseuse;;AUCUN;;;0;;;reconnu;famille:machine;REF:DCD708|NU;référence;NU;8;DCD708NT;162,97
Électro portatif;vissage-choc;DW0521;DeWALT Dw0521 Quick Connect Impact Driver Conversion Mandrin;76,00;seul;visseuse à chocs;;AUCUN;;;;;;inconnu;famille:machine;REF:DW0521|NU;référence;NU;1;;
Électro portatif;mesure;DCL183;DEWALT DCL183;75,28;seul;lampe;6;AUCUN;;;;;;inconnu;famille:machine;REF:DCL183|NU;référence;NU;1;;
Électro portatif;meulage;DWE4056;DEWALT DWE4056;75,00;seul;meuleuse d'angle;;AUCUN;;;;;;inconnu;famille:machine;REF:DWE4056|NU;référence;NU;1;;
Électro portatif;percage;DCD701;DEWALT DCD701;74,82;seul;perceuse-visseuse;;AUCUN;;;;;;inconnu;famille:machine;REF:DCD701|NU;référence;NU;3;;
Électro portatif;batterie;DCB206;Batterie d'outil électrique 100% originale DeWALT 20V 6000mAh DCB206 DCB205 DCB200 DCF887 DCG405 DCD791 DCF922 DCF850 DC;75,39;pack;batterie;20;;6;;1;;;sans-ref;famille:energie;REF:DCB206|NU;référence;NU;15;;
Électro portatif;batterie;;Batterie Dewalt 20V d'origine, batterie 5AH 6AH, batterie pour outils électriques DeWalt DCF DCD DCG DCS DWE, livraison ;74,69;pack;batterie;20;;6;;1;;;sans-ref;famille:energie;TIT:batterie 20v d origine batterie 5ah 6ah batterie pour outils lectriques dcf dcd dcg dcs dwe livraison;titre;1X5;8;;
Électro portatif;batterie;DCB606;Batterie DeWALT 100% originale 20V/60V 6Ah 9Ah MAX FlexVolt pour outil électrique DCB606 DCB205 DCB206 DCB209 DCB182 ave;74,39;pack;batterie;60;;9;;1;;;sans-ref;famille:energie;REF:DCB606|ACCESSOIRE;référence;ACCESSOIRE;34;;
Électro portatif;batterie;DW089LG;2026 DEWALT DW089LG 12V360 degrés niveau de fil Surround de lumière verte infrarouge tri face: Laser de niveau haute vis;74,39;pack;batterie;;;;;1;;;sans-ref;famille:energie;REF:DW089|NU+VERT;référence;NU+VERT;10;;
Électro portatif;vissage-choc;DXBC9002;DEWALT DXBC9002 Lot de 2 Sangles à cliquet rétractables automatiques de 5,1 cm x 3 m - Charge de Travail sûre de 0,5 kg/;76,22;pack;cliquet;;AUCUN;;;;2;;sans-ref;famille:machine;REF:DXBC9002|NU;référence;NU;2;;
Électro portatif;batterie;DCB184;Batterie de remplacement 100% originale 20V 6.0Ah MAX pour outils électriques DeWalt DCB184 DCB181 DCB182 DCB200 20V 5A ;75,39;pack;batterie;20;;6;;1;;;sans-ref;famille:energie;REF:DCB184|ACCESSOIRE;référence;ACCESSOIRE;15;;
Électro portatif;;DWE20V;Batterie Dewalt originale 60V/20V, batterie 5AH 6AH 9AH, batterie pour outils électriques DeWalt série DCF DCD DCG DCS D;74,99;pack;;60;AUCUN;9;;1;;;sans-ref;famille:machine;REF:DWE20|1X5;référence;1X5;5;;
Électro portatif;;;DEWALT Quick Connect Kit d'attache pour outils Capacité 2,3 kg;74,63;pack;;;;;;;;;sans-ref;titre;TIT:quick connect kit d attache pour outils capacit 2 3 kg;titre;NU;1;;
Électro portatif;fixation;;Pistolet à colle électrique DeWALT avec lumière LED, adhésif pour verre et ciment, pistolet sans fil pour le remplissage;74,39;seul;pistolet à mastic;18;AUCUN;;;;;;sans-ref;famille:machine;TIT:pistolet colle lectrique avec lumi re led adh sif pour verre et ciment pistolet sans fil pour le remplissage;titre;NU;1;;
Électro portatif;batterie;DCB184;DeWALT DCB184 — Batterie 18V XR Li-Ion 5,0 Ah (témoin de charge LED);78,72;pack;batterie;18;;5;;184;;;reconnu;famille:energie;REF:DCB184|1X5.0;référence;1X5.0;8;DCB184;201,74
Électro portatif;bois;DWE6423;DeWALT DWE6423-QS — Ponceuse excentrique filaire 280W Ø125 mm;77,95;seul;ponceuse;;AUCUN;;;;;;reconnu;famille:machine;REF:DWE6423|NU;référence;NU;2;DWE6423-QS;311,74
Électro portatif;vissage-choc;DCF887N;"DeWALT DCF887N — Visseuse a chocs 1/4"" XR 18V (outil nu)";77,46;seul;visseuse à chocs;;AUCUN;;;0;;;reconnu;famille:machine;REF:DCF887|NU;référence;NU;13;DCF887N;153,37
Électro portatif;bois;DWE6411;DEWALT DWE6411;78,23;seul;ponceuse;;AUCUN;;;;;;inconnu;famille:machine;REF:DWE6411|NU;référence;NU;1;;
Électro portatif;aspiration;D271054-XJ;DEWALT D271054-XJ;77,83;pack;aspirateur;;AUCUN;;;;;;inconnu;famille:machine;REF:D271054|NU;référence;NU;1;;
Électro portatif;batterie;;DEWALT Chargeur Portable DEWALT, Power Bank, Batterie 10 000 mAh avec Port USB-C pour iPhone 16/16 Plus/16 Pro/16 Pro Ma;78,99;pack;batterie;;;;;1;;;sans-ref;famille:energie;TIT:chargeur portable power bank batterie 10 000 mah avec port usb c pour iphone 16 16 plus 16 pro 16 pro ma;titre;CHARGEUR;1;;
Électro portatif;batterie;DCB120;Batterie lithium-ion rechargeable 2Ah pour outils DeWalt 12V, compatible avec les outils électriques DCB120 DCB127 DCB12;78,69;pack;batterie;12;;2;;1;;;sans-ref;famille:energie;REF:DCB120|ACCESSOIRE;référence;ACCESSOIRE;1;;
Électro portatif;batterie;DCB125;Batterie lithium-ion authentique DEWALT, batterie DEWALT 12V XR Max LED, 2,0 Ah, DCB125, DCB124, DCB122, DCB127, batteri;78,69;pack;batterie;12;;2;;1;;;sans-ref;famille:energie;REF:DCB125|1X2.0;référence;1X2.0;1;;
Électro portatif;confort;;Dewalt 30000 tr/min ventilateur d'air sans brosse ventilateur Turbo sans fil ventilateur violent portatif sèche-linge 20;78,39;seul;ventilateur;20;AUCUN;;;;;;sans-ref;famille:machine;TIT:30000 tr min ventilateur d air sans brosse ventilateur turbo sans fil ventilateur violent portatif s che linge 20;titre;NU;4;;
Électro portatif;batterie;DCB200;Batterie Li-lon 100% originale Dewalt 18V/20V 6.0Ah pour outil électrique rechargeable, disponible en modèles DCB200, DC;77,99;pack;batterie;20;;6;;1;;;sans-ref;famille:energie;REF:DCB200|1X6.0;référence;1X6.0;3;;
Électro portatif;percage;;DEWALT Perceuse à aspiration DEWALT SDS-plus 18x250x370mm Quantité:1;77,99;seul;perceuse;;AUCUN;;;;;;sans-ref;famille:machine;TIT:perceuse aspiration sds plus 18x250x370mm quantit 1;titre;NU;1;;
Électro portatif;batterie;DCB609;Batterie Dewalt originale 100% authentique 20V/60V 9.0Ah MAX 9000mAh FlexVolt DCB609 DCB202 DCB205 DCB206 DCB209 Outil é;77,99;pack;batterie;60;;9;;1;;;sans-ref;famille:energie;REF:DCB609|1X9.0;référence;1X9.0;5;;
Électro portatif;batterie;DCB200;Batterie DeWALT XR 100% originale 18V/20V/60V 2Ah 5Ah 6Ah 9Ah DCB200 DCB202 DCB205 DCB206 DCB209 DCB609 pour outil élect;77,99;pack;batterie;60;;9;;1;;;sans-ref;famille:energie;REF:DCB200|1X2;référence;1X2;4;;
Électro portatif;batterie;DCB200;Chargeur de batterie 100% authentique DEWALT 20V Max 2/5/6/9Ah, série Li-Ion XR pour outils électriques, batterie DCB200;77,39;pack;batterie;20;;9;;1;;;sans-ref;famille:energie;REF:DCB200|ACCESSOIRE;référence;ACCESSOIRE;12;;
Électro portatif;batterie;DCB132;DeWALT DCB132 — Chargeur double 18-54V DCB132;80,45;pack;batterie;;;;;1;;;reconnu;famille:energie;REF:DCB132|CHARGEUR;référence;CHARGEUR;1;DCB132;217,82
Électro portatif;chantier;D26414;DeWALT D26414 — D26414;80,17;seul;décapeur thermique;;AUCUN;;;;;;reconnu;famille:machine;REF:D26414|NU;référence;NU;1;D26414;147,02
Électro portatif;chargeur;DCB117-QW;DeWALT DCB117-QW — DCB117-QW;80,16;pack;chargeur;;;;;;;;reconnu;famille:energie;REF:DCB117|NU;référence;NU;1;DCB117-QW;144,20
Électro portatif;combo;DCE450078;DEWALT Tête d'outil réglable en cuivre de 2,2 cm pour DCE4500 (DCE450078);80,84;seul;pack d'outils;;AUCUN;;;;;;inconnu;famille:machine;REF:DCE450078|ACCESSOIRE;référence;ACCESSOIRE;1;;
Électro portatif;aspiration;DCV100XJ;DeWalt DCV 100 XJ;81,18;pack;;18;AUCUN;;;100;;;sans-ref;famille:machine;REF:DCV100|NU;référence;NU;4;;
Électro portatif;jardin;DCE5601;DeWalt DCE5601 Kit pulvérisateurs pour tubes;81,13;pack;pulvérisateur;;AUCUN;;;;;;sans-ref;famille:machine;REF:DCE5601|NU;référence;NU;1;;
Électro portatif;;D279017;DeWalt 5 sacs à poussière D279017;79,74;seul;;;AUCUN;;;;;;sans-ref;famille:machine;REF:D279017|NU;référence;NU;1;;
Électro portatif;percage;DCD777;DeWALT DCD777NT — Perceuse-visseuse 18V DCD777NT;84,90;seul;perceuse-visseuse;;AUCUN;;;;;;reconnu;famille:machine;REF:DCD777|NU;référence;NU;3;DCD777NT;150,11
Électro portatif;batterie;DCB124G;DeWALT DCB124G — DCB124G;83,62;pack;batterie;12;;3;;12;;;reconnu;famille:energie;REF:DCB124|NU;référence;NU;1;DCB124G;148,51
Électro portatif;batterie;DCB090-XJ;DeWALT DCB090-XJ — DCB090-XJ;83,29;pack;;;;;;1;;;reconnu;famille:energie;REF:DCB090|NU;référence;NU;2;DCB090-XJ;148,09
Électro portatif;percage;DCD709N-XJ;DeWALT DCD709NT-XJ — Perceuse visseuse à percussion 18V DCD709NT-XJ;83,25;seul;perceuse-visseuse;;AUCUN;;;0;;;reconnu;famille:machine;REF:DCD709|NU;référence;NU;6;DCD709NT-XJ;148,02
Électro portatif;sciage;N233859;DeWALT N233859 — Barre pour scie Stationnaire DeWALT N233859;82,99;seul;scie sur table;;AUCUN;;;;;;reconnu;famille:machine;REF:N233859|ACCESSOIRE;référence;ACCESSOIRE;1;N233859;147,72
Électro portatif;aspiration;DXVCS002;DeWALT DXVCS002 — DXVCS002;82,66;seul;aspirateur;;AUCUN;;;;;;reconnu;famille:machine;REF:DXVCS002|NU;référence;NU;1;DXVCS002;147,30
Électro portatif;;DWE74912;DeWALT DWE74912 — DWE74912;81,66;seul;;;AUCUN;;;;;;reconnu;famille:machine;REF:DWE74912|NU;référence;NU;1;DWE74912;146,09
Électro portatif;batterie;DCB184G-XJ;DEWALT DCB184G-XJ;84,90;seul;batterie;18;;5;;0;;;inconnu;famille:energie;REF:DCB184|NU;référence;NU;3;;
Électro portatif;sciage;DT1306-QZ;DeWalt DT1306-QZ - Hoja de sierra para ensambladora 102mm;81,86;seul;scie;;AUCUN;;;;;;inconnu;famille:machine;REF:DT1306|NU;référence;NU;2;;
Électro portatif;combo;DWS5100;DWS5100 Clôture à double port pour DCS577 300 mm;81,56;seul;pack d'outils;;AUCUN;;;;;;inconnu;famille:machine;REF:DWS5100|NU;référence;NU;1;;
Électro portatif;;DCF850;DEWALT DCF850 pilote d'impact pilote électrique 20V sans brosse sans fil 3250 tr/min tournevis outils à couple élevé out;84,69;seul;;20;AUCUN;;;;;;sans-ref;famille:machine;REF:DCF850|NU;référence;NU;12;;
Électro portatif;batterie;RB336;Batterie AKKU POWER RB336 pour DEWALT 24V 3AH Ni-Mh type DE0240;84,50;pack;batterie;24;;3;;1;;;sans-ref;famille:energie;REF:RB336|1X3;référence;1X3;1;;
Électro portatif;percage;DWAMF1280;DEWALT Drill Bit Set / Screwdriver Set, 80-Piece (DWAMF1280);83,99;pack;visseuse;;AUCUN;;;;;;sans-ref;famille:machine;REF:DWAMF1280|NU;référence;NU;1;;
Électro portatif;percage;DCH273;DEWALT DCH273 perceuse à percussion rotative 18 V/20 V MAX SDS sans brosse 1 pouce PLUS perceuse à percussion pour le tr;83,69;seul;perceuse à percussion;20;AUCUN;;;0;;;sans-ref;famille:machine;REF:DCH273|NU;référence;NU;17;;
Électro portatif;chargeur;;DEWALT Chargeur rapide sans fil;83,13;pack;chargeur;;;;;;;;sans-ref;famille:energie;TIT:chargeur rapide sans fil;titre;CHARGEUR;1;;
Électro portatif;mesure;DC528N;DeWalt DC 528N;82,00;seul;projecteur;;AUCUN;;;;;;sans-ref;famille:machine;REF:DC528|NU;référence;NU;1;;
Électro portatif;aspiration;DXV15A;DeWALT DXV15A — DXV15A;85,05;seul;aspirateur;;AUCUN;;;;;;reconnu;famille:machine;REF:DXV15|NU;référence;NU;3;DXV15A;150,29
Électro portatif;batterie;DCB184;DeWalt DCB 184 (18V, 5Ah);85,90;pack;batterie;18;;5;;1;;;sans-ref;famille:energie;REF:DCB184|1X5;référence;1X5;8;;
Électro portatif;;DE7777-XJ;"Kit de connecteur DeWalt DE7777-XJ; 100 mm";85,78;pack;;;;;;;;;sans-ref;titre;REF:DE7777|NU;référence;NU;1;;
Électro portatif;batterie;RB3019;Batterie AKKU POWER RB3019 pour DEWALT 14.4V 4Ah Li-ion type DCB142;85,00;pack;batterie;4;;4;;1;;;sans-ref;famille:energie;REF:RB3019|1X4;référence;1X4;1;;
Électro portatif;chargeur;;DEWALT Chargeur Mural USB-C GaN 100W EU, Double Port Type-C PD/PPS, Charge Rapide Haute Puissance, Compact, Compatible M;84,99;pack;chargeur;;;;;;;;sans-ref;famille:energie;TIT:chargeur mural usb c gan 100w eu double port type c pd pps charge rapide haute puissance compact compatible m;titre;CHARGEUR;1;;
Électro portatif;batterie;DCBP034;DeWALT DCBP034 — DCBP034;88,44;pack;batterie;18;;1.7;;1;;;reconnu;famille:energie;REF:DCBP034|NU;référence;NU;2;DCBP034;154,42
Électro portatif;jardin;DCMASBC1N-XJ;DeWALT DCMASBC1N-XJ — DCMASBC1N-XJ;87,58;pack;;;AUCUN;;;1;;;reconnu;famille:machine;REF:DCMASBC1|NU;référence;NU;1;DCMASBC1N-XJ;153,35
Électro portatif;mesure;DW0802;DeWALT DW0802 — DW0802 33'. Laser Square;86,05;seul;niveau laser;;AUCUN;;;;;;reconnu;famille:machine;REF:DW0802|NU;référence;NU;1;DW0802;153,12
Électro portatif;vissage-choc;DWMT74196;DeWALT Dwmt74196 à cliquet Flex Head (7 pièces);88,31;seul;cliquet;;AUCUN;;;;;;inconnu;famille:machine;REF:DWMT74196|NU;référence;NU;1;;
Électro portatif;sciage;N093107;Induit moteur n093107 pour Scie a onglets;86,61;seul;scie à onglet;;AUCUN;;;;;;inconnu;famille:machine;REF:N093107|NU;référence;NU;4;;
Électro portatif;jardin;N510599;OEM N510599 Poulie de rechange pour tondeuse à gazon DeWalt DCMW220X2 DCMW290H1 DCMW220P2;87,45;seul;tondeuse;;AUCUN;;;;;;sans-ref;famille:machine;REF:N510599|ACCESSOIRE;référence;ACCESSOIRE;1;;
Électro portatif;batterie;DCB606;Batterie DeWalt 20V d'origine 6Ah/5Ah. Batterie d'outils remplaçable DCB606 DCB609 DCB184 DCB200 DCF845 DCF850 DCF911 DC;87,39;pack;batterie;20;;6;;1;;;sans-ref;famille:energie;REF:DCB606|1X6;référence;1X6;2;;
Électro portatif;chargeur;;DEWALT Chargeur USB PD Mobile pour siège Avant et arrière;86,04;pack;chargeur;;;;;;;;sans-ref;famille:energie;TIT:chargeur usb pd mobile pour si ge avant et arri re;titre;CHARGEUR;1;;
Électro portatif;mesure;DCE530N-XJ;DeWALT DCE530N-XJ — Décapeur Thermique 18V DCE530N-XJ;89,81;seul;niveau;;AUCUN;;;0;;;reconnu;famille:machine;REF:DCE530|NU;référence;NU;6;DCE530N-XJ;156,08
Électro portatif;batterie;GDE1220MH;Batterie 12v 2ah ni-mh - AKKU POWER GMBH - DEWALT - GDE1220MH;90,14;pack;batterie;12;;2;;1;;;sans-ref;famille:energie;REF:GDE1220|1X2;référence;1X2;2;;
Électro portatif;batterie;DCB107;DeWalt Power Set 1 x 18V 5,0 Ah + DCB107 (6143);90,00;pack;batterie;18;;5;;1;;;sans-ref;famille:energie;REF:DCB107|1X5.0;référence;1X5.0;1;;
Électro portatif;aspiration;DWH052-XJ;DeWalt Système d'extraction des poussières pour démolisseurs (DWH052-XJ);90,00;seul;système d'aspiration;;AUCUN;;;;;;sans-ref;famille:machine;REF:DWH052|ACCESSOIRE;référence;ACCESSOIRE;1;;
Électro portatif;;DWE46225;DeWALT DWE46225 — DWE46225;94,02;seul;;;AUCUN;;;;;;reconnu;famille:machine;REF:DWE46225|NU;référence;NU;1;DWE46225;161,34
Électro portatif;perforation;DT60839-QZ;DeWALT DT60839-QZ — Marteau perforateur DEWALT SDS-max 35x670x540 mm DT60839-QZ Quantité:1;93,99;seul;marteau perforateur;;AUCUN;;;;;;reconnu;famille:machine;REF:DT60839|NU;référence;NU;1;DT60839-QZ;161,29
Électro portatif;meulage;DWE4203;DeWALT DWE4203 — DWE4203;92,40;seul;meuleuse d'angle;;AUCUN;;;;;;reconnu;famille:machine;REF:DWE4203|NU;référence;NU;1;DWE4203;159,30
Électro portatif;aspiration;DWH050-XJ;DeWALT DWH050-XJ — DWH050-XJ;91,90;seul;système d'aspiration;;AUCUN;;;;;;reconnu;famille:machine;REF:DWH050|NU;référence;NU;1;DWH050-XJ;158,71
Électro portatif;meulage;DWE4207-QS;DeWALT DWE4207-QS — DWE4207-QS;91,50;seul;meuleuse d'angle;;AUCUN;;;;;;reconnu;famille:machine;REF:DWE4207|NU;référence;NU;2;DWE4207-QS;158,21
Électro portatif;meulage;DWE4237-QS;DeWALT DWE4237-QS — DWE4237-QS;91,22;seul;meuleuse d'angle;;AUCUN;;;;;;reconnu;famille:machine;REF:DWE4237|NU;référence;NU;5;DWE4237-QS;157,81
Électro portatif;meulage;DWE4217;DeWALT DWE4217 — DWE4217;91,09;seul;meuleuse d'angle;;AUCUN;;;;;;reconnu;famille:machine;REF:DWE4217|NU;référence;NU;2;DWE4217;157,68
Électro portatif;mesure;DWHT0-43172;DeWALT DWHT0-43172 — DWHT0-43172;90,99;seul;niveau;;AUCUN;;;;;;reconnu;famille:machine;REF:DWHT0-43172|NU;référence;NU;1;DWHT0-43172;157,57
Électro portatif;chargeur;DCB094K-QW;DeWALT DCB094K-QW — DCB094K-QW;90,90;pack;chargeur;;;;;;;;reconnu;famille:energie;REF:DCB094|NU;référence;NU;1;DCB094K-QW;157,44
Électro portatif;meulage;HYQ01;Outils électriques multifonctionnels DEWALT sans fil, sans balais : Meuleuse d'angle, Cisaille, Clé électrique, Polisseu;90,99;seul;meuleuse d'angle;;AUCUN;;;;;;sans-ref;famille:machine;REF:HYQ01|NU;référence;NU;2;;
Électro portatif;batterie;DCB1102D2-QW;Dewalt DCB1102D2-QW Pack 2 Batteries XR 18V - 2.0Ah Li-Ion + Chargeur;91,36;pack;batterie;18;;2;;2;;;sans-ref;famille:energie;REF:DCB1102|1X2.0+CHARGEUR;référence;1X2.0+CHARGEUR;1;;
Électro portatif;percage;DCD791N;DeWALT DCD791N — Perceuse-visseuse 18V DCD791N;97,34;seul;perceuse-visseuse;;AUCUN;;;0;;;reconnu;famille:machine;REF:DCD791|NU;référence;NU;7;DCD791N;165,42
Électro portatif;mesure;DE0892G;DeWALT DE0892G-XJ — Cellule de réception laser vert DE0892G-XJ;96,35;seul;niveau laser;;AUCUN;;;;;;reconnu;famille:machine;REF:DE0892|NU+VERT;référence;NU+VERT;1;DE0892G-XJ;165,28
Électro portatif;vissage-choc;DCF801N-XJ;DeWALT DCF801N-XJ — DCF801N-XJ;96,30;seul;visseuse à chocs;;AUCUN;;;0;;;reconnu;famille:machine;REF:DCF801|NU;référence;NU;2;DCF801N-XJ;164,10
Électro portatif;aspiration;AT-DXV20PC;DeWALT AT-DXV20PC — AT-DXV20PC;94,83;seul;aspirateur;;AUCUN;;;;;;reconnu;famille:machine;REF:AT-DXV20PC|NU;référence;NU;1;AT-DXV20PC;161,93
Électro portatif;vissage-choc;DCF809NT;DeWALT DCF809NT — DCF809NT;94,31;seul;visseuse à chocs;;TSTAK;5;;0;;;reconnu;famille:machine;REF:DCF809|NU;référence;NU;4;DCF809NT;161,65
Électro portatif;batterie;DCB184P1-QW;Dewalt DCB184P1-QW Pack 1 X 5.0 Ah Batterie - XR - 18V - Li-Ion + Chargeur;97,24;pack;batterie;18;;5;;1;;;sans-ref;famille:energie;REF:DCB184|1X5.0+CHARGEUR;référence;1X5.0+CHARGEUR;1;;
Électro portatif;batterie;DCB183;Dewalt DCB183 Lot de 2 batteries XR 18 V 2,0 Ah pour DCD785, DCD985, DCF885, Dcs391, Dcs331;97,00;pack;batterie;18;;2;;2;2;;sans-ref;famille:energie;REF:DCB183|1X2.0;référence;1X2.0;1;;
Électro portatif;sciage;DCS3501;DEWALT DCS3501 Lot de matrices de découpe de rechange;96,22;pack;;;AUCUN;;;;;;sans-ref;famille:machine;REF:DCS3501|ACCESSOIRE;référence;ACCESSOIRE;1;;
Électro portatif;perforation;D259811;DeWalt Chariot pour démolisseur (D259811);95,35;seul;;;AUCUN;;;;;;sans-ref;famille:machine;REF:D259811|ACCESSOIRE;référence;ACCESSOIRE;1;;
Électro portatif;batterie;DCB1104P1-QW;Dewalt DCB1104P1-QW Pack 1 X 5.0 Ah Batterie - XR - 18V - Li-Ion + Chargeur;95,34;pack;batterie;18;;5;;1;;;sans-ref;famille:energie;REF:DCB1104|1X5.0+CHARGEUR;référence;1X5.0+CHARGEUR;1;;
Électro portatif;batterie;DCB1104P1;DeWalt Starter-Set DCB 1104 P1;95,00;pack;batterie;18;;5;;1;;;sans-ref;famille:energie;REF:DCB1104|1X5;référence;1X5;2;;
Électro portatif;vissage-choc;DCF787N-SFXJ;DeWALT DCF787N-SFXJ — Visseuse à choc sans fil brushless DeWalt DCF787N-SFXJ 18V Li-ion XR - Sans batterie;99,99;seul;visseuse à chocs;18;AUCUN;;;0;;;reconnu;famille:machine;REF:DCF787|NU;référence;NU;1;DCF787N-SFXJ;168,68
Électro portatif;fixation;DPSB2IN1-XJ;DeWALT DPSB2IN1-XJ — DPSB2IN1-XJ;99,90;seul;cloueur;;AUCUN;;;;;;reconnu;famille:machine;REF:DPSB2|NU;référence;NU;1;DPSB2IN1-XJ;168,73
Électro portatif;sciage;DWE5615-QS;DeWALT DWE5615-QS — DWE5615-QS;99,90;seul;scie circulaire;;AUCUN;;;;;;reconnu;famille:machine;REF:DWE5615|NU;référence;NU;1;DWE5615-QS;168,53
Électro portatif;mesure;DCL077-XJ;DeWALT DCL077 — Projecteur de chantier DCL077;99,00;pack;projecteur;;AUCUN;;;1;;;reconnu;famille:machine;REF:DCL077|NU;référence;NU;5;DCL077;167,41
Électro portatif;percage;DWD024KS;DeWALT DWD024KS — DWD024KS;98,88;seul;perceuse à percussion;;AUCUN;;;;;;reconnu;famille:machine;REF:DWD024|NU;référence;NU;3;DWD024KS;167,30
Électro portatif;percage;DWD112S;DeWALT DWD112S — DWD112S;98,43;seul;perceuse à percussion;;AUCUN;;;;;;reconnu;famille:machine;REF:DWD112|NU;référence;NU;1;DWD112S;166,07
Électro portatif;batterie;DCB140;DeWALT DCB140 — DCB140;98,16;pack;batterie;4;;3;;1;;;reconnu;famille:energie;REF:DCB140|NU;référence;NU;1;DCB140;166,38
Électro portatif;batterie;DCB115E2-QW;DeWalt 2 Batteries Powerstack XR 18V 1.7Ah ( DCB115E2-QW );99,90;pack;batterie;18;;1.7;;2;;;sans-ref;famille:energie;REF:DCB115|1X1.7;référence;1X1.7;1;;
Électro portatif;batterie;DCB1104-QW;Pack 1 batterie XR 18V 5 Ah + Chargeur DCB1104-QW DEWALT;99,90;pack;batterie;18;;5;;1;;;sans-ref;famille:energie;REF:DCB1104|1X5+CHARGEUR;référence;1X5+CHARGEUR;4;;
Électro portatif;;DXMA1902092;DeWalt Écouteurs True Wireless Bluetooth 37h IP56 Jaune (DXMA1902092);99,62;seul;;;;;;;;;sans-ref;titre;REF:DXMA1902092|NU;référence;NU;1;;
Électro portatif;aspiration;DWH051-XJ;DeWalt Suction device DWH051-XJ;98,98;seul;système d'aspiration;;AUCUN;;;;;;sans-ref;famille:machine;REF:DWH051|NU;référence;NU;1;;
Électro portatif;chargeur;DCB116XR;Chargeur rapide DeWalt DCB 116 XR 12 V - 18 V Li-Ion 6 A;98,82;pack;chargeur;18;;;;;;;sans-ref;famille:energie;REF:DCB116|CHARGEUR;référence;CHARGEUR;1;;
Électro portatif;batterie;DWT2151643;DeWalt Telecoms Powerbank 2 ports 10000mAh (DWT2151643);98,66;pack;batterie;;;;;1;;;sans-ref;famille:energie;REF:DWT2151643|NU;référence;NU;1;;
Électro portatif;batterie;DCB1104M1;DeWalt DCB 1104 M1;98,08;pack;batterie;12;;4;;1;;;sans-ref;famille:energie;REF:DCB1104|1X4;référence;1X4;1;;
Électro portatif;batterie;DCB1104;DeWalt DCB 1104;98,08;pack;batterie;12;;;;1104;;;sans-ref;famille:energie;REF:DCB1104|NU;référence;NU;1;;
Électro portatif;meulage;SDFP01;Outils électriques multifonctionnels DeWalt sans fil, meuleuse d'angle sans balais, coupeur, clé électrique, polisseuse,;97,99;seul;meuleuse d'angle;18;AUCUN;;;;;;sans-ref;famille:machine;REF:SDFP01|NU;référence;NU;1;;
Électro portatif;meulage;DCG409;DEWALT-meuleuse d'angle DCG409, outil électrique sans fil sans balais 20V, machine de découpe, polisseuse portable recha;97,69;seul;meuleuse d'angle;20;AUCUN;;;;;;sans-ref;famille:machine;REF:DCG409|NU;référence;NU;9;;
Électro portatif;meulage;DWE4884-QS;DeWALT DWE4884-QS — DWE4884-QS;103,79;seul;meuleuse droite;;AUCUN;;;;;;reconnu;famille:machine;REF:DWE4884|NU;référence;NU;1;DWE4884-QS;173,33
Électro portatif;meulage;DWE4016D2;DeWALT DWE4016D2 — DWE4016D2;103,63;pack;meuleuse d'angle;;AUCUN;2;;2;;;reconnu;famille:machine;REF:DWE4016|2X2;référence;2X2;1;DWE4016D2;173,16
Électro portatif;batterie;DCBP518;DeWALT DCBP518 — DCBP518;103,20;pack;batterie;18;;5;;1;;;reconnu;famille:energie;REF:DCBP518|NU;référence;NU;2;DCBP518;172,55
Électro portatif;confort;DCR011;DeWALT DCR011-XJ — Enceinte bluetooth 18V DCR011-XJ;102,50;pack;radio de chantier;;AUCUN;;;;;;reconnu;famille:machine;REF:DCR011|NU;référence;NU;1;DCR011-XJ;172,26
Électro portatif;aspiration;AT-DXV20P;DeWALT AT-DXV20P — AT-DXV20P;102,45;seul;aspirateur;;AUCUN;;;;;;reconnu;famille:machine;REF:AT-DXV20P|NU;référence;NU;1;AT-DXV20P;154,50
Électro portatif;aspiration;DCV517N-XJ;DeWALT DCV517N-XJ — DCV517N-XJ;101,90;seul;aspirateur;;AUCUN;;;0;;;reconnu;famille:machine;REF:DCV517|NU;référence;NU;5;DCV517N-XJ;170,99
Électro portatif;percage;DCDW101;DeWALT DCDW101 — DCDW101;101,76;seul;;;AUCUN;;;;;;reconnu;famille:machine;REF:DCDW101|NU;référence;NU;1;DCDW101;170,86
Électro portatif;batterie;DCBP318-XJ;DeWALT DCBP318-XJ — DCBP318-XJ;100,90;pack;batterie;18;;3.5;;1;;;reconnu;famille:energie;REF:DCBP318|NU;référence;NU;1;DCBP318-XJ;169,81
Électro portatif;batterie;DCB115P1;Dewalt DCB115P1 Pack batterie XR 18V 5Ah Li-Ion + chargeur;101,72;pack;batterie;18;;5;;1;;;sans-ref;famille:energie;REF:DCB115|1X5+CHARGEUR;référence;1X5+CHARGEUR;1;;
Électro portatif;combo;DW6184;DEWALT DW6184 Base fixe (pour routeur DW616/618);100,19;seul;pack d'outils;;AUCUN;;;;;;sans-ref;famille:machine;REF:DW6184|NU;référence;NU;2;;
Électro portatif;perforation;D25033;DeWALT D25033K-QS — Perforateur burineur SDS-Plus 710W (coffret);107,18;seul;perforateur;;AUCUN;;;;;;reconnu;famille:machine;REF:D25033|NU;référence;NU;2;D25033K-QS;200,96
Électro portatif;mesure;DW099S-XJ;DeWALT DW099S-XJ — DW099S-XJ;107,10;seul;télémètre laser;;AUCUN;;;;;;reconnu;famille:machine;REF:DW099|NU;référence;NU;1;DW099S-XJ;179,90
Électro portatif;jardin;DCMASPS5N-XJ;DeWALT DCMASPS5N-XJ — DCMASPS5N-XJ;107,10;seul;élagueuse sur perche;;AUCUN;;;0;;;reconnu;famille:machine;REF:DCMASPS5|NU;référence;NU;1;DCMASPS5N-XJ;177,36
Électro portatif;fixation;DPSSX38-XJ;DeWALT DPSSX38-XJ — DPSSX38-XJ;107,00;seul;cloueur;;AUCUN;;;;;;reconnu;famille:machine;REF:DPSSX38|NU;référence;NU;1;DPSSX38-XJ;182,70
Électro portatif;sciage;DCS355N-XJ;DeWALT DCS355N-XJ — Multicutter Outil multifonction DCS355N-XJ;105,99;seul;;;AUCUN;;;0;;;reconnu;famille:machine;REF:DCS355|NU;référence;NU;10;DCS355N-XJ;176,05
Électro portatif;jardin;DCMHT520N-XJ;DeWALT DCMHT520N-XJ — DCMHT520N-XJ;104,90;seul;taille-haie;;AUCUN;;;0;;;reconnu;famille:machine;REF:DCMHT520|NU;référence;NU;3;DCMHT520N-XJ;174,66
Électro portatif;meulage;DWE4233-QS;DeWALT DWE4233 — DWE4233;104,55;seul;meuleuse;;AUCUN;;;;;;reconnu;famille:machine;REF:DWE4233|NU;référence;NU;3;DWE4233;174,29
Électro portatif;combo;DCE5801;DeWALT DCE5801 Couplage de tube transparent pour les canons chimiques XR DCE560 et DCE580;107,36;seul;pack d'outils;;AUCUN;;;;;;sans-ref;famille:machine;REF:DCE5801|ACCESSOIRE;référence;ACCESSOIRE;5;;
Électro portatif;batterie;DCB112D2;Dewalt DCB112D2 Pack de batteries DEWALT 18V 2.0Ah Li-Ion - 2 batteries + Chargeur DCB112;106,52;pack;batterie;18;;2;;2;;;sans-ref;famille:energie;REF:DCB112|1X2.0+CHARGEUR;référence;1X2.0+CHARGEUR;1;;
Électro portatif;batterie;DCB203;DeWALT DCB203 Lithium-ION 2000mAh 20V Batterie Rechargeable - Batteries Rechargeables (2000 mAh, Lithium-ION (Li-ION), 2;106,50;pack;batterie;20;;;;20;;;sans-ref;famille:energie;REF:DCB203|NU;référence;NU;1;;
Électro portatif;bois;DWE6421K;"DEWALT DWE6421K Random Orbit Sander Kit, 5""";106,22;pack;ponceuse;;AUCUN;;;;;;sans-ref;famille:machine;REF:DWE6421|NU;référence;NU;1;;
Électro portatif;batterie;VDCB105D2;DeWalt Starter-Kit 2 x 2,0 Ah Batteries VDCB105D2;105,48;pack;batterie;18;;2;;2;;;sans-ref;famille:energie;REF:VDCB105|2X2.0;référence;2X2.0;1;;
Électro portatif;batterie;DCB1104E1;DeWalt DCB 1104 E1;104,50;pack;batterie;12;;1.7;;1;;;sans-ref;famille:energie;REF:DCB1104|1X1.7;référence;1X1.7;1;;
Électro portatif;fixation;DZN930;DeWALT DZN930 — DZN930;111,99;seul;cloueur;;AUCUN;;;;;;reconnu;famille:machine;REF:DZN930|NU;référence;NU;1;DZN930;183,44
Électro portatif;bois;D26441;DeWALT D26441 — D26441;110,97;seul;ponceuse;;AUCUN;;;;;;reconnu;famille:machine;REF:D26441|NU;référence;NU;1;D26441;178,30
Électro portatif;aspiration;DXVCS003;DeWALT DXVCS003 — DXVCS003;110,49;seul;aspirateur;;AUCUN;;;;;;reconnu;famille:machine;REF:DXVCS003|NU;référence;NU;1;DXVCS003;160,03
Électro portatif;meulage;DWE4156KD;DeWALT DWE4156KD — DWE4156KD;109,99;seul;meuleuse d'angle;;AUCUN;;;;;;reconnu;famille:machine;REF:DWE4156|NU;référence;NU;1;DWE4156KD;180,94
Électro portatif;batterie;DCB546;DeWALT DCB546-XJ — Batterie XR 18V-54V 6Ah-2Ah Flexvolt DCB546-XJ;109,74;pack;batterie;54;;6;;1;;;reconnu;famille:energie;REF:DCB546|1X6;référence;1X6;3;DCB546-XJ;180,64
Électro portatif;;DCF601N;DeWALT DCF601N — DCF601N;109,12;seul;;;AUCUN;2;;0;;;reconnu;famille:machine;REF:DCF601|NU;référence;NU;2;DCF601N;175,27
Électro portatif;percage;DCD794NT;DeWALT DCD794NT-XJ — Perceuse-visseuse 18V DCD794NT-XJ;108,18;seul;perceuse-visseuse;18;TSTAK;;;0;;;reconnu;famille:machine;REF:DCD794|NU;référence;NU;2;DCD794NT-XJ;193,72
Électro portatif;mesure;DWHT77200;DeWALT DWHT77200 — DWHT77200;108,07;seul;télémètre laser;;AUCUN;;;;;;reconnu;famille:machine;REF:DWHT77200|NU;référence;NU;1;DWHT77200;178,64
Électro portatif;mesure;DW088CG;DeWALT DW088CG-XJ — Niveau laser croix DW088CG-XJ;108,00;seul;niveau laser;;AUCUN;;;;;;reconnu;famille:machine;REF:DW088|NU;référence;NU;10;DW088CG-XJ;178,52
Électro portatif;batterie;DCB107;DeWalt Power Set (2 x 18V 2,0 Ah + DCB107);111,00;pack;batterie;18;;2;;1;;;sans-ref;famille:energie;REF:DCB107|1X2.0;référence;1X2.0;1;;
Électro portatif;confort;;DeWalt TS-SPEAKER;108,99;seul;radio de chantier;;AUCUN;;;;;;sans-ref;famille:machine;TIT:ts speaker;titre;NU;1;;
Électro portatif;mesure;DW088CG;Dewalt - Niveau laser croix autonivelant DW088CG - Faisceau vert - Portée 30 m - Auto-nivellement - Précision +/-3mm@10m;108,00;pack;niveau laser;;AUCUN;;;;;;sans-ref;famille:machine;REF:DW088|NU+VERT;référence;NU+VERT;1;;
Électro portatif;aspiration;DXV20P;DeWALT DXV20P — DXV20P;115,19;seul;aspirateur;;AUCUN;;;;;;reconnu;famille:machine;REF:DXV20|NU;référence;NU;4;DXV20P;187,42
Électro portatif;confort;DCR019;DeWALT DCR019 — DCR019;115,18;seul;radio de chantier;;AUCUN;;;;;;reconnu;famille:machine;REF:DCR019|NU;référence;NU;1;DCR019;167,10
Électro portatif;percage;DW274;DeWALT DW274 — DW274;115,14;seul;visseuse;;AUCUN;;;;;;reconnu;famille:machine;REF:DW274|NU;référence;NU;4;DW274;187,33
Électro portatif;vissage-choc;DCF880N;DeWALT DCF880N — DCF880N;114,98;seul;visseuse à chocs;;AUCUN;4;;0;;;reconnu;famille:machine;REF:DCF880|NU;référence;NU;2;DCF880N;187,07
Électro portatif;meulage;DWE490;DeWALT DWE490 — DWE490;114,87;seul;meuleuse d'angle;;AUCUN;;;;;;reconnu;famille:machine;REF:DWE490|NU;référence;NU;1;DWE490;187,01
Électro portatif;meulage;DWE4227;DeWALT DWE4227 — DWE4227;114,82;seul;meuleuse d'angle;;AUCUN;;;;;;reconnu;famille:machine;REF:DWE4227|NU;référence;NU;1;DWE4227;186,92
Électro portatif;sciage;DT90353;DeWALT DT90353 — DT90353;113,98;seul;scie;;AUCUN;;;;;;reconnu;famille:machine;REF:DT90353|NU;référence;NU;1;DT90353;185,90
Électro portatif;meulage;DWE492-QS;DeWALT DWE492-QS — DWE492-QS;113,93;seul;meuleuse d'angle;;AUCUN;;;;;;reconnu;famille:machine;REF:DWE492|NU;référence;NU;14;DWE492-QS;178,82
Électro portatif;confort;DCE512N-XJ;DeWALT DCE512N-XJ — Ventilateur de chantier DCE512N-XJ;112,98;seul;ventilateur;;AUCUN;;;0;;;reconnu;famille:machine;REF:DCE512|NU;référence;NU;1;DCE512N-XJ;184,61
Électro portatif;percage;DCD800NT-XJ;DeWALT DCD800NT-XJ — Perceuse-visseuse 18V DCD800NT-XJ;112,02;seul;perceuse-visseuse;;TSTAK;;;0;;;reconnu;famille:machine;REF:DCD800|NU;référence;NU;9;DCD800NT-XJ;198,49
Électro portatif;batterie;DCB1104D2-QW;DEWALT DCB1104D2-QW;114,00;pack;batterie;18;;2;;1;;;inconnu;famille:energie;REF:DCB1104|2X2;référence;2X2;1;;
Électro portatif;combo;DWS520KR;DEWALT Rail de Guidage 1.5m pour DWS520KR DWS5022-XJ & Raccord de Rails de Guidage - Outillage Électroportatif - Adaptat;112,78;seul;pack d'outils;;AUCUN;;;;;;sans-ref;famille:machine;REF:DWS520|ACCESSOIRE;référence;ACCESSOIRE;6;;
Électro portatif;percage;;DeWALT Visseuse à réglage de couple et vitesse lente;114,25;seul;visseuse;;AUCUN;;;;;;sans-ref;famille:machine;TIT:visseuse r glage de couple et vitesse lente;titre;NU;1;;
Électro portatif;percage;DCD805NT-XJ;DeWALT DCD805NT-XJ — Perceuse-visseuse à percussion 18V DCD805NT-XJ;119,66;seul;perceuse-visseuse;;TSTAK;;;0;;;reconnu;famille:machine;REF:DCD805|NU;référence;NU;8;DCD805NT-XJ;207,89
Électro portatif;aspiration;AT-DXV15T;DeWALT AT-DXV15T — AT-DXV15T;118,38;seul;aspirateur;;AUCUN;;;;;;reconnu;famille:machine;REF:AT-DXV15T|NU;référence;NU;1;AT-DXV15T;184,42
Électro portatif;chantier;DCMPP568N-XJ;DeWALT DCMPP568N-XJ — Sécateur 18V DCMPP568N-XJ;118,14;seul;;;AUCUN;;;0;;;reconnu;famille:machine;REF:DCMPP568|NU;référence;NU;1;DCMPP568N-XJ;191,03
Électro portatif;vissage-choc;DCF840NT-XJ;DeWALT DCF840NT-XJ — Visseuse à chocs 18V DCF840NT-XJ;116,26;seul;visseuse à chocs;;TSTAK;;;0;;;reconnu;famille:machine;REF:DCF840|NU;référence;NU;8;DCF840NT-XJ;180,66
Électro portatif;batterie;DCB184P2-XJ;DEWALT DCB184P2-XJ;118,88;pack;batterie;18;;5;;1;;;inconnu;famille:energie;REF:DCB184|2X5;référence;2X5;1;;
Électro portatif;;;DeWalt Bluetooth® Tobsite Pro Max Neckband Earphones;118,20;seul;;;;;;;;;sans-ref;titre;TIT:bluetooth tobsite pro max neckband earphones;titre;NU;1;;
Électro portatif;confort;;DEWALT Enceinte Bluetooth Portable (Version Mise à Jour), Haut-Parleur Portable sans Fil à Clipser Jobsite Pro résistant;117,91;seul;radio de chantier;;AUCUN;;;;;;sans-ref;famille:machine;TIT:enceinte bluetooth portable version mise jour haut parleur portable sans fil clipser jobsite pro r sistant;titre;NU;3;;
Électro portatif;meulage;;DEWALT Meuleuse Compacte avec Interrupteur à Palette, avec Système d'Éjection de la Poussière et Carter de Protection Ré;117,09;pack;meuleuse;;AUCUN;;;;;;sans-ref;famille:machine;TIT:meuleuse compacte avec interrupteur palette avec syst me d jection de la poussi re et carter de protection r;titre;ACCESSOIRE;1;;
Électro portatif;;;DeWalt Enrouleur pneumatique 30 m;117,02;seul;;;;;;;;;sans-ref;titre;TIT:enrouleur pneumatique 30 m;titre;NU;1;;
Électro portatif;chargeur;;DEWALT Chargeur USB C 4 Ports 100W Haute Puissance, Station de Charge Multiport avec Répartition Intelligente, Câble EU ;116,99;pack;chargeur;20;;;;;;;sans-ref;famille:energie;TIT:chargeur usb c 4 ports 100w haute puissance station de charge multiport avec r partition intelligente c ble eu;titre;CHARGEUR;1;;
Électro portatif;meulage;DCG405N;DeWalt DCG 405 N;116,90;seul;meuleuse d'angle;18;AUCUN;;;;;;sans-ref;famille:machine;REF:DCG405|NU;référence;NU;11;;
Électro portatif;vissage-choc;DCF85M;Perceuse et visseuse à chocs sans balais DEWALT DCF85M 20V | Outil électrique avec couple de 205 Nm, 0-3250 tr/min, mand;115,69;pack;visseuse à chocs;20;AUCUN;;;;;;sans-ref;famille:machine;REF:DCF85|NU;référence;NU;1;;
Électro portatif;jardin;DCMBL562N-XJ;DeWALT DCMBL562N-XJ — Souffleur 18V DCMBL562N-XJ;124,19;seul;;18;AUCUN;;;0;;;reconnu;famille:machine;REF:DCMBL562|NU;référence;NU;1;DCMBL562N-XJ;198,46
Électro portatif;;DWE315-QS;DeWALT DWE315-QS — DWE315-QS;123,55;seul;;;AUCUN;;;;;;reconnu;famille:machine;REF:DWE315|NU;référence;NU;5;DWE315-QS;197,68
Électro portatif;bois;DNP612;DeWALT DNP612 — DNP612;123,24;seul;défonceuse;;AUCUN;;;;;;reconnu;famille:machine;REF:DNP612|NU;référence;NU;1;DNP612;197,30
Électro portatif;percage;DCD799NT-XJ;DeWALT DCD799NT-XJ — Perceuse-visseuse à percussion 18V DCD799NT-XJ;122,94;seul;perceuse-visseuse;18;TSTAK;;;0;;;reconnu;famille:machine;REF:DCD799|NU;référence;NU;2;DCD799NT-XJ;211,87
Électro portatif;aspiration;AT-DXV20PTA;DeWALT AT-DXV20PTA — AT-DXV20PTA;122,25;seul;aspirateur;;AUCUN;;;;;;reconnu;famille:machine;REF:AT-DXV20PTA|NU;référence;NU;1;AT-DXV20PTA;196,09
Électro portatif;percage;DCD778N;DeWALT DCD778N — DCD778N Perceuse à marteau mixte sans balais 18 V, 65 Nm XR Li-Ion;122,12;seul;perceuse;18;AUCUN;;;0;;;reconnu;famille:machine;REF:DCD778|NU;référence;NU;3;DCD778N;195,88
Électro portatif;percage;DCD710;DeWALT DCD710 — DCD710;121,33;seul;perceuse-visseuse;;AUCUN;;;;;;reconnu;famille:machine;REF:DCD710|NU;référence;NU;1;DCD710;184,33
Électro portatif;fixation;DPS8016;DeWALT DPS8016 — DPS8016;121,00;seul;agrafeuse;;AUCUN;;;;;;reconnu;famille:machine;REF:DPS8016|NU;référence;NU;1;DPS8016;194,57
Électro portatif;percage;DCD710D2;DEWALT DCD710D2;121,33;pack;perceuse-visseuse;;AUCUN;2;;2;;;inconnu;famille:machine;REF:DCD710|2X2;référence;2X2;2;;
Électro portatif;batterie;DCBP034E2-XJ;DEWALT DCBP034E2-XJ;120,18;pack;batterie;18;;1.7;;1;;;inconnu;famille:energie;REF:DCBP034|2X1.7;référence;2X1.7;1;;
Électro portatif;mesure;DW089;Niveau laser DEWALT DW089 12V, nivellement automatique, alarme sonore/lumineuse, alignement mural et au sol, constructio;125,00;seul;niveau laser;12;AUCUN;;;;;;sans-ref;famille:machine;REF:DW089|NU;référence;NU;2;;
Électro portatif;;DCE560;DEWALT Kit de conversion du tube d'extrusion en acrylique DEWALT (pour sachets de 600 ml) pour DCE 560 Quantité:1;123,99;pack;;;AUCUN;;;;600;;sans-ref;famille:machine;REF:DCE560|ACCESSOIRE;référence;ACCESSOIRE;1;;
Électro portatif;mesure;DCL040E1;DeWalt DCL 040 E1 Lampe LED sans fil 18 V 110 lm + 1x Powerstack batterie 1,7 Ah + chargeur;123,35;pack;lampe;18;AUCUN;1.7;;1;;;sans-ref;famille:machine;REF:DCL040|1X1.7+CHARGEUR;référence;1X1.7+CHARGEUR;1;;
Électro portatif;vissage-choc;DCF921;DeWALT DCF921N-XJ — DCF921N-XJ;131,15;seul;visseuse à chocs;;AUCUN;;;;;;reconnu;famille:machine;REF:DCF921|NU;référence;NU;25;DCF921N-XJ;206,95
Électro portatif;aspiration;D25304DH;DeWALT D25304DH — D25304DH;130,74;seul;système d'aspiration;;AUCUN;;;;;;reconnu;famille:machine;REF:D25304|NU;référence;NU;1;D25304DH;206,44
Électro portatif;aspiration;DCV501LN-XJ;DeWALT DCV501LN-XJ — Aspirateur à main 18V DCV501LN-XJ;130,27;seul;aspirateur;;AUCUN;;;0;;;reconnu;famille:machine;REF:DCV501|NU;référence;NU;3;DCV501LN-XJ;197,58
Électro portatif;bois;DCS353N;DeWALT DCS353B — DCS353B Outil oscillant sans fil Lithium-Ion 12 V MAX (outil uniquement);127,44;seul;outil multifonctions;12;AUCUN;;;0;;;reconnu;famille:machine;REF:DCS353|NU;référence;NU;4;DCS353B;191,66
Électro portatif;mesure;DW03050;DeWALT DW03050 — DW03050;129,99;seul;télémètre laser;;AUCUN;;;;;;reconnu;famille:machine;REF:DW03050|NU;référence;NU;1;DW03050;205,51
Électro portatif;sciage;DCS369N;DeWALT DCS369N-XJ — Scie sabre 18V DCS369N-XJ;125,04;seul;scie sabre;;AUCUN;;;0;;;reconnu;famille:machine;REF:DCS369|NU;référence;NU;18;DCS369N-XJ;186,41
Électro portatif;meulage;DWE4238;DeWALT DWE4238 — DWE4238;129,00;seul;meuleuse d'angle;;AUCUN;;;;;;reconnu;famille:machine;REF:DWE4238|NU;référence;NU;1;DWE4238;207,29
Électro portatif;sciage;DWE560-QS;DeWALT DWE560-QS — Scie circulaire 1350W Ø184 mm DWE560-QS;128,90;seul;scie circulaire;;AUCUN;;;;;;reconnu;famille:machine;REF:DWE560|NU;référence;NU;4;DWE560-QS;204,18
Électro portatif;chargeur;DCB1106;DeWALT DCB1106 — DCB1106 12V/20V 6 Amp Max Corded Compact Charger;128,76;pack;chargeur;20;;;;;;;reconnu;famille:energie;REF:DCB1106|CHARGEUR;référence;CHARGEUR;1;DCB1106;204,08
Électro portatif;sciage;DCS312N-XJ;DeWALT DCS312N-XJ — DCS312N-XJ;128,15;seul;scie sabre;;AUCUN;;;0;;;reconnu;famille:machine;REF:DCS312|NU;référence;NU;2;DCS312N-XJ;203,38
Électro portatif;chantier;DCC018N;DeWALT DCC018N — DCC018N;127,90;seul;compresseur;;AUCUN;;;0;;;reconnu;famille:machine;REF:DCC018|NU;référence;NU;3;DCC018N;202,98
Électro portatif;sciage;DWE550;DeWALT DWE550 — DWE550;127,72;seul;scie circulaire;;AUCUN;;;;;;reconnu;famille:machine;REF:DWE550|NU;référence;NU;1;DWE550;203,03
Électro portatif;perforation;D25133K;DeWALT D25133K — D25133K;127,09;seul;marteau perforateur;;AUCUN;;;;;;reconnu;famille:machine;REF:D25133|NU;référence;NU;4;D25133K;194,47
Électro portatif;fixation;DPN1850PP-XJ;DeWALT DPN1850PP-XJ — DPN1850PP-XJ;127,03;seul;cloueur;;AUCUN;;;;;;reconnu;famille:machine;REF:DPN1850|NU;référence;NU;2;DPN1850PP-XJ;201,97
Électro portatif;combo;DWMT45424;DeWALT DWMT45424 — DWMT45424 Ensemble d'outils de mécanicien, 84 pièces SAE/métriques avec cliquet à profil bas 72 dents, entraîneme;126,73;pack;pack d'outils;;AUCUN;;;;;;reconnu;famille:machine;REF:DWMT45424|NU;référence;NU;1;DWMT45424;200,32
Électro portatif;meulage;DWE4257;DeWALT DWE4257KT-QS — Meuleuse Ø125 mm 1500 W DWE4257KT-QS;125,99;seul;meuleuse d'angle;;AUCUN;;;;;;reconnu;famille:machine;REF:DWE4257|NU;référence;NU;4;DWE4257KT-QS;200,70
Électro portatif;meulage;DWE4206-QS;DeWALT DWE4206-QS — DWE4206-QS;125,96;seul;meuleuse d'angle;;AUCUN;;;;;;reconnu;famille:machine;REF:DWE4206|NU;référence;NU;2;DWE4206-QS;174,37
Électro portatif;percage;DCF620N;DeWALT DCF620NT-XJ — Visseuse à placo 18V XR (solo, coffret TSTAK);125,12;seul;perceuse-visseuse;;AUCUN;;;0;;;reconnu;famille:machine;REF:DCF620|NU;référence;NU;13;DCF620NT-XJ;199,57
Électro portatif;batterie;DCB547-XJ;DeWalt FlexVolt Li-Ion XR 18V/54V 9,0 Ah (DCB547-XJ);128,52;pack;batterie;54;;9;;1;;;sans-ref;famille:energie;REF:DCB547|1X9.0;référence;1X9.0;3;;
Électro portatif;;;DEWALT Câble de charge pour véhicule électrique Type 2, 3,7kW, 5m;125,50;seul;;;;;;;;;sans-ref;titre;TIT:c ble de charge pour v hicule lectrique type 2 3 7kw 5m;titre;NU;1;;
Électro portatif;meulage;DWE4277;DeWALT DWE4277 — DWE4277;138,49;seul;meuleuse d'angle;;AUCUN;;;;;;reconnu;famille:machine;REF:DWE4277|NU;référence;NU;1;DWE4277;216,05
Électro portatif;jardin;DCMHT562N-XJ;DeWALT DCMHT562N-XJ — Taille haie 18V 55cm DCMHT562N-XJ;137,90;pack;taille-haie;;AUCUN;;;0;;;reconnu;famille:machine;REF:DCMHT562|NU;référence;NU;1;DCMHT562N-XJ;215,26
Électro portatif;percage;DCD776D1-QW;DeWALT DCD776D1-QW — DCD776D1-QW Perceuse à percussion à batterie 18V 1x2 Ah Li-Ion;136,95;pack;perceuse à percussion;18;AUCUN;2;;1;;;reconnu;famille:machine;REF:DCD776|1X2;référence;1X2;1;DCD776D1-QW;214,19
Électro portatif;bois;DCW200;DeWALT DCW200 — DCW200;136,80;seul;ponceuse;18;AUCUN;;;;;;reconnu;famille:machine;REF:DCW200|NU;référence;NU;3;DCW200;213,96
Électro portatif;vissage-choc;DCF922N-XJ;"DeWALT DCF922N-XJ — Boulonneuse à chocs compacte 1/2"" 18V XR 406 Nm (machine seule)";136,17;seul;visseuse à chocs;;AUCUN;;;0;;;reconnu;famille:machine;REF:DCF922|NU;référence;NU;6;DCF922N-XJ;194,94
Électro portatif;percage;DCD996;DeWALT DCD996N — Perceuse à percussion 18V XR Brushless (machine seule);135,59;seul;perceuse-visseuse;;AUCUN;;;0;;;reconnu;famille:machine;REF:DCD996|NU;référence;NU;14;DCD996N;230,06
Électro portatif;sciage;DCS512N;DeWALT DCS512N — DCS512N;134,34;seul;scie circulaire;;AUCUN;;;0;;;reconnu;famille:machine;REF:DCS512|NU;référence;NU;3;DCS512N;210,91
Électro portatif;bois;DCE555N-XJ;DeWALT DCE555N-XJ — Fraiseuse pour placo 18V DCE555N-XJ;133,39;seul;fraiseuse;;AUCUN;;;0;;;reconnu;famille:machine;REF:DCE555|NU;référence;NU;2;DCE555N-XJ;182,58
Électro portatif;meulage;DCG412N-XJ;DeWALT DCG412N-XJ — DCG412N-XJ;131,74;seul;meuleuse d'angle;18;AUCUN;;;0;;;reconnu;famille:machine;REF:DCG412|NU;référence;NU;3;DCG412N-XJ;207,76
Électro portatif;jardin;DCMPS520N-XJ;DeWALT DCMPS520N-XJ — Tronçonneuse d'élagage 18V XR guide 20 cm (solo);131,36;pack;tronçonneuse;18;AUCUN;;;0;;;reconnu;famille:machine;REF:DCMPS520|NU;référence;NU;4;DCMPS520N-XJ;222,00
Électro portatif;fixation;DCN9301;DeWALT DCN9301 — DCN9301;131,32;seul;cloueur;;AUCUN;;;;;;reconnu;famille:machine;REF:DCN9301|NU;référence;NU;1;DCN9301;207,23
Électro portatif;batterie;;Chargeur de Batterie de Chantier XR, 18V;137,60;pack;batterie;18;;;;1;;;sans-ref;famille:energie;TIT:chargeur de batterie de chantier xr 18v;titre;CHARGEUR;5;;
Électro portatif;vissage-choc;DXBC9002-2X;DEWALT DXBC9002-2X Kit de 8 pièces avec Sangles à cliquet rétractables automatiques de 5,1 cm x 3 m (résistance à la Rup;136,98;pack;cliquet;;AUCUN;;;;;;sans-ref;famille:machine;REF:DXBC9002-2|NU;référence;NU;1;;
Électro portatif;batterie;DCB1102MDR-QW;Dewalt DCB1102MDR-QW Pack 2 batteries 4.0Ah + 2.0Ah XR 18V Li-Ion + chargeur;134,68;pack;batterie;18;;4;;2;;;sans-ref;famille:energie;REF:DCB1102|1X4.0+CHARGEUR;référence;1X4.0+CHARGEUR;1;;
Électro portatif;percage;DCD740N;DeWALT DCD740 — DCD740;144,36;seul;perceuse-visseuse;;AUCUN;;;0;;;reconnu;famille:machine;REF:DCD740|NU;référence;NU;3;DCD740;222,44
Électro portatif;bois;DCW210NT;DeWALT DCW210NT-XJ — Ponceuse Ø125 mm 18V DCW210NT-XJ;142,37;seul;ponceuse;18;TSTAK;;;0;;;reconnu;famille:machine;REF:DCW210|NU;référence;NU;3;DCW210NT-XJ;191,44
Électro portatif;aspiration;AT-DXV23P-QT;DeWALT AT-DXV23P-QT — AT-DXV23P-QT;143,05;seul;aspirateur;;AUCUN;;;;;;reconnu;famille:machine;REF:AT-DXV23P-QT|NU;référence;NU;1;AT-DXV23P-QT;222,92
Électro portatif;batterie;DCB1880-XJ;DeWALT DCB1880-XJ — DCB1880-XJ;142,45;pack;batterie;18;;8;;1;;;reconnu;famille:energie;REF:DCB1880|NU;référence;NU;1;DCB1880-XJ;220,94
Électro portatif;perforation;DCH133N;DeWALT DCH133N — DCH133N;142,06;seul;marteau perforateur;;AUCUN;;;0;;;reconnu;famille:machine;REF:DCH133|NU;référence;NU;10;DCH133N;223,87
Électro portatif;aspiration;DWH205DH-XJ;DeWALT DWH205DH-XJ — DWH205DH-XJ;141,90;seul;système d'aspiration;;AUCUN;;;;;;reconnu;famille:machine;REF:DWH205|NU;référence;NU;1;DWH205DH-XJ;220,22
Électro portatif;combo;DWMT73801-1;"DeWALT DWMT73801-1 — DWMT73801-1 Ensemble d'outils de mécanicien 108 pièces métriques impériales 1/4"" 3/8""";140,26;pack;pack d'outils;;AUCUN;;;;;;reconnu;famille:machine;REF:DWMT73801-1|NU;référence;NU;8;DWMT73801-1;214,54
Électro portatif;perforation;DCH072N;DeWALT DCH072N — DCH072N;141,18;seul;perforateur;;AUCUN;;;0;;;reconnu;famille:machine;REF:DCH072|NU;référence;NU;4;DCH072N;232,56
Électro portatif;fixation;DPN2330-XJ;DeWALT DPN2330-XJ — DPN2330-XJ;140,96;seul;cloueur;;AUCUN;;;;;;reconnu;famille:machine;REF:DPN2330|NU;référence;NU;1;DPN2330-XJ;219,05
Électro portatif;sciage;DCS356N;DeWALT DCS356NT-XJ — Outil multifonction 18V DCS356NT-XJ;140,83;seul;;18;AUCUN;;;0;;;reconnu;famille:machine;REF:DCS356|NU;référence;NU;6;DCS356NT-XJ;218,84
Électro portatif;combo;DWMT73801;"DeWALT DWMT73801 — Ensemble d'outils DeWalt DWMT73801; 108 unités";140,75;pack;pack d'outils;;AUCUN;;;;;;reconnu;famille:machine;REF:DWMT73801|NU;référence;NU;1;DWMT73801;218,33
Électro portatif;meulage;DCG426;DeWALT DCG426N-XJ — Meuleuse droite XR 18V DCG426N-XJ;140,14;seul;meuleuse droite;18;AUCUN;;;;;;reconnu;famille:machine;REF:DCG426|NU;référence;NU;10;DCG426N-XJ;218,05
Électro portatif;percage;DCD771D2-QW;DeWALT DCD771D2-QW — DCD771D2-QW;139,90;pack;perceuse-visseuse;;AUCUN;2;;2;;;reconnu;famille:machine;REF:DCD771|2X2;référence;2X2;1;DCD771D2-QW;217,60
Électro portatif;meulage;DCG406N;DeWALT DCG406N-XJ — Meuleuse Ø125 mm DCG406N-XJ;139,50;seul;meuleuse d'angle;18;AUCUN;;;0;;;reconnu;famille:machine;REF:DCG406|NU;référence;NU;7;DCG406N-XJ;217,34
Électro portatif;percage;DCD708N;DeWalt DCD 708 N Perceuse-visseuse sans fil 18 V 65 Nm Brushless + 1x batterie 4,0 Ah - sans chargeur;143,06;pack;perceuse-visseuse;18;AUCUN;4;;1;;;sans-ref;famille:machine;REF:DCD708|1X4.0;référence;1X4.0;1;;
Électro portatif;percage;DCD708D1T-QW;Dewalt DCD708D1T-QW Perceuse visseuse sans fil Brushless XR 65Nm 18V 1x2Ah Batterie + Chargeur en Tstak;142,38;pack;perceuse-visseuse;18;TSTAK;2;;1;;;sans-ref;famille:machine;REF:DCD708|1X2+CHARGEUR;référence;1X2+CHARGEUR;4;;
Électro portatif;aspiration;D215804-XJ;DEWALT D215804-XJ Extracteur de poussière et connexion, Noir, 1/2inch;140,15;seul;aspirateur;;AUCUN;;;;;;sans-ref;famille:machine;REF:D215804|NU;référence;NU;1;;
Électro portatif;;DWE74911;DeWalt Machine stand (DWE74911);139,54;seul;;;AUCUN;;;;;;sans-ref;famille:machine;REF:DWE74911|NU;référence;NU;1;;
Électro portatif;batterie;DCB182;Dewalt DCB182 Lot de 2 batteries XR Li-Ion 18 V 4 Ah 18 V;139,00;pack;batterie;18;;4;;2;2;;sans-ref;famille:energie;REF:DCB182|1X4;référence;1X4;1;;
Électro portatif;batterie;DCB189-XJ;DEWALT DCB189-XJ DCB189-XJ-Batería carril XR 18V Li-ION 4,0Ah;138,67;seul;batterie;18;;4;;;;;sans-ref;famille:energie;REF:DCB189|1X4.0;référence;1X4.0;1;;
Électro portatif;perforation;DCH172N-XJ;DeWALT DCH172N-XJ — Perforateur SDS Plus 18V DCH172N-XJ;149,99;seul;perforateur;;AUCUN;;;0;;;reconnu;famille:machine;REF:DCH172|NU;référence;NU;6;DCH172N-XJ;211,46
Électro portatif;percage;DCF622N;DeWALT DCF622 — DCF622;148,98;seul;visseuse à placo;;AUCUN;;;0;;;reconnu;famille:machine;REF:DCF622|NU;référence;NU;3;DCF622;243,55
Électro portatif;sciage;DCS331N;DeWALT DCS331N-XJ — Scie sauteuse DCS331N-XJ;148,80;seul;scie sauteuse;;AUCUN;;;0;;;reconnu;famille:machine;REF:DCS331|NU;référence;NU;4;DCS331N-XJ;228,71
Électro portatif;jardin;DCMHT564N-XJ;DeWALT DCMHT564N-XJ — Taille haie 18V 55cm DCMHT564N-XJ;148,20;seul;taille-haie;;AUCUN;;;0;;;reconnu;famille:machine;REF:DCMHT564|NU;référence;NU;1;DCMHT564N-XJ;227,93
Électro portatif;percage;DCD701D2;DeWALT DCD701D2 — DCD701D2;146,99;pack;perceuse-visseuse;;AUCUN;2;;2;;;reconnu;famille:machine;REF:DCD701|2X2;référence;2X2;2;DCD701D2;231,52
Électro portatif;jardin;DCMST561N-XJ;DeWALT DCMST561N-XJ — DCMST561N-XJ;146,84;seul;débroussailleuse;18;AUCUN;;;0;;;reconnu;famille:machine;REF:DCMST561|NU;référence;NU;1;DCMST561N-XJ;226,28
Électro portatif;percage;DCD703NT;DeWALT DCD703NT — DCD703NT;146,54;seul;perceuse-visseuse;;TSTAK;;;0;;;reconnu;famille:machine;REF:DCD703|NU;référence;NU;2;DCD703NT;226,20
Électro portatif;jardin;DCMHT563N;DeWALT DCMHT563N-XJ — Taille haie 18V 55 cm DCMHT563N-XJ;145,90;pack;taille-haie;;AUCUN;;;0;;;reconnu;famille:machine;REF:DCMHT563|NU;référence;NU;2;DCMHT563N-XJ;225,12
Électro portatif;mesure;DW0822-XJ;DeWALT DW0822-XJ — DW0822-XJ;145,65;seul;niveau laser;;AUCUN;;;;;;reconnu;famille:machine;REF:DW0822|NU;référence;NU;1;DW0822-XJ;227,60
Électro portatif;sciage;DWE305PK;DeWALT DWE305PK-QS — Scie sabre 1100 W DWE305PK-QS;144,91;seul;scie sabre;;AUCUN;;;;;;reconnu;famille:machine;REF:DWE305|NU;référence;NU;5;DWE305PK-QS;223,88
Électro portatif;percage;DCD708D1T;DEWALT DCD708D1T;147,08;pack;perceuse-visseuse;;TSTAK;2;;1;;;inconnu;famille:machine;REF:DCD708|1X2;référence;1X2;1;;
Électro portatif;sciage;DCS391N;DEWALT DCS391N;146,48;pack;scie circulaire;;AUCUN;;;0;;;inconnu;famille:machine;REF:DCS391|NU;référence;NU;6;;
Électro portatif;batterie;DCB1104P2-QW;DEWALT DCB1104P2-QW;144,89;pack;batterie;18;;5;;1;;;inconnu;famille:energie;REF:DCB1104|2X5;référence;2X5;2;;
Électro portatif;percage;DCD771S2-QW;DEWALT DCD771S2-QW;144,60;seul;perceuse-visseuse;18;AUCUN;1.5;;;;;inconnu;famille:machine;REF:DCD771|NU;référence;NU;1;;
Électro portatif;;DXBC90006;DEWALT DXBC90006 Kit de récupération de Corde de remorquage cinétique Robuste de 2,2 cm x 9,2 m avec 2 manilles Souples ;149,76;pack;;;;;;;;;sans-ref;titre;REF:DXBC90006|NU;référence;NU;1;;
Électro portatif;percage;DCD708N;DeWalt DCD 708 N Perceuse-visseuse sans fil 18 V 65 Nm Brushless + 1x batterie 5,0 Ah - sans chargeur;149,48;pack;perceuse-visseuse;18;AUCUN;5;;1;;;sans-ref;famille:machine;REF:DCD708|1X5.0;référence;1X5.0;2;;
Électro portatif;percage;;DEWALT Perceuse à aspiration DEWALT SDS-max 24x400x600mm Quantité:1;147,98;seul;perceuse;;AUCUN;;;;;;sans-ref;famille:machine;TIT:perceuse aspiration sds max 24x400x600mm quantit 1;titre;NU;1;;
Électro portatif;;;DEWALT Jobsite Écouteurs Ouverts très résistants Bluetooth 5.3 sans Fil avec 44 Heures d'autonomie, Son de qualité supér;145,99;seul;;;;;;;;;sans-ref;titre;TIT:jobsite couteurs ouverts tr s r sistants bluetooth 5 3 sans fil avec 44 heures d autonomie son de qualit sup r;titre;NU;1;;
Électro portatif;aspiration;AT-DXV30SAPTA;DeWALT AT-DXV30SAPTA — AT-DXV30SAPTA;158,10;seul;aspirateur;;AUCUN;;;;;;reconnu;famille:machine;REF:AT-DXV30SAPTA|NU;référence;NU;1;AT-DXV30SAPTA;239,75
Électro portatif;percage;DCD706D2;DeWALT DCD706D2 — DCD706D2;158,03;pack;perceuse-visseuse;;AUCUN;2;;2;;;reconnu;famille:machine;REF:DCD706|2X2;référence;2X2;1;DCD706D2;240,05
Électro portatif;vissage-choc;DCF870N-XJ;DeWALT DCF870N-XJ — Visseuse à chocs hydraulique 18V XR (machine seule);157,87;seul;visseuse à chocs;;AUCUN;;;0;;;reconnu;famille:machine;REF:DCF870|NU;référence;NU;3;DCF870N-XJ;239,96
Électro portatif;meulage;DCG408N;DeWALT DCG408NT-XJ — Meuleuse Ø125 mm 18V DCG408NT-XJ;157,49;seul;meuleuse d'angle;18;AUCUN;;;0;;;reconnu;famille:machine;REF:DCG408|NU;référence;NU;2;DCG408NT-XJ;239,41
Électro portatif;vissage-choc;DCF512N-XJ;"DeWALT DCF512N — Clé à cliquet 18V XR 1/2"" Brushless (produit seul)";157,26;seul;cliquet;;AUCUN;;;0;;;reconnu;famille:machine;REF:DCF512|NU;référence;NU;3;DCF512N;239,09
Électro portatif;aspiration;DXV30SAPTA;DeWALT DXV30SAPTA — DXV30SAPTA;156,17;seul;aspirateur;;AUCUN;;;;;;reconnu;famille:machine;REF:DXV30|NU;référence;NU;2;DXV30SAPTA;237,85
Électro portatif;batterie;DCB547;DeWALT DCB547-XJ — Batterie 18V-54V 9Ah-3Ah XR Flexvolt DCB547-XJ;155,91;pack;batterie;18;;9;;18;;;reconnu;famille:energie;REF:DCB547|1X9;référence;1X9;1;DCB547-XJ;247,02
Électro portatif;vissage-choc;DCF899N-XJ;"DeWALT DCF899NT-XJ — Boulonneuse à chocs 18V 1/2"" DCF899NT-XJ";155,30;seul;visseuse à chocs;;AUCUN;4;;0;;;reconnu;famille:machine;REF:DCF899|NU;référence;NU;9;DCF899NT-XJ;236,68
Électro portatif;vissage-choc;DCF923N;DeWALT DCF923N — DCF923N;155,10;seul;visseuse à chocs;;AUCUN;;;0;;;reconnu;famille:machine;REF:DCF923|NU;référence;NU;2;DCF923N;236,53
Électro portatif;aspiration;D25303DH-XJ;DeWALT D25303DH-XJ — D25303DH-XJ;154,99;seul;système d'aspiration;;AUCUN;;;;;;reconnu;famille:machine;REF:D25303|NU;référence;NU;1;D25303DH-XJ;246,88
Électro portatif;meulage;DCS438N-XJ;DeWALT DCS438N-XJ — Meuleuse Ø76 mm XR 18V DCS438N-XJ;154,96;pack;meuleuse;18;AUCUN;;;0;;;reconnu;famille:machine;REF:DCS438|NU;référence;NU;1;DCS438N-XJ;236,32
Électro portatif;percage;DCD716D2;DeWALT DCD716D2 — DCD716D2;154,88;pack;perceuse-visseuse;;AUCUN;2;;2;;;reconnu;famille:machine;REF:DCD716|2X2;référence;2X2;1;DCD716D2;219,49
Électro portatif;aspiration;DCE100B;DeWALT DCE100B — Souffleur 20 V Max* pour Chantier, Compact, Outil Uniquement (DCE100B);152,74;seul;souffleur;20;AUCUN;;;;;;reconnu;famille:machine;REF:DCE100|ACCESSOIRE;référence;ACCESSOIRE;2;DCE100B;236,16
Électro portatif;vissage-choc;DCF903B;DeWALT DCF903B — DCF903B XTREME 12V MAX Brushless 3/8 in. Cordless Impact Wrench (Tool Only);152,62;seul;clé à chocs;12;AUCUN;;;;;;reconnu;famille:machine;REF:DCF903|NU;référence;NU;2;DCF903B;241,92
Électro portatif;meulage;DWE494-QS;DeWALT DWE494-QS — DWE494-QS;152,39;seul;meuleuse d'angle;;AUCUN;;;;;;reconnu;famille:machine;REF:DWE494|NU;référence;NU;2;DWE494-QS;233,16
Électro portatif;perforation;DCHJ067B-L;DeWALT DCHJ067B-L — DCHJ067B-L Veste chauffante à capuche nue, 20 V/12 V MAX, noir, taille L;152,30;seul;;20;AUCUN;;;;;;reconnu;famille:machine;REF:DCHJ067|NU;référence;NU;2;DCHJ067B-L;233,02
Électro portatif;percage;DCDW103;DeWALT DCDW103-XJ — DCDW103-XJ DCDW103-XJ Couronne de perçage à eau diamantée 82 mm 1 pc(s);152,23;seul;;;AUCUN;;;;;;reconnu;famille:machine;REF:DCDW103|NU;référence;NU;1;DCDW103-XJ;232,91
Électro portatif;mesure;DCL045-XJ;DeWALT DCL045-XJ — DCL045-XJ;151,68;pack;;;AUCUN;;;1;;;reconnu;famille:machine;REF:DCL045|NU;référence;NU;1;DCL045-XJ;232,22
Électro portatif;jardin;DCM563PB-XJ;DeWALT DCM563PB-XJ — Taille haie 18V 55 cm DCM563PB-XJ;150,89;pack;taille-haie;;AUCUN;;;0;;;reconnu;famille:machine;REF:DCM563|NU;référence;NU;2;DCM563PB-XJ;223,36
Électro portatif;jardin;DCMASED9N-XJ;DeWALT DCMASED9N-XJ — DCMASED9N-XJ Tête De Coupe À Bras Articulé Pour Coupe-bordures;150,12;seul;coupe-bordure;;AUCUN;;;0;;;reconnu;famille:machine;REF:DCMASED9|NU;référence;NU;2;DCMASED9N-XJ;230,28
Électro portatif;confort;DXF1645A;DeWALT DXF1645A — DXF1645A;149,99;seul;ventilateur;;AUCUN;;;;;;reconnu;famille:machine;REF:DXF1645|NU;référence;NU;1;DXF1645A;415,85
Électro portatif;percage;DCD706;DEWALT DCD706;158,03;seul;perceuse-visseuse;;AUCUN;;;;;;inconnu;famille:machine;REF:DCD706|NU;référence;NU;2;;
Électro portatif;percage;DCD776D2;DEWALT DCD776D2;157,35;pack;perceuse-visseuse;;AUCUN;2;;2;;;inconnu;famille:machine;REF:DCD776|2X2;référence;2X2;1;;
Électro portatif;percage;DCD776;DEWALT DCD776;157,35;seul;perceuse-visseuse;;AUCUN;;;;;;inconnu;famille:machine;REF:DCD776|NU;référence;NU;1;;
Électro portatif;percage;DCD716;DEWALT DCD716;154,88;seul;perceuse-visseuse;;AUCUN;;;;;;inconnu;famille:machine;REF:DCD716|NU;référence;NU;1;;
Électro portatif;percage;DCD709D1T-QW;Dewalt DCD709D1T-QW Perceuse à percussion sans fil XR 18V 65Nm 2 vitesses - 1 X 2.0 Ah Batterie, chargeur en coffret;153,94;pack;perceuse à percussion;18;GENERIQUE;2;;1;;;inconnu;famille:machine;REF:DCD709|1X2.0+CHARGEUR;référence;1X2.0+CHARGEUR;1;;
Électro portatif;percage;DCD708D2T;DEWALT DCD708D2T;151,90;pack;perceuse-visseuse;;TSTAK;2;;2;;;inconnu;famille:machine;REF:DCD708|2X2;référence;2X2;1;;
Électro portatif;mesure;DCL050-XJ;DEWALT Projecteur de Chantier Compact XR Sans Fil - Sans Batterie Ni Chargeur & Lampe LED XR 18V - DCL050-XJ - Lampe à F;156,83;pack;projecteur;18;AUCUN;;;0;;;sans-ref;famille:machine;REF:DCL050|NU;référence;NU;1;;
Électro portatif;vissage-choc;DCF809D1T;Dewalt DCF809D1T Clé à chocs sans fil 18V - 1/4 - Brushless (sans charbon) 1 X 2,0 Ah Batterie + chargeur en coffret;155,49;pack;clé à chocs;18;GENERIQUE;2;;1;;;sans-ref;famille:machine;REF:DCF809|ACCESSOIRE;référence;ACCESSOIRE;1;;
Électro portatif;percage;;Perceuse à percussion DEWALT dwd024Puissance 650W Professionnelle de travail;153,00;seul;perceuse à percussion;;AUCUN;;;;;;sans-ref;famille:machine;TIT:perceuse percussion dwd024puissance 650w professionnelle de travail;titre;NU;1;;
Électro portatif;batterie;DCB107;DeWalt XR Power Set / 2 x 18V 4,0 Ah + DCB107;152,00;pack;batterie;18;;4;;1;;;sans-ref;famille:energie;REF:DCB107|1X4.0;référence;1X4.0;1;;
Électro portatif;vissage-choc;DXBC10000J-6PK;DEWALT DXBC10000J-6PK Lot de 6 Sangles à cliquet Noir/Jaune, 5 cm x 8 m, pour Charges Lourdes, résistance à la Rupture, ;150,65;pack;cliquet;;AUCUN;;;;6;;sans-ref;famille:machine;REF:DXBC10000|NU;référence;NU;1;;
Électro portatif;bois;DCP580N;DeWALT DCP580N — Rabot sans fil 18V XR Brushless (machine seule);165,00;seul;rabot;;AUCUN;;;0;;;reconnu;famille:machine;REF:DCP580|NU;référence;NU;8;DCP580N;253,13
Électro portatif;meulage;DCG407N-XJ;DeWALT DCG407NT-XJ — DCG407NT-XJ;159,00;seul;meuleuse d'angle;18;AUCUN;;;0;;;reconnu;famille:machine;REF:DCG407|NU;référence;NU;2;DCG407NT-XJ;246,34
Électro portatif;meulage;DWE496;DeWALT DWE496 — DWE496;162,00;seul;meuleuse d'angle;;AUCUN;;;;;;reconnu;famille:machine;REF:DWE496|NU;référence;NU;1;DWE496;244,94
Électro portatif;aspiration;DXV234P;DeWALT DXV234P — DXV234P;161,99;seul;aspirateur;;AUCUN;;;;;;reconnu;famille:machine;REF:DXV234|NU;référence;NU;1;DXV234P;244,93
Électro portatif;percage;DCD991NT;DeWALT DCD991 — DCD991;160,04;seul;perceuse-visseuse;;TSTAK;;;0;;;reconnu;famille:machine;REF:DCD991|NU;référence;NU;3;DCD991;252,46
Électro portatif;percage;DW275KN;DeWALT DW275KN — DW275KN;159,17;seul;visseuse;;AUCUN;;;0;;;reconnu;famille:machine;REF:DW275|NU;référence;NU;1;DW275KN;238,57
Électro portatif;aspiration;EUDXV34P;DeWALT EUDXV34P — EUDXV34P;159,00;seul;aspirateur;;AUCUN;;;;;;reconnu;famille:machine;REF:EUDXV34|NU;référence;NU;1;EUDXV34P;241,37
Électro portatif;sciage;DCS571N;DeWALT DCS571N — DCS571N;159,00;seul;scie circulaire;;AUCUN;;;0;;;reconnu;famille:machine;REF:DCS571|NU;référence;NU;3;DCS571N;241,37
Électro portatif;aspiration;DWH161N;DEWALT DWH161N;159,98;seul;système d'aspiration;;AUCUN;;;0;;;inconnu;famille:machine;REF:DWH161|NU;référence;NU;2;;
Électro portatif;vissage-choc;DCF809D2T-QW;DEWALT DCF809D2T-QW;158,44;pack;visseuse à chocs;;TSTAK;2;;2;;;inconnu;famille:machine;REF:DCF809|2X2;référence;2X2;1;;
Électro portatif;percage;DCD791D1-QW;Dewalt DCD791D1-QW Set perceuse visseuse Li-Ion 18V (1x batterie 2.0Ah) dans TSTAK - moteur brushless - 70Nm;163,75;pack;perceuse-visseuse;18;TSTAK;2;;1;;;sans-ref;famille:machine;REF:DCD791|1X2.0;référence;1X2.0;1;;
Électro portatif;mesure;DW088K-XJ;DeWalt - Niveau laser en croix - faisceau rouge - coffret - DW088K-XJ & Stanley FATMAX Cisaille Aviation Tête Droite Aci;163,21;pack;niveau laser;;GENERIQUE;;;;;;sans-ref;famille:machine;REF:DW088|NU+ROUGE;référence;NU+ROUGE;1;;
Électro portatif;aspiration;DCV100N;DeWalt DCV 100 N 1 x 4Ah Batterie sans chargeur;161,95;pack;;;AUCUN;4;;1;;;sans-ref;famille:machine;REF:DCV100|1X4;référence;1X4;1;;
Électro portatif;percage;DCD796D1-QW;Dewalt DCD796D1-QW Perceuse Visseuse Percussion Compact XR 18V Li-Ion Brushless - 1X 2Ah Batterie + chargeur en coffret;161,48;pack;perceuse-visseuse;18;GENERIQUE;2;;1;;;sans-ref;famille:machine;REF:DCD796|1X2+CHARGEUR;référence;1X2+CHARGEUR;1;;
Électro portatif;batterie;DCB184;2 BATTERIES 18v DEWALT DCB184 5Ah LI-ION + CHARGEUR DCB1104;160,00;pack;batterie;18;;5;;2;;;sans-ref;famille:energie;REF:DCB184|1X5+CHARGEUR;référence;1X5+CHARGEUR;1;;
Électro portatif;batterie;;Dewalt batterie 18V Li-Ion 5,0 Ah;159,92;pack;batterie;18;;5;;1;;;sans-ref;famille:energie;TIT:batterie 18v li ion 5 0 ah;titre;1X5.0;1;;
Électro portatif;batterie;DCB1104M2;DeWalt DCB 1104 M2;159,12;pack;batterie;12;;4;;1;;;sans-ref;famille:energie;REF:DCB1104|2X4;référence;2X4;2;;
Électro portatif;batterie;DWHT78200-XJ;DeWalt Télémètre laser 60m, batterie lithium rechargeable (DWHT78200-XJ);159,00;pack;batterie;;;;;1;;;sans-ref;famille:energie;REF:DWHT78200|NU;référence;NU;1;;
Électro portatif;batterie;DCB115P2;DeWalt Starter-Kit DCB115P2;158,24;pack;batterie;18;;5;;1;;;sans-ref;famille:energie;REF:DCB115|2X5;référence;2X5;1;;
Électro portatif;batterie;TD.POWERSET5007;DeWALT TD.POWERSET5007 — TD.POWERSET5007;174,00;pack;batterie;24;;5;;1;;;reconnu;famille:energie;REF:TD.POWERSET5007|NU;référence;NU;1;TD.POWERSET5007;259,79
Électro portatif;perforation;DCH033N-XJ;DeWALT DCH033N-XJ — DCH033N-XJ;172,80;pack;marteau perforateur;;AUCUN;;;1;;;reconnu;famille:machine;REF:DCH033|NU;référence;NU;1;DCH033N-XJ;258,34
Électro portatif;chargeur;DCB1404-QW;DeWALT DCB1404-QW — XR Chargeur QUADPORT 4A, DCB1404-QW;167,28;pack;chargeur;;;;;;;;reconnu;famille:energie;REF:DCB1404|CHARGEUR;référence;CHARGEUR;5;DCB1404-QW;251,42
Électro portatif;perforation;D25134K-QS;DeWALT D25134K — Perforateur burineur SDS-Plus 800W 2,8 J (coffret TSTAK);165,83;seul;marteau perforateur;;AUCUN;;;;;;reconnu;famille:machine;REF:D25134|NU;référence;NU;5;D25134K;280,40
Électro portatif;vissage-choc;DCF815N;DeWALT DCF815N — DCF815N;170,95;seul;visseuse à chocs;;AUCUN;;;0;;;reconnu;famille:machine;REF:DCF815|NU;référence;NU;1;DCF815N;256,08
Électro portatif;vissage-choc;DCF500N-XJ;DeWALT DCF500N-XJ — DCF500N-XJ;170,70;seul;cliquet;12;AUCUN;;;0;;;reconnu;famille:machine;REF:DCF500|NU;référence;NU;1;DCF500N-XJ;255,71
Électro portatif;vissage-choc;DCF503N-XJ;DeWALT DCF503N-XJ — DCF503N-XJ;170,08;seul;cliquet;;AUCUN;;;0;;;reconnu;famille:machine;REF:DCF503|NU;référence;NU;3;DCF503N-XJ;254,95
Électro portatif;sciage;DW341K;DeWALT DW341K — DW341K;168,49;seul;scie sauteuse;;AUCUN;;;;;;reconnu;famille:machine;REF:DW341|NU;référence;NU;1;DW341K;252,90
Électro portatif;vissage-choc;DCF504N-XJ;DeWALT DCF504 — DCF504;168,49;seul;cliquet;;AUCUN;;;0;;;reconnu;famille:machine;REF:DCF504|NU;référence;NU;2;DCF504;252,90
Électro portatif;sciage;DCS380;DeWALT DCS380 — DCS380;167,00;seul;scie sabre;18;AUCUN;;;0;;;reconnu;famille:machine;REF:DCS380|NU;référence;NU;2;DCS380;251,17
Électro portatif;percage;DCDW104;DeWALT DCDW104 — DCDW104;166,44;seul;;;AUCUN;;;;;;reconnu;famille:machine;REF:DCDW104|NU;référence;NU;1;DCDW104;250,49
Électro portatif;fixation;DPN1664PP-XJ;DeWALT DPN1664PP-XJ — DPN1664PP-XJ;166,20;seul;cloueur;;AUCUN;;;;;;reconnu;famille:machine;REF:DPN1664|NU;référence;NU;1;DPN1664PP-XJ;250,13
Électro portatif;percage;DCD777D2T;DEWALT DCD777D2T;172,00;pack;perceuse-visseuse;18;TSTAK;2;;2;;;inconnu;famille:machine;REF:DCD777|2X2;référence;2X2;2;;
Électro portatif;mesure;DW0881T;DEWALT DW0881T Laser Tripod with Tilting Head;170,82;seul;niveau laser;;AUCUN;;;;;;inconnu;famille:machine;REF:DW0881|NU;référence;NU;2;;
Électro portatif;jardin;DCMHT520D1;DEWALT DCMHT520D1;169,90;pack;;18;AUCUN;2;;1;;;inconnu;famille:machine;REF:DCMHT520|1X2;référence;1X2;1;;
Électro portatif;percage;DCD796D2-QW;DEWALT DCD796D2-QW;168,97;pack;perceuse-visseuse;;AUCUN;2;;2;;;inconnu;famille:machine;REF:DCD796|2X2;référence;2X2;2;;
Électro portatif;percage;DCF601D2-QW;DEWALT DCF601D2-QW;165,99;pack;perceuse-visseuse;;AUCUN;2;;2;;;inconnu;famille:machine;REF:DCF601|2X2;référence;2X2;4;;
Électro portatif;percage;DCD708M1;DeWalt DCD 708 M1 Perceuse-visseuse sans fil 18 V 65 Nm Brushless + 1x batterie 4,0 Ah + chargeur;173,58;pack;perceuse-visseuse;18;AUCUN;4;;1;;;sans-ref;famille:machine;REF:DCD708|1X4.0+CHARGEUR;référence;1X4.0+CHARGEUR;2;;
Électro portatif;percage;DCD791N;Perceuse-visseuse sans fil DeWalt DCD 791 N 18 V 70 Nm Brushless + 1 batterie 4,0 Ah - sans chargeur;173,58;pack;perceuse-visseuse;18;AUCUN;4;;1;;;sans-ref;famille:machine;REF:DCD791|1X4.0;référence;1X4.0;2;;
Électro portatif;batterie;DCB1104;DeWalt Power Set McLaren 2x 18V 4,0Ah (DCB1104);173,00;pack;batterie;18;;4;;1;;oui;sans-ref;famille:energie;REF:DCB1104|1X4.0;référence;1X4.0;1;;
Électro portatif;sciage;DCS334N;DeWalt DCS 334N;172,10;seul;scie sauteuse;18;AUCUN;;;;;;sans-ref;famille:machine;REF:DCS334|NU;référence;NU;11;;
Électro portatif;batterie;DCB1104E2;DeWalt DCB 1104 E2;171,98;pack;batterie;12;;1.7;;1;;;sans-ref;famille:energie;REF:DCB1104|2X1.7;référence;2X1.7;1;;
Électro portatif;combo;D215852-XJ;DEWALT D215852-XJ-ramasseur D215851 eau pour;171,12;seul;pack d'outils;;AUCUN;;;;;;sans-ref;famille:machine;REF:D215852|NU;référence;NU;1;;
Électro portatif;percage;DCD709NT;Perceuse à percussion sans fil DeWalt DCD 709 NT 18 V 65 Nm + 1 batterie 4,0 Ah dans un coffret TSTAK - sans chargeur;167,45;pack;perceuse à percussion;18;TSTAK;4;;1;;;sans-ref;famille:machine;REF:DCD709|1X4.0;référence;1X4.0;3;;
Électro portatif;percage;DCD999;DeWALT DCD999N-XJ — Perceuse-visseuse à percussion 18V DCD999N-XJ;179,90;seul;perceuse-visseuse;18;AUCUN;;;;;;reconnu;famille:machine;REF:DCD999|NU;référence;NU;1;DCD999N-XJ;266,98
Électro portatif;meulage;DCG413N;DeWALT DCG413N — Meuleuse d'angle sans fil DeWalt 115 mm avec interrupteur à bascule 18 V, sans batterie DCG413N;179,83;seul;meuleuse d'angle;18;AUCUN;;;0;;;reconnu;famille:machine;REF:DCG413|NU;référence;NU;2;DCG413N;267,00
Électro portatif;jardin;DCM561;DeWALT DCM561 — DCM561;179,32;pack;coupe-bordure;;AUCUN;;;1;;;reconnu;famille:machine;REF:DCM561|NU;référence;NU;2;DCM561;262,81
Électro portatif;chargeur;DCB104-QW;DeWALT DCB104-QW — DCB104-QW;179,12;pack;chargeur;;;;;;;;reconnu;famille:energie;REF:DCB104|NU;référence;NU;1;DCB104-QW;243,38
Électro portatif;batterie;DCB548-XJ;DeWALT DCB548-XJ — Batterie XR 18V-54V 12Ah-4Ah Flexvolt DCB548-XJ;179,00;pack;batterie;18;;12;;1;;;reconnu;famille:energie;REF:DCB548|1X12;référence;1X12;4;DCB548-XJ;265,99
Électro portatif;jardin;DCMBA572N;DeWALT DCMBA572N — DCMBA572N;178,08;pack;;54;AUCUN;;;1;;;reconnu;famille:machine;REF:DCMBA572|NU;référence;NU;1;DCMBA572N;265,97
Électro portatif;jardin;DCM565N;DeWALT DCM565N-XJ — Tronçonneuse 18V 30 cm DCM565N-XJ;177,58;pack;tronçonneuse;18;AUCUN;;;1;;;reconnu;famille:machine;REF:DCM565|NU;référence;NU;3;DCM565N-XJ;304,51
Électro portatif;sciage;DCS382N;DeWALT DCS382N — DCS382N;177,04;seul;scie sabre;18;AUCUN;;;0;;;reconnu;famille:machine;REF:DCS382|NU;référence;NU;3;DCS382N;263,44
Électro portatif;sciage;DCS367N;DeWALT DCS367N-XJ — Scie sabre compacte 18V XR Brushless (machine seule);176,30;seul;scie sabre;;AUCUN;;;0;;;reconnu;famille:machine;REF:DCS367|NU;référence;NU;7;DCS367N-XJ;284,47
Électro portatif;vissage-choc;DCF513N-XJ;DeWALT DCF513N-XJ — DCF513N-XJ;174,65;seul;cliquet;;AUCUN;;;0;;;reconnu;famille:machine;REF:DCF513|NU;référence;NU;3;DCF513N-XJ;260,58
Électro portatif;percage;DCD709D2T;DEWALT DCD709D2T;180,08;pack;perceuse-visseuse;;TSTAK;2;;2;;;inconnu;famille:machine;REF:DCD709|2X2;référence;2X2;1;;
Électro portatif;percage;DCD777P1-QW;DEWALT DCD777P1-QW;179,99;pack;perceuse-visseuse;;AUCUN;5;;1;;;inconnu;famille:machine;REF:DCD777|1X5;référence;1X5;1;;
Électro portatif;percage;DCD791D2-QW;DEWALT DCD791D2-QW;178,92;pack;perceuse-visseuse;;AUCUN;2;;2;;;inconnu;famille:machine;REF:DCD791|2X2;référence;2X2;1;;
Électro portatif;vissage-choc;DCF887D1-QW;Dewalt DCF887D1-QW Visseuse à chocs XR 18V Brushless 3 vitesses 1X2Ah Battreie, chargeur en coffret;178,42;pack;visseuse à chocs;18;GENERIQUE;2;;1;;;inconnu;famille:machine;REF:DCF887|1X2+CHARGEUR;référence;1X2+CHARGEUR;1;;
Électro portatif;percage;DCD796P1TX;DEWALT DCD796P1TX;178,40;seul;perceuse-visseuse;;AUCUN;;;;;;inconnu;famille:machine;REF:DCD796|1X5;référence;1X5;6;;
Électro portatif;percage;DCD778D2T;DEWALT DCD778D2T;176,09;pack;perceuse-visseuse;;TSTAK;2;;2;;;inconnu;famille:machine;REF:DCD778|2X2;référence;2X2;2;;
Électro portatif;batterie;DCB1102E2-GB;DEWALT DCB1102E2-GB;174,99;pack;batterie;18;;1.7;;1;;;inconnu;famille:energie;REF:DCB1102|2X1.7;référence;2X1.7;1;;
Électro portatif;percage;DCD708P1;DeWalt DCD 708 P1 Perceuse-visseuse sans fil 18 V 65 Nm Brushless + 1x batterie 5,0 Ah + chargeur;180,01;pack;perceuse-visseuse;18;AUCUN;5;;1;;;sans-ref;famille:machine;REF:DCD708|1X5.0+CHARGEUR;référence;1X5.0+CHARGEUR;3;;
Électro portatif;batterie;DCB115M2-QW;Kit de démarrage de batterie DeWalt DCB115M2-QW 18V Li-Ion XR 4Ah;179,99;pack;batterie;18;;4;;1;;;sans-ref;famille:energie;REF:DCB115|1X4;référence;1X4;1;;
Électro portatif;aspiration;;Aspirateur eau et poussière DeWalt 1 150W 23L 230V;179,99;seul;aspirateur;;AUCUN;;;;;;sans-ref;famille:machine;TIT:aspirateur eau et poussi re 1 150w 23l 230v;titre;NU;1;;
Électro portatif;jardin;;DeWalt Débroussailleuse sans Fil sans Balais;179,32;pack;débroussailleuse;;AUCUN;;;1;;;sans-ref;famille:machine;TIT:d broussailleuse sans fil sans balais;titre;NU;1;;
Électro portatif;;;DEWALT Kit de chargement USB;178,52;pack;;;;;;;;;sans-ref;titre;TIT:kit de chargement usb;titre;NU;1;;
Électro portatif;percage;DCD796E1;DeWalt DCD 796 E1 Perceuse-visseuse à percussion sans fil 18 V 70 Nm Brushless + 1x batterie Powerstack 1,7 Ah + chargeu;178,00;pack;perceuse-visseuse;18;AUCUN;1.7;;1;;;sans-ref;famille:machine;REF:DCD796|1X1.7;référence;1X1.7;2;;
Électro portatif;combo;DCHJ080B-XL;DEWALT DCHJ080B-XL DCHJ080B Sweat à capuche chauffant Gris XL;177,74;seul;pack d'outils;;AUCUN;;;;;;sans-ref;famille:machine;REF:DCHJ080|NU;référence;NU;1;;
Électro portatif;vissage-choc;DWMT19230;DeWalt Ensemble de clés à cliquet métriques, 12 pièces (DWMT19230);176,87;pack;cliquet;;AUCUN;;;;;;sans-ref;famille:machine;REF:DWMT19230|NU;référence;NU;1;;
Électro portatif;vissage-choc;DCF887E1;DeWalt DCF 887 E1 Clé à choc sans fil 18 V 205 Nm 1/4'' Brushless + 1x batterie 1,7 Ah + chargeur;176,39;pack;clé à chocs;18;AUCUN;1.7;;1;;;sans-ref;famille:machine;REF:DCF887|1X1.7+CHARGEUR;référence;1X1.7+CHARGEUR;3;;
Électro portatif;bois;DT3115-QZ;DEWALT Ponceuse Excentrique XR 18V 125mm Brushless - Appareil Électrique Sans Fil - Régulateur de Vitesse - Prise en Mai;175,62;seul;ponceuse;18;AUCUN;;;;;;sans-ref;famille:machine;REF:DT3115|NU;référence;NU;1;;
Électro portatif;chargeur;DCB1104-6;Pack de 6 chargeurs DeWALT DCB1104-6 (DCB1104 - 12V 18V);174,00;pack;chargeur;18;;;;;6;;sans-ref;famille:energie;REF:DCB1104-6|CHARGEUR;référence;CHARGEUR;1;;
Électro portatif;meulage;D28492;DeWALT D28492S — D28492S;186,96;seul;meuleuse d'angle;;AUCUN;;;;;;reconnu;famille:machine;REF:D28492|NU;référence;NU;2;D28492S;275,77
Électro portatif;percage;DCDW105;DeWALT DCDW105 — DCDW105;186,34;seul;;;AUCUN;;;;;;reconnu;famille:machine;REF:DCDW105|NU;référence;NU;1;DCDW105;274,85
Électro portatif;chantier;DXCMD155PE;DeWALT DXCMD155PE — DXCMD155PE;185,99;seul;gonfleur;;AUCUN;;;;;;reconnu;famille:machine;REF:DXCMD155|NU;référence;NU;1;DXCMD155PE;264,67
Électro portatif;perforation;DCH253N;DeWALT DCH253N — DCH253N;185,28;seul;marteau perforateur;;AUCUN;;;0;;;reconnu;famille:machine;REF:DCH253|NU;référence;NU;3;DCH253N;273,66
Électro portatif;jardin;DCMCS565N-XJ;DeWALT DCMCS565N-XJ — Tronçonneuse 18V 30cm DCMCS565N-XJ;185,21;seul;tronçonneuse;18;AUCUN;;;0;;;reconnu;famille:machine;REF:DCMCS565|NU;référence;NU;2;DCMCS565N-XJ;270,31
Électro portatif;sciage;DCS570N;DeWALT DCS570N — Scie circulaire 18V XR Brushless Ø184 mm (machine seule);184,50;seul;scie circulaire;;AUCUN;;;0;;;reconnu;famille:machine;REF:DCS570|NU;référence;NU;6;DCS570N;296,12
Électro portatif;perforation;D25144K-QS;DeWALT D25144K-QS — Référence D25144K-QS — descriptif à compléter;183,25;seul;marteau perforateur;;AUCUN;;;;;;reconnu;famille:machine;REF:D25144|NU;référence;NU;5;D25144K-QS;283,33
Électro portatif;aspiration;DCV584L-QW;DeWALT DCV584L — Aspirateur eau et poussière 18/54V FLEXVOLT ou secteur (classe L);183,19;seul;aspirateur;;AUCUN;;;;;;reconnu;famille:machine;REF:DCV584|NU;référence;NU;7;DCV584L;331,57
Électro portatif;aspiration;DXV23PLPTA;DeWALT DXV23PTA — Aspirateur eau et poussières 1150W - cuve 23L + prise asservie - DXV23PTA DEWALT;183,15;seul;aspirateur;;AUCUN;;;;;;reconnu;famille:machine;REF:DXV23|NU;référence;NU;4;DXV23PTA;217,03
Électro portatif;percage;DW264K;DeWALT DW264K — DW264K;181,92;seul;visseuse;;AUCUN;;;;;;reconnu;famille:machine;REF:DW264|NU;référence;NU;1;DW264K;269,42
Électro portatif;meulage;DWE4557;DeWALT DWE4557 — DWE4557;181,90;seul;meuleuse d'angle;;AUCUN;;;;;;reconnu;famille:machine;REF:DWE4557|NU;référence;NU;1;DWE4557;269,39
Électro portatif;percage;DWD524KS;DeWALT DWD524KS — DWD524KS;181,55;seul;perceuse à percussion;;AUCUN;;;;;;reconnu;famille:machine;REF:DWD524|NU;référence;NU;1;DWD524KS;269,05
Électro portatif;combo;DCK211D2T-QW;DeWALT DCK211D2T-QW — DCK211D2T-QW;181,25;pack;pack d'outils;;TSTAK;2;;2;;;reconnu;famille:machine;REF:DCK211|2X2;référence;2X2;1;DCK211D2T-QW;268,61
Électro portatif;sciage;DCS335N-XJ;DeWALT DCS335N-XJ — Scie sauteuse 18V DCS335N-XJ;180,36;seul;;;AUCUN;;;0;;;reconnu;famille:machine;REF:DCS335|NU;référence;NU;13;DCS335N-XJ;267,66
Électro portatif;sciage;DEWDCS565N;DeWALT DEWDCS565N — DEWDCS565N;180,23;seul;scie circulaire;;AUCUN;;;0;;;reconnu;famille:machine;REF:DEWDCS565|NU;référence;NU;1;DEWDCS565N;283,32
Électro portatif;vissage-choc;DCF809P1T;DEWALT DCF809P1T;186,75;pack;visseuse à chocs;;TSTAK;5;;1;;;inconnu;famille:machine;REF:DCF809|1X5;référence;1X5;1;;
Électro portatif;sciage;DCS355D1;DEWALT DCS355D1;181,16;pack;;18;AUCUN;2;;1;;;inconnu;famille:machine;REF:DCS355|1X2;référence;1X2;1;;
Électro portatif;vissage-choc;DCF887M1;DeWalt DCF 887 M1 Clé à choc sans fil 18 V 205 Nm 1/4'' Brushless + 1x batterie 4,0 Ah + chargeur;186,43;pack;clé à chocs;18;AUCUN;4;;1;;;sans-ref;famille:machine;REF:DCF887|1X4.0+CHARGEUR;référence;1X4.0+CHARGEUR;2;;
Électro portatif;bois;XR18V;DEWALT Multi-Cutter XR 18V, Coffret TSTAK, sans Batterie ni Chargeur + Lame 65x43mm Large pour Multi-Cutter;184,57;pack;outil multifonctions;18;TSTAK;;;0;;;sans-ref;famille:machine;REF:XR18|NU;référence;NU;8;;
Électro portatif;;;DEWALT Câble de charge pour véhicule électrique Type 2, 22kW, 5m, 32A, 380V AC;183,50;seul;;;;;;;;;sans-ref;titre;TIT:c ble de charge pour v hicule lectrique type 2 22kw 5m 32a 380v ac;titre;NU;1;;
Électro portatif;percage;DCD796D1T;Perceuse-visseuse à percussion DeWALT DCD796D1T (1 x 2,0 Ah + DCB107 + TSTAK II) + kit de 40 embouts de vissage;181,00;pack;perceuse-visseuse;;TSTAK;2;;1;40;;sans-ref;famille:machine;REF:DCD796|1X2.0;référence;1X2.0;1;;
Électro portatif;mesure;DCL043-XJ;DEWALT Projecteur de Chantier Compact XR Sans Fil - Sans Batterie Ni Chargeur & Lampe Projecteur LED XR 18V, 1.000 lumen;180,93;pack;projecteur;18;AUCUN;;;0;;;sans-ref;famille:machine;REF:DCL043|NU;référence;NU;1;;
Électro portatif;aspiration;DCV100E1;DeWalt DCV 100 E1 Souffleur / Souffleuse de feuilles 18 V + 1x batterie Powerstack 1,7 Ah + chargeur;180,27;pack;souffleur;18;AUCUN;1.7;;1;;;sans-ref;famille:machine;REF:DCV100|1X1.7+CHARGEUR;référence;1X1.7+CHARGEUR;2;;
Électro portatif;percage;DCDW107;DeWALT DCDW107 — DCDW107;192,02;seul;;;AUCUN;;;;;;reconnu;famille:machine;REF:DCDW107|NU;référence;NU;1;DCDW107;281,88
Électro portatif;jardin;DCMPH566N;DeWALT DCMPH566N-XJ-XJ — Taille haie sur perche orientable 18V DCMPH566N-XJ-XJ;191,90;seul;taille-haie;;AUCUN;;;0;;;reconnu;famille:machine;REF:DCMPH566|NU;référence;NU;1;DCMPH566N-XJ-XJ;281,71
Électro portatif;perforation;DCH263N;DeWALT DCH263N — DCH263N;191,08;pack;marteau perforateur;;AUCUN;;;1;;;reconnu;famille:machine;REF:DCH263|NU;référence;NU;12;DCH263N;233,48
Électro portatif;vissage-choc;DCF901NT;DeWALT DCF901NT — DCF901NT;190,00;seul;visseuse à chocs;;TSTAK;;;0;;;reconnu;famille:machine;REF:DCF901|NU;référence;NU;2;DCF901NT;279,49
Électro portatif;confort;DCR029-QW;DeWALT DCR029-QW — Radio de chantier 18V DCR029-QW Bluetooth;189,62;seul;radio de chantier;;AUCUN;;;;;;reconnu;famille:machine;REF:DCR029|NU;référence;NU;2;DCR029-QW;278,93
Électro portatif;jardin;DCM562P1;DeWALT DCM562P1 — DCM562P1;188,38;pack;;18;AUCUN;5;;1;;;reconnu;famille:machine;REF:DCM562|1X5;référence;1X5;1;DCM562P1;277,49
Électro portatif;mesure;DW03101;DeWALT DW03101-XJ — Télémètre laser 100m Bluetooth DW03101-XJ;188,37;seul;télémètre laser;;AUCUN;;;;;;reconnu;famille:machine;REF:DW03101|NU;référence;NU;1;DW03101-XJ;265,60
Électro portatif;jardin;DCMAS5713N;DeWALT DCMAS5713N — DCMAS5713N;187,08;pack;débroussailleuse;;AUCUN;;;1;;;reconnu;famille:machine;REF:DCMAS5713|NU;référence;NU;1;DCMAS5713N;281,71
Électro portatif;vissage-choc;DCF801D2;DEWALT DCF801D2;191,32;pack;visseuse à chocs;;AUCUN;2;;2;;;inconnu;famille:machine;REF:DCF801|2X2;référence;2X2;1;;
Électro portatif;vissage-choc;DCF815D2;DEWALT DCF815D2;190,69;pack;visseuse à chocs;;AUCUN;2;;2;;;inconnu;famille:machine;REF:DCF815|2X2;référence;2X2;1;;
Électro portatif;percage;DCD708M1T;DEWALT DCD708M1T;189,65;pack;perceuse-visseuse;;TSTAK;4;;1;;;inconnu;famille:machine;REF:DCD708|1X4;référence;1X4;1;;
Électro portatif;vissage-choc;DCF887M1;DEWALT DCF887M1;189,63;pack;visseuse à chocs;;AUCUN;4;;1;;;inconnu;famille:machine;REF:DCF887|1X4;référence;1X4;1;;
Électro portatif;aspiration;DCV517D1-QW;Dewalt DCV517D1-QW XR aspirateur sans fil 18V + 1x2.0Ah Batterie + Chargeur;191,73;pack;aspirateur;18;AUCUN;2;;1;;;sans-ref;famille:machine;REF:DCV517|1X2.0+CHARGEUR;référence;1X2.0+CHARGEUR;1;;
Électro portatif;combo;DCK266NT;Dewalt DCK266NT Perceuse visseuse à percussion (DCD796) Visseuse à chocs (DCF887) - (sans batterie ni chargeur) en TSTAK;191,45;pack;pack d'outils;;TSTAK;;;0;;;sans-ref;famille:machine;REF:DCK266|NU;référence;NU;3;;
Électro portatif;mesure;DCL040E2;DeWalt DCL 040 E2 Lampe LED sans fil 18 V 110 lm + 2x Powerstack Batterie 1,7 Ah + chargeur;190,82;pack;lampe;18;AUCUN;1.7;;2;;;sans-ref;famille:machine;REF:DCL040|2X1.7+CHARGEUR;référence;2X1.7+CHARGEUR;1;;
Électro portatif;meulage;DCG405FN-XJ;DEWALT - Meuleuse Tête Plate Brushless XR 18V 5Ah Li-Ion - DCG405FN-XJ - Meuleuse d'Angle sans Fil avec Poignée Latérale;190,57;seul;meuleuse d'angle;18;AUCUN;5;;0;;;sans-ref;famille:machine;REF:DCG405|1X5;référence;1X5;5;;
Électro portatif;mesure;DCLE14201RB;DeWalt Laser à lignes croisées avec batterie intégrée, rouge (DCLE14201RB);190,56;pack;;;AUCUN;;;1;;;sans-ref;famille:machine;REF:DCLE14201|NU+ROUGE;référence;NU+ROUGE;1;;
Électro portatif;aspiration;DCV100M1;DeWalt DCV 100 M1 1 x 4 Ah batterie et chargeur;190,31;pack;;;AUCUN;4;;1;;;sans-ref;famille:machine;REF:DCV100|1X4+CHARGEUR;référence;1X4+CHARGEUR;1;;
Électro portatif;percage;DCD796M1;Dewalt DCD796M1 Perceuse à percussion 18V XR (1x 4,0Ah) + chargeur en TSTAK;189,74;pack;perceuse à percussion;18;TSTAK;4;;1;;;sans-ref;famille:machine;REF:DCD796|1X4.0+CHARGEUR;référence;1X4.0+CHARGEUR;1;;
Électro portatif;batterie;DCB546XR;DeWalt Starter Set DCB546XR 6.0 Ah + DCB118T1XR 18 V;189,65;pack;batterie;18;;6;;1;;;sans-ref;famille:energie;REF:DCB546|6X6.0;référence;6X6.0;1;;
Électro portatif;percage;XRP18V;DeWalt Perceuse visseuse percussion Premium XRP 18V - sans batterie ni chargeur - coffret TSTAK & Jeu de 3 Burins SDS-PL;189,06;pack;perceuse-visseuse;18;TSTAK;;;0;3;;sans-ref;famille:machine;REF:XRP18|NU;référence;NU;2;;
Électro portatif;percage;;DEWALT Perceuse à aspiration DEWALT SDS-max 28x400x600mm Quantité:1;186,99;seul;perceuse;;AUCUN;;;;;;sans-ref;famille:machine;TIT:perceuse aspiration sds max 28x400x600mm quantit 1;titre;NU;1;;
Électro portatif;meulage;DWE4357-QS;DeWALT DWE4357-QS — DWE4357-QS;197,90;seul;meuleuse d'angle;;AUCUN;;;;;;reconnu;famille:machine;REF:DWE4357|NU;référence;NU;1;DWE4357-QS;289,13
Électro portatif;chantier;DPC6MRC-QS;DeWALT DPC6MRC-QS — DEWALT Compresseur de montage DPC6MRC-QS Quantité:1;193,98;seul;compresseur;;AUCUN;;;;;;reconnu;famille:machine;REF:DPC6|NU;référence;NU;2;DPC6MRC-QS;284,38
Électro portatif;sciage;DWE575K;DeWALT DWE575K — DWE575K;197,38;seul;scie circulaire;;AUCUN;;;;;;reconnu;famille:machine;REF:DWE575|NU;référence;NU;1;DWE575K;273,66
Électro portatif;meulage;DCG416VSN-XJ;DeWALT DCG416VSN-XJ — Meuleuse Ø125 mm 18V DCG416VSN-XJ;197,09;seul;meuleuse;18;AUCUN;;;0;;;reconnu;famille:machine;REF:DCG416|NU;référence;NU;1;DCG416VSN-XJ;288,14
Électro portatif;jardin;DCMHT573N-XJ;DeWALT DCMHT573N-XJ — DCMHT573N-XJ;196,26;seul;taille-haie;;AUCUN;;;0;;;reconnu;famille:machine;REF:DCMHT573|NU;référence;NU;2;DCMHT573N-XJ;287,12
Électro portatif;percage;D21441;DeWALT D21441 — D21441;195,99;seul;perceuse à percussion;;AUCUN;;;;;;reconnu;famille:machine;REF:D21441|NU;référence;NU;1;D21441;286,73
Électro portatif;vissage-choc;DCF860N-XJ;DeWALT DCF860N-XJ — DCF860N-XJ;195,92;seul;visseuse à chocs;;AUCUN;;;0;;;reconnu;famille:machine;REF:DCF860|NU;référence;NU;3;DCF860N-XJ;286,82
Électro portatif;bois;DCW600N-XJ;DeWALT DCW600N-XJ — Affleureuse XR 18V DCW600N-XJ;195,10;seul;affleureuse;;AUCUN;;;0;;;reconnu;famille:machine;REF:DCW600|NU;référence;NU;2;DCW600N-XJ;245,66
Électro portatif;sciage;DWE576K-QS;DeWALT DWE576K-QS — Scie circulaire 1600 W 190 mm DWE576K-QS;194,90;seul;scie circulaire;;AUCUN;;;;;;reconnu;famille:machine;REF:DWE576|NU;référence;NU;2;DWE576K-QS;285,53
Électro portatif;sciage;DCS373N;DeWALT DCS373N — DCS373N;194,27;seul;scie circulaire;;AUCUN;;;0;;;reconnu;famille:machine;REF:DCS373|NU;référence;NU;3;DCS373N;284,80
Électro portatif;mesure;DCL074;DeWALT DCL074-XJ — Projecteur de chantier DCL074-XJ;194,18;pack;projecteur;;AUCUN;;;1;;;reconnu;famille:machine;REF:DCL074|NU;référence;NU;5;DCL074-XJ;284,66
Électro portatif;vissage-choc;DCF887P1T-15;DEWALT DCF887P1T-15;197,90;seul;visseuse à chocs;;AUCUN;5;;;;;inconnu;famille:machine;REF:DCF887|1X5;référence;1X5;5;;
Électro portatif;sciage;DCS312D2;DEWALT DCS312D2;197,76;pack;scie sabre;12;AUCUN;2;;2;;;inconnu;famille:machine;REF:DCS312|2X2;référence;2X2;1;;
Électro portatif;percage;DCF809D2T-QW;DeWalt DCF809D2T-QW Visseuse à percussion sans fil 18 V 2 Ah Noir/Jaune/Gris;195,42;pack;visseuse;18;TSTAK;2;;2;;;inconnu;famille:machine;REF:DCF809|1X2;référence;1X2;9;;
Électro portatif;percage;DCD709P1T-QW;Dewalt DCD709P1T-QW Perceuse à percussion sans fil XR 18V 65Nm 2 vitesses - 1 X 5.0 Ah Batterie, chargeur en coffret;196,17;pack;perceuse à percussion;18;GENERIQUE;5;;1;;;inconnu;famille:machine;REF:DCD709|1X5.0+CHARGEUR;référence;1X5.0+CHARGEUR;1;;
Électro portatif;percage;DCD708P1T;DEWALT DCD708P1T;196,07;pack;perceuse-visseuse;;TSTAK;5;;1;;;inconnu;famille:machine;REF:DCD708|1X5;référence;1X5;1;;
Électro portatif;vissage-choc;DCF840E1T-XJ;DEWALT DCF840E1T-XJ;193,66;pack;visseuse à chocs;;TSTAK;1.7;;1;;;inconnu;famille:machine;REF:DCF840|1X1.7;référence;1X1.7;1;;
Électro portatif;jardin;DCMPS567N-XJ;DeWalt Perche élagueuse sans fil DCMPS567N-XJ 18V;198,13;seul;élagueuse sur perche;18;AUCUN;;;0;;;sans-ref;famille:machine;REF:DCMPS567|NU;référence;NU;1;;
Électro portatif;percage;DCD709M1T;Perceuse à percussion sans fil DeWalt DCD 709 M1T 18 V 65 Nm + 1 batterie 4,0 Ah + chargeur dans un coffret TSTAK;197,97;pack;perceuse à percussion;18;TSTAK;4;;1;;;sans-ref;famille:machine;REF:DCD709|1X4.0+CHARGEUR;référence;1X4.0+CHARGEUR;2;;
Électro portatif;meulage;DCG406NT-XJ;DEWALT - Meuleuse Brushless XR 18V 5Ah Li-Ion - DCG406NT-XJ - Meuleuse sans Fil avec Interrupteur à Palette & Boîte de 1;197,66;pack;;18;TSTAK;5;;0;10;;sans-ref;famille:machine;REF:DCG406|1X5;référence;1X5;3;;
Électro portatif;vissage-choc;DCF809E1;DeWalt DCF 809 E1 Clé à choc sans fil 18 V 190 Nm 1/4'' Brushless + 1x batterie Powerstack 1,7 Ah + chargeur;197,28;pack;clé à chocs;18;AUCUN;1.7;;1;;;sans-ref;famille:machine;REF:DCF809|1X1.7+CHARGEUR;référence;1X1.7+CHARGEUR;1;;
Électro portatif;vissage-choc;DCF887P1;DeWalt DCF 887 P1 Clé à choc sans fil 18 V 205 Nm 1/4'' Brushless + 1x batterie 5,0 Ah + chargeur;195,80;pack;clé à chocs;18;AUCUN;5;;1;;;sans-ref;famille:machine;REF:DCF887|1X5.0+CHARGEUR;référence;1X5.0+CHARGEUR;1;;
Électro portatif;percage;DCD791P1-QW;Dewalt DCD791P1-QW Perceuse visseuse compacte XR 18V 5Ah Li-Ion Brushless - 1 batteries + chargeur en coffret;195,34;pack;perceuse-visseuse;18;GENERIQUE;5;;1;;;sans-ref;famille:machine;REF:DCD791|1X5+CHARGEUR;référence;1X5+CHARGEUR;2;;
Électro portatif;jardin;DCMHT520N-XJ;Taille haie 18V 20 cm DCMHT520N-XJ + 1 batterie 18V 5 Ah + chargeur DCB1104-QW DEWALT;193,90;pack;taille-haie;18;AUCUN;5;;1;;;sans-ref;famille:machine;REF:DCMHT520|1X5+CHARGEUR;référence;1X5+CHARGEUR;2;;
Électro portatif;vissage-choc;DCF809E1T;DeWalt DCF 809 E1T Clé à choc sans fil 18 V Brushless + 1x batterie Powerstack 1,7 Ah + chargeur + TSTAK;193,66;pack;clé à chocs;18;TSTAK;1.7;;1;;;sans-ref;famille:machine;REF:DCF809|CHARGEUR;référence;CHARGEUR;1;;
Électro portatif;percage;DCD791D2-QW;DEWALT - Perceuse Visseuse Compact Brushless XR 18V Li-Ion 2Ah - DCD791D2-QW & Coffret de 32 Embouts de Vissage de 25mm ;192,37;pack;perceuse-visseuse;18;AUCUN;2;;2;32;;sans-ref;famille:machine;REF:DCD791|1X2;référence;1X2;1;;
Électro portatif;;DCE154N;DeWALT DCE154N — DCE154N;203,96;pack;;18;AUCUN;;;1;;;reconnu;famille:machine;REF:DCE154|NU;référence;NU;1;DCE154N;296,56
Électro portatif;jardin;DCMHT567N-XJ;DeWALT DCMHT567N-XJ — DCMHT567N-XJ;203,31;seul;taille-haie;;AUCUN;;;0;;;reconnu;famille:machine;REF:DCMHT567|NU;référence;NU;1;DCMHT567N-XJ;303,94
Électro portatif;jardin;DCMPP569N-XJ;DeWALT DCMPP569N-XJ — Sécateur sur perche XR 18V DCMPP569N-XJ;202,14;pack;élagueuse sur perche;18;AUCUN;;;0;;;reconnu;famille:machine;REF:DCMPP569|NU;référence;NU;1;DCMPP569N-XJ;299,32
Électro portatif;percage;DWD522KS;DeWALT DWD522KS — DWD522KS;201,34;seul;perceuse à percussion;;AUCUN;;;;;;reconnu;famille:machine;REF:DWD522|NU;référence;NU;1;DWD522KS;293,35
Électro portatif;meulage;DCG418NT-XJ;DeWALT DCG418NT-XJ — Meuleuse Ø125 mm 54V DCG418NT-XJ;200,87;seul;meuleuse d'angle;54;TSTAK;;;0;;;reconnu;famille:machine;REF:DCG418|NU;référence;NU;4;DCG418NT-XJ;285,77
Électro portatif;percage;DCD790D2;DeWALT DCD790D2 — DCD790D2;199,90;pack;perceuse-visseuse;;AUCUN;2;;2;;;reconnu;famille:machine;REF:DCD790|2X2;référence;2X2;1;DCD790D2;291,66
Électro portatif;percage;DCD1007NT-XJ;DeWALT DCD1007NT-XJ — Perceuse-visseuse à percussion 18V DCD1007NT-XJ;199,58;seul;perceuse-visseuse;;TSTAK;;;0;;;reconnu;famille:machine;REF:DCD1007|NU;référence;NU;2;DCD1007NT-XJ;291,19
Électro portatif;meulage;DWE4559;DeWALT DWE4559 — DWE4559;199,00;seul;meuleuse d'angle;;AUCUN;;;;;;reconnu;famille:machine;REF:DWE4559|NU;référence;NU;1;DWE4559;290,54
Électro portatif;batterie;DCBP518H2-XJ;DEWALT DCBP518H2-XJ;201,73;pack;batterie;18;;5;;2;;;inconnu;famille:energie;REF:DCBP518|2X5;référence;2X5;1;;
Électro portatif;jardin;DCMHT562P1-QW;DEWALT DCMHT562P1-QW;201,08;pack;taille-haie;;AUCUN;5;;1;;;inconnu;famille:machine;REF:DCMHT562|1X5;référence;1X5;1;;
Électro portatif;percage;DCD778M2T;DEWALT DCD778M2T;199,99;pack;perceuse-visseuse;;TSTAK;4;;2;;;inconnu;famille:machine;REF:DCD778|2X4;référence;2X4;1;;
Électro portatif;sciage;DCS355D2;DEWALT DCS355D2;199,70;pack;;18;AUCUN;2;;2;;;inconnu;famille:machine;REF:DCS355|2X2;référence;2X2;2;;
Électro portatif;batterie;DCB547G;DEWALT DCB547G;199,00;pack;batterie;54;;9;;1;;;inconnu;famille:energie;REF:DCB547|NU;référence;NU;1;;
Électro portatif;vissage-choc;DCF840D2T;DEWALT DCF840D2T;199,00;pack;visseuse à chocs;;TSTAK;2;;2;;;inconnu;famille:machine;REF:DCF840|2X2;référence;2X2;1;;
Électro portatif;vissage-choc;DCF901P1-QW;DEWALT DCF901P1-QW;198,28;pack;visseuse à chocs;;AUCUN;5;;1;;;inconnu;famille:machine;REF:DCF901|1X5;référence;1X5;3;;
Électro portatif;percage;DEWDCD996NT;DeWalt Perceuse visseuse percussion Premium XRP 18V - sans batterie ni chargeur - coffret TSTAK DEWDCD996NT Jaune/Noir &;203,68;pack;perceuse-visseuse;18;TSTAK;;;0;100;;sans-ref;famille:machine;REF:DEWDCD996|NU;référence;NU;1;;
Électro portatif;meulage;DWE4369-QS;DeWalt INOX DWE4369-QS;202,95;seul;meuleuse d'angle;;AUCUN;;;;;;sans-ref;famille:machine;REF:DWE4369|NU;référence;NU;1;;
Électro portatif;batterie;;DeWalt Powerstack 18V 3,5 Ah;202,14;pack;batterie;18;;3.5;;1;;;sans-ref;famille:energie;TIT:powerstack 18v 3 5 ah;titre;1X3.5;1;;
Électro portatif;percage;;DEWALT Dewalt Perceuse-visseuse sans fil 18 V, brushless, avec 2 batteries 1,5 Ah, set d’accessoires 39 pcs Quantité:1;201,99;pack;perceuse-visseuse;18;AUCUN;1.5;;2;;;sans-ref;famille:machine;TIT:perceuse visseuse sans fil 18 v brushless avec 2 batteries 1 5 ah set d accessoires 39 pcs quantit 1;titre;NU;1;;
Électro portatif;vissage-choc;DCF809NT;DeWalt DCF 809 NT Visseuse à chocs sans fil 18 V Brushless Li-Ion + Coffret de transport T-STAK + 1x Batterie 4,0 Ah - s;201,70;pack;visseuse à chocs;18;TSTAK;4;;1;;;sans-ref;famille:machine;REF:DCF809|1X4.0;référence;1X4.0;2;;
Électro portatif;vissage-choc;DCF887D1T;Clé à chocs DeWALT DCF887D1T (1 x 2,0 Ah + DCB107 + TSTAK II) + kit de 32 embouts de vissage Impact Torsion;201,00;pack;clé à chocs;;TSTAK;2;;1;32;;sans-ref;famille:machine;REF:DCF887|1X2.0;référence;1X2.0;2;;
Électro portatif;batterie;DCB118X1;DeWalt DCB 118 X1 FlexVolt Starter Set;200,84;pack;batterie;54;;9;;1;;;sans-ref;famille:energie;REF:DCB118|1X9;référence;1X9;1;;
Électro portatif;vissage-choc;;Fixation de tige filetée pour visseuse à chocs DEWALT;199,90;seul;visseuse à chocs;;AUCUN;;;;;;sans-ref;famille:machine;TIT:fixation de tige filet e pour visseuse chocs;titre;NU;1;;
Électro portatif;percage;DCF620D1T-QW;Dewalt DCF620D1T-QW Visseuse placo à batteries 18V XR Li-Ion set ( 1x batterie 2,0Ah + chargeur) dans TSTAK;199,77;pack;visseuse;18;TSTAK;2;;1;;;sans-ref;famille:machine;REF:DCF620|1X2.0+CHARGEUR;référence;1X2.0+CHARGEUR;1;;
Électro portatif;aspiration;DCV100P1;DeWalt DCV 100 P1 1 x 5Ah Battery with Charger;199,54;pack;;18;AUCUN;5;;1;;;sans-ref;famille:machine;REF:DCV100|1X5+CHARGEUR;référence;1X5+CHARGEUR;1;;
Électro portatif;vissage-choc;DCF900;"DeWALT DCF900NT-XJ — Boulonneuse 18V 1/2"" DCF900NT-XJ";212,99;seul;visseuse à chocs;;AUCUN;;;;;;reconnu;famille:machine;REF:DCF900|NU;référence;NU;3;DCF900NT-XJ;307,78
Électro portatif;percage;DW268K;DeWALT DW268K — DW268K;212,00;seul;visseuse;;AUCUN;;;;;;reconnu;famille:machine;REF:DW268|NU;référence;NU;1;DW268K;309,01
Électro portatif;jardin;D28730;DeWALT D28730 — D28730;211,38;seul;tronçonneuse;;AUCUN;;;;;;reconnu;famille:machine;REF:D28730|NU;référence;NU;1;D28730;315,14
Électro portatif;chantier;DXPW001U;DeWALT DXPW001U — DXPW001U - Nettoyeur haute pression à eau froide - 160 bars - 480 l/h;210,63;seul;nettoyeur haute pression;;AUCUN;;;;;;reconnu;famille:machine;REF:DXPW001|NU;référence;NU;13;DXPW001U;304,78
Électro portatif;aspiration;DXV34P-QT;DeWALT DXV34P-QT — DXV34P-QT;209,99;seul;aspirateur;;AUCUN;;;;;;reconnu;famille:machine;REF:DXV34|NU;référence;NU;1;DXV34P-QT;304,07
Électro portatif;bois;D26200;DeWALT D26200-QS — Affleureuse (défonceuse) de paume compacte filaire 900W;208,13;seul;affleureuse;;AUCUN;;;;;;reconnu;famille:machine;REF:D26200|NU;référence;NU;1;D26200-QS;333,73
Électro portatif;vissage-choc;DCF510N-XJ;DeWALT DCF510N-XJ — Clé à cliquet XR 18V DCF510N-XJ;207,40;seul;cliquet;;AUCUN;;;0;;;reconnu;famille:machine;REF:DCF510|NU;référence;NU;2;DCF510N-XJ;300,94
Électro portatif;bois;DW682K;DeWALT DW682K-QS — Fraiseuse à lamelles filaire 600 W (coffret);206,96;seul;lamelleuse;;AUCUN;;;;;;reconnu;famille:machine;REF:DW682|NU;référence;NU;1;DW682K-QS;314,99
Électro portatif;chantier;DXCMS2524HE;DeWALT DXCMS2524HE — DXCMS2524HE;204,99;seul;compresseur;;AUCUN;;;;;;reconnu;famille:machine;REF:DXCMS2524|NU;référence;NU;1;DXCMS2524HE;296,59
Électro portatif;meulage;DWE4579;DeWALT DWE4579 — DWE4579;203,99;seul;meuleuse d'angle;;AUCUN;;;;;;reconnu;famille:machine;REF:DWE4579|NU;référence;NU;2;DWE4579;296,60
Électro portatif;jardin;DCMPH566P1-QW;DEWALT DCMPH566P1-QW;212,90;pack;taille-haie;;AUCUN;5;;1;;;inconnu;famille:machine;REF:DCMPH566|1X5;référence;1X5;3;;
Électro portatif;percage;DCD791P1;DEWALT DCD791P1;211,74;pack;perceuse-visseuse;;AUCUN;5;;1;;;inconnu;famille:machine;REF:DCD791|1X5;référence;1X5;1;;
Électro portatif;vissage-choc;DCF850D1T;Dewalt DCF850D1T Visseuse à chocs ultra compacte XR 18V 1X2AH Li-Ion Brushless;211,22;pack;visseuse à chocs;18;TSTAK;2;;1;;;inconnu;famille:machine;REF:DCF850|1X2;référence;1X2;1;;
Électro portatif;chantier;DCMPP568P1-QW;DEWALT DCMPP568P1-QW;210,06;pack;;;AUCUN;5;;1;;;inconnu;famille:machine;REF:DCMPP568|1X5;référence;1X5;4;;
Électro portatif;batterie;DCB546T2-XJ;DEWALT DCB546T2-XJ;209,90;pack;batterie;54;;6;;6;;;inconnu;famille:energie;REF:DCB546|2X6;référence;2X6;1;;
Électro portatif;percage;DCD800E1T;DEWALT DCD800E1T;209,57;pack;perceuse-visseuse;;TSTAK;1.7;;1;;;inconnu;famille:machine;REF:DCD800|1X1.7;référence;1X1.7;2;;
Électro portatif;vissage-choc;DCF887D2;DEWALT DCF887D2;208,74;pack;visseuse à chocs;;AUCUN;2;;2;;;inconnu;famille:machine;REF:DCF887|2X2;référence;2X2;1;;
Électro portatif;percage;DCF620E1;DEWALT DCF620E1;207,32;pack;visseuse à placo;18;AUCUN;1.7;;1;;;inconnu;famille:machine;REF:DCF620|1X1.7;référence;1X1.7;4;;
Électro portatif;aspiration;DCV517;DeWalt DCV 517 Cordless Handheld Vacuum Cleaner 18 V 1.9 L + 1 x 5.0 Ah battery without charger;212,25;pack;aspirateur;18;AUCUN;5;;1;;;sans-ref;famille:machine;REF:DCV517|1X5.0;référence;1X5.0;1;;
Électro portatif;sciage;DCS369N;DeWalt DCS 369 N Akku Sbelsge Reciprosge 18 V Brushless + 1x Batterie 4,0 Ah - sans chargeur;212,14;pack;;18;AUCUN;4;;1;;;sans-ref;famille:machine;REF:DCS369|1X4.0;référence;1X4.0;1;;
Électro portatif;batterie;DCBP034E3;DeWalt Kit batterie DCBP 034 E3 3x batterie Powerstack 18 V 1,7 Ah / 1700 mAh XR Li-Ion - avec indicateur de charge;210,53;pack;batterie;18;;1.7;;3;;;sans-ref;famille:energie;REF:DCBP034|1X1.7;référence;1X1.7;2;;
Électro portatif;;;Écouteurs True Wireless DEWALT Pro-x2 ANC IP54 40h USB-C Jaune et Noir;210,01;seul;;;;;;;;;sans-ref;titre;TIT:couteurs true wireless pro x2 anc ip54 40h usb c jaune et noir;titre;NU;1;;
Électro portatif;vissage-choc;DCF887P1;Clé à chocs DeWALT DCF887P1 (1 x 5,0 Ah + DCB115 + TSTAK II);210,00;pack;clé à chocs;;TSTAK;5;;1;;;sans-ref;famille:machine;REF:DCF887|1X5.0;référence;1X5.0;1;;
Électro portatif;chantier;DCE530N-XJ;Décapeur Thermique 18V DCE530N-XJ + 1 batterie 18V 5 Ah + 1 chargeur DCB1104-QW DEWALT;209,90;pack;décapeur thermique;18;AUCUN;5;;1;;;sans-ref;famille:machine;REF:DCE530|1X5+CHARGEUR;référence;1X5+CHARGEUR;1;;
Électro portatif;percage;;DEWALT Perceuse à aspiration DEWALT SDS-max 32x400x600mm Quantité:1;208,99;seul;perceuse;;AUCUN;;;;;;sans-ref;famille:machine;TIT:perceuse aspiration sds max 32x400x600mm quantit 1;titre;NU;1;;
Électro portatif;aspiration;DCV517M1-QW;Dewalt DCV517M1-QW XR aspirateur sans fil 18V + 1x4.0Ah Batterie + Chargeur;208,75;pack;aspirateur;18;AUCUN;4;;1;;;sans-ref;famille:machine;REF:DCV517|1X4.0+CHARGEUR;référence;1X4.0+CHARGEUR;1;;
Électro portatif;percage;DCD791E1;DeWalt DCD 791 E1 Perceuse-visseuse sans fil 18 V 70 Nm Brushless + 1x batterie Powerstack 1,7 Ah + chargeur;206,11;pack;perceuse-visseuse;18;AUCUN;1.7;;1;;;sans-ref;famille:machine;REF:DCD791|1X1.7+CHARGEUR;référence;1X1.7+CHARGEUR;1;;
Électro portatif;percage;XR18V;DEWALT Perceuse Visseuse à Percussion Brushless XR 18V Li-Ion 2Ah + DEWALT Coffret TOUGHCASE 25 Pièces, Embouts de Vissa;204,89;pack;perceuse-visseuse;18;GENERIQUE;2;;;;;sans-ref;famille:machine;REF:XR18|1X2;référence;1X2;3;;
Électro portatif;chantier;DCE530M1;Pistolet à air chaud sans fil DeWalt DCE 530 M1 18 V 530 °C + 1 batterie 4,0 Ah + 1 chargeur + buse plate et buse à réfl;204,75;pack;décapeur thermique;18;AUCUN;4;;1;;;sans-ref;famille:machine;REF:DCE530|1X4.0+CHARGEUR;référence;1X4.0+CHARGEUR;2;;
Électro portatif;percage;DCD791M1;Perceuse-visseuse sans fil DeWalt DCD 791 M1 18 V 70 Nm Brushless + 1 batterie 4,0 Ah + chargeur;204,11;pack;perceuse-visseuse;18;AUCUN;4;;1;;;sans-ref;famille:machine;REF:DCD791|1X4.0+CHARGEUR;référence;1X4.0+CHARGEUR;4;;
Électro portatif;vissage-choc;DCF891NT;"DeWALT DCF891NT-XJ — Boulonneuse à chocs 1/2"" 18V XR Brushless (machine seule, coffret TSTAK)";219,75;seul;visseuse à chocs;;TSTAK;;;0;;;reconnu;famille:machine;REF:DCF891|NU;référence;NU;8;DCF891NT-XJ;310,75
Électro portatif;aspiration;AT-DXV34PTA;DeWALT AT-DXV34PTA — AT-DXV34PTA;218,69;seul;aspirateur;;AUCUN;;;;;;reconnu;famille:machine;REF:AT-DXV34PTA|NU;référence;NU;1;AT-DXV34PTA;314,46
Électro portatif;bois;DW680K;DeWALT DW680K — DW680K;218,04;seul;raboteuse;;AUCUN;;;;;;reconnu;famille:machine;REF:DW680|NU;référence;NU;2;DW680K;313,98
Électro portatif;meulage;DCM848N-XJ;DeWALT DCM848N-XJ — Polisseuse orbitale 18V DCM848N-XJ;217,62;seul;polisseuse;;AUCUN;;;0;;;reconnu;famille:machine;REF:DCM848|NU;référence;NU;2;DCM848N-XJ;313,37
Électro portatif;aspiration;48-0026;DeWALT 48-0026 — 48-0026;217,25;seul;aspirateur;;AUCUN;;;;;;reconnu;famille:machine;REF:48-0026|NU;référence;NU;1;48-0026;313,06
Électro portatif;meulage;DCG430N;DeWALT DCG430N — DCG430N;214,90;seul;meuleuse;18;AUCUN;;;0;;;reconnu;famille:machine;REF:DCG430|NU;référence;NU;1;DCG430N;310,10
Électro portatif;jardin;DCMBL562P1-QW;DEWALT DCMBL562P1-QW;218,77;pack;;18;AUCUN;5;;1;;;inconnu;famille:machine;REF:DCMBL562|1X5;référence;1X5;2;;
Électro portatif;batterie;DCB1104P3-QW;DEWALT DCB1104P3-QW;217,86;pack;batterie;18;;5;;1;;;inconnu;famille:energie;REF:DCB1104|3X5;référence;3X5;2;;
Électro portatif;perforation;DCH072L2;DEWALT DCH072L2;217,68;pack;perforateur;;AUCUN;3;;2;;;inconnu;famille:machine;REF:DCH072|2X3;référence;2X3;1;;
Électro portatif;percage;DCF620M1;DEWALT DCF620M1;216,96;pack;visseuse à placo;18;AUCUN;4;;1;;;inconnu;famille:machine;REF:DCF620|1X4;référence;1X4;3;;
Électro portatif;;IP65;Câble de charge DEWALT Type 2 32A 5 m 22 kW TPU IP65 jaune;215,93;seul;;;;;;;;;inconnu;titre;REF:IP65|NU;référence;NU;1;;
Électro portatif;perforation;DCH133M1;DEWALT DCH133M1;215,11;pack;marteau perforateur;;AUCUN;4;;1;;;inconnu;famille:machine;REF:DCH133|1X4;référence;1X4;1;;
Électro portatif;mesure;DCE530P1;DEWALT DCE530P1;214,39;pack;niveau;;AUCUN;5;;1;;;inconnu;famille:machine;REF:DCE530|1X5;référence;1X5;1;;
Électro portatif;percage;DCD794D2T-QW;DEWALT DCD794D2T-QW;213,99;pack;perceuse-visseuse;18;TSTAK;2;;2;;;inconnu;famille:machine;REF:DCD794|2X2;référence;2X2;2;;
Électro portatif;chantier;DCE530M1;DeWalt DCE 530 M1 Pistolet à air chaud sans fil 18 V + 1x 4,0 Ah + chargeur + 2x buse;219,75;pack;décapeur thermique;18;AUCUN;4;;1;;;sans-ref;famille:machine;REF:DCE530|1X4.0;référence;1X4.0;1;;
Électro portatif;aspiration;DCV517P1-QW;Dewalt DCV517P1-QW XR aspirateur sans fil 18V + 1x5.0Ah Batterie + Chargeur;219,74;pack;aspirateur;18;AUCUN;5;;1;;;sans-ref;famille:machine;REF:DCV517|1X5.0+CHARGEUR;référence;1X5.0+CHARGEUR;2;;
Électro portatif;percage;DCD796D2T;Perceuse-visseuse à percussion DeWALT DCD796D2T (2 x 2,0 Ah + DCB107 + TSTAK II) + kit de 40 embouts de vissage;219,00;pack;perceuse-visseuse;;TSTAK;2;;2;40;;sans-ref;famille:machine;REF:DCD796|2X2.0;référence;2X2.0;1;;
Électro portatif;percage;DCD796P1;Perceuse-visseuse à percussion DeWALT DCD796P1 (1 x 5,0 Ah + DCB115 + TSTAK II);219,00;pack;perceuse-visseuse;;TSTAK;5;;1;;;sans-ref;famille:machine;REF:DCD796|1X5.0;référence;1X5.0;2;;
Électro portatif;vissage-choc;DCF922N;DeWalt DCF 922 N Clé à choc sans fil 18 V 406 Nm 1/2'' Brushless + 1x batterie 4,0 Ah - sans chargeur;218,56;pack;clé à chocs;18;AUCUN;4;;1;;;sans-ref;famille:machine;REF:DCF922|1X4.0;référence;1X4.0;2;;
Électro portatif;percage;DCD794NT-XJ;Perceuse-visseuse 18V DCD794NT-XJ + 1 batterie 18V 5 Ah + 1 chargeur DCB1104-QW DEWALT;217,90;pack;perceuse-visseuse;18;TSTAK;5;;1;;;sans-ref;famille:machine;REF:DCD794|1X5+CHARGEUR;référence;1X5+CHARGEUR;1;;
Électro portatif;meulage;DCG405N;DeWalt DCG 405 N + 1x 4,0Ah;216,96;pack;meuleuse d'angle;18;AUCUN;4;;1;;;sans-ref;famille:machine;REF:DCG405|1X4.0;référence;1X4.0;2;;
Électro portatif;batterie;;DeWalt Garden shears 38 mm incl. battery;215,35;seul;batterie;;;;;;;;sans-ref;famille:energie;TIT:garden shears 38 mm incl battery;titre;NU;1;;
Électro portatif;percage;DCD799NT-XJ;Perceuse-visseuse à percussion 18V DCD799NT-XJ + 1 batterie 18V 5 Ah + 1 Chargeur DCB1104-QW DEWALT;213,90;pack;perceuse-visseuse;18;TSTAK;5;;1;;;sans-ref;famille:machine;REF:DCD799|1X5+CHARGEUR;référence;1X5+CHARGEUR;1;;
Électro portatif;bois;DCS355E1;DeWalt DCS 355 E1 Oscillateur sans fil Multitool 18 V Brushless + 1x batterie Powerstack 1,7 Ah + chargeur + accessoires;213,34;pack;outil multifonctions;18;AUCUN;1.7;;1;;;sans-ref;famille:machine;REF:DCS355|1X1.7+CHARGEUR;référence;1X1.7+CHARGEUR;1;;
Électro portatif;batterie;;DEWALT Extracteur universel de batteries DEWALT Quantité:1;212,99;pack;batterie;;;;;1;;;sans-ref;famille:energie;TIT:extracteur universel de batteries quantit 1;titre;NU;1;;
Électro portatif;jardin;DCMBL777;DeWALT DCMBL777 — DCMBL777;227,20;seul;;54;AUCUN;;;0;;;reconnu;famille:machine;REF:DCMBL777|NU;référence;NU;1;DCMBL777;327,47
Électro portatif;;DCPW550B;DeWALT DCPW550B — DCPW550B Power Cleaner Jaune/Noir;227,06;seul;;;;;;;;;reconnu;titre;REF:DCPW550|NU;référence;NU;1;DCPW550B;324,94
Électro portatif;meulage;DCM849-XJ;DeWALT DCM849 — DCM849;227,00;seul;polisseuse;;AUCUN;;;;;;reconnu;famille:machine;REF:DCM849|NU;référence;NU;9;DCM849;333,74
Électro portatif;fixation;DMF1550-XJ;DeWALT DMF1550-XJ — DMF1550-XJ;226,44;seul;agrafeuse;;AUCUN;;;;;;reconnu;famille:machine;REF:DMF1550|NU;référence;NU;1;DMF1550-XJ;324,26
Électro portatif;vissage-choc;DCF514N;DeWALT DCF514N — DCF514N;225,00;seul;cliquet;18;AUCUN;;;0;;;reconnu;famille:machine;REF:DCF514|NU;référence;NU;2;DCF514N;322,43
Électro portatif;perforation;DCH243N-XJ;DeWALT DCH243N-XJ — DCH243N-XJ 18 V Bare Unit Cordless Rotary Ha mmer;224,30;seul;;18;AUCUN;;;0;;;reconnu;famille:machine;REF:DCH243|NU;référence;NU;1;DCH243N-XJ;321,65
Électro portatif;vissage-choc;DCF887P2;"DeWALT DCF887P2 — Visseuse a chocs 1/4"" XR 18V (2x5Ah + chargeur + TSTAK)";224,17;pack;visseuse à chocs;;AUCUN;5;;2;;;reconnu;famille:machine;REF:DCF887|2X5+CHARGEUR;référence;2X5+CHARGEUR;1;DCF887P2;328,79
Électro portatif;sciage;DW331K;DeWALT DW331K — DW331K;223,82;seul;scie sauteuse;;AUCUN;;;;;;reconnu;famille:machine;REF:DW331|NU;référence;NU;5;DW331K;323,32
Électro portatif;percage;DWD241-QS;DeWALT DWD241-QS — DWD241-QS;223,75;seul;malaxeur;;AUCUN;;;;;;reconnu;famille:machine;REF:DWD241|NU;référence;NU;2;DWD241-QS;311,33
Électro portatif;meulage;DCG420N;DeWALT DCG420N-XJ — Meuleuse droite compacte XR 18V DCG420N-XJ;221,68;seul;meuleuse d'angle;18;AUCUN;;;0;;;reconnu;famille:machine;REF:DCG420|NU;référence;NU;1;DCG420N-XJ;336,06
Électro portatif;sciage;DCS565NT-XJ;DeWALT DCS565NT-XJ — DCS565NT-XJ;219,98;seul;scie circulaire;;TSTAK;;;0;;;reconnu;famille:machine;REF:DCS565|NU;référence;NU;2;DCS565NT-XJ;316,33
Électro portatif;meulage;DWE4347-QS;DeWALT DWE4347-QS — DWE4347-QS;219,83;seul;meuleuse d'angle;;AUCUN;;;;;;reconnu;famille:machine;REF:DWE4347|NU;référence;NU;1;DWE4347-QS;316,12
Électro portatif;jardin;DCM563P1-QW;DEWALT DCM563P1-QW;227,60;pack;taille-haie;;AUCUN;5;;1;;;inconnu;famille:machine;REF:DCM563|1X5;référence;1X5;1;;
Électro portatif;jardin;DCMHT563P1-QW;DEWALT DCMHT563P1-QW;226,89;pack;taille-haie;18;AUCUN;5;;1;;;inconnu;famille:machine;REF:DCMHT563|1X5;référence;1X5;1;;
Électro portatif;percage;DCD709M2T;DEWALT DCD709M2T;226,56;pack;perceuse-visseuse;;TSTAK;4;;2;;;inconnu;famille:machine;REF:DCD709|2X4;référence;2X4;1;;
Électro portatif;percage;DCF620P1;DEWALT DCF620P1;224,99;pack;visseuse à placo;18;AUCUN;5;;1;;;inconnu;famille:machine;REF:DCF620|1X5;référence;1X5;4;;
Électro portatif;percage;DCD800M1;DEWALT DCD800M1;224,99;pack;perceuse-visseuse;;AUCUN;4;;1;;;inconnu;famille:machine;REF:DCD800|1X4;référence;1X4;1;;
Électro portatif;percage;DCD791P2;DEWALT DCD791P2;224,25;pack;perceuse-visseuse;;AUCUN;5;;2;;;inconnu;famille:machine;REF:DCD791|2X5;référence;2X5;2;;
Électro portatif;percage;DCD777M2;DEWALT DCD777M2;219,89;pack;perceuse-visseuse;;AUCUN;4;;2;;;inconnu;famille:machine;REF:DCD777|2X4;référence;2X4;2;;
Électro portatif;mesure;DCLE34021N-XJ;DeWalt Compact 18V (DCLE34021N-XJ)1;226,80;seul;niveau laser;18;AUCUN;;;0;;;sans-ref;famille:machine;REF:DCLE34021|NU;référence;NU;1;;
Électro portatif;perforation;;DEWALT Perforateur-Burineur SDS-PLUS Brushless 2.6J 18V, Sans Fil avec Coffret TSTAK et Débrayage de Sécurité + DEWALT C;226,38;pack;perforateur;18;TSTAK;;;;;;sans-ref;famille:machine;TIT:perforateur burineur sds plus brushless 2 6j 18v sans fil avec coffret tstak et d brayage de s curit c;titre;NU;1;;
Électro portatif;aspiration;DCV501LN;DeWalt DCV 501 LN Aspirateur sans fil 18 V 0,7 l classe de poussière L + 1x batterie 4,0 Ah - sans chargeur;225,55;pack;aspirateur;18;AUCUN;4;;1;;;sans-ref;famille:machine;REF:DCV501|1X4.0;référence;1X4.0;1;;
Électro portatif;sciage;DT40251-QZ;DEWALT Scie circulaire XR 18VBL - sans Batterie ni Chargeur - Multi-matériaux 115 mm Jaune & DT40251-QZ Extreme Metal 11;224,82;pack;scie circulaire;;AUCUN;;;0;;;sans-ref;famille:machine;REF:DT40251|NU;référence;NU;1;;
Électro portatif;meulage;DCG405N;DeWalt DCG 405 N (1x 5,0 Ah);224,59;pack;meuleuse d'angle;18;AUCUN;5;;1;;;sans-ref;famille:machine;REF:DCG405|1X5.0;référence;1X5.0;2;;
Électro portatif;vissage-choc;DCF922N;DeWalt DCF 922 N Clé à choc sans fil 18 V 406 Nm 1/2'' Brushless + 1x batterie 5,0 Ah - sans chargeur;223,38;pack;clé à chocs;18;AUCUN;5;;1;;;sans-ref;famille:machine;REF:DCF922|1X5.0;référence;1X5.0;3;;
Électro portatif;;;Câble de Charge Véhicule Électrique DEWALT 3.7kW Type 2 5m 32A 230V AC TPU;223,33;seul;;;;;;;;;sans-ref;titre;TIT:c ble de charge v hicule lectrique 3 7kw type 2 5m 32a 230v ac tpu;titre;NU;1;;
Électro portatif;batterie;DCBP034E3;DeWalt DCBP 034 E3;222,81;pack;batterie;18;;1.7;;1;;;sans-ref;famille:energie;REF:DCBP034|3X1.7;référence;3X1.7;1;;
Électro portatif;batterie;DCB1104;DeWalt Power Set McLaren 2x 18V 5,0Ah + DCB1104;221,00;pack;batterie;18;;5;;1;;oui;sans-ref;famille:energie;REF:DCB1104|1X5.0;référence;1X5.0;1;;
Électro portatif;batterie;DCB1104M3;DeWalt DCB 1104 M3;220,17;pack;batterie;12;;4;;1;;;sans-ref;famille:energie;REF:DCB1104|3X4;référence;3X4;1;;
Électro portatif;meulage;;Dewalt Meuleuse d'angle 125/1400W Dwe46107 + Protecteur de coupe de béton;219,97;pack;meuleuse d'angle;;AUCUN;;;;;;sans-ref;famille:machine;TIT:meuleuse d angle 125 1400w dwe46107 protecteur de coupe de b ton;titre;NU;1;;
Électro portatif;mesure;DCE088NG18-XJ;DeWALT DCE088NG18-XJ — DCE088NG18-XJ;234,10;seul;niveau laser;;AUCUN;;;;;;reconnu;famille:machine;REF:DCE088|1X3;référence;1X3;1;DCE088NG18-XJ;338,58
Électro portatif;sciage;DCS572NT;DeWALT DCS572NT-XJ — Scie circulaire 18V Ø184 mm DCS572NT-XJ;233,77;seul;scie circulaire;;TSTAK;;;0;;;reconnu;famille:machine;REF:DCS572|NU;référence;NU;5;DCS572NT-XJ;268,70
Électro portatif;confort;DWST1-81078;DeWALT DWST1-81078 — Radio de chantier Bluetooth 18V DWST1-81078;232,04;seul;radio de chantier;;AUCUN;;;;;;reconnu;famille:machine;REF:DWST1-81078|NU;référence;NU;1;DWST1-81078;330,78
Électro portatif;vissage-choc;DCF892N;DeWALT DCF892NT-XJ — DCF892NT-XJ;231,90;pack;clé à chocs;18;AUCUN;;;0;;;reconnu;famille:machine;REF:DCF892|NU;référence;NU;5;DCF892NT-XJ;340,00
Électro portatif;meulage;DCGG571NK-XJ;DeWALT DCGG571NK-XJ — DCGG571NK-XJ;231,35;pack;;18;GENERIQUE;;;;;;reconnu;famille:machine;REF:DCGG571|NU;référence;NU;2;DCGG571NK-XJ;330,37
Électro portatif;percage;DCD803NT;DeWALT DCD803NT-XJ — Perceuse-visseuse à têtes multiples 18V DCD803NT-XJ;229,52;seul;perceuse-visseuse;;TSTAK;;;0;;;reconnu;famille:machine;REF:DCD803|NU;référence;NU;3;DCD803NT-XJ;327,98
Électro portatif;aspiration;QT960;DeWALT QT960W — Aspirateur eau et poussière DeWalt DXVP-QT 960W 34L 230V;229,00;seul;aspirateur;;AUCUN;;;;;;reconnu;famille:machine;REF:QT960|NU;référence;NU;1;QT960W;327,47
Électro portatif;percage;DCF620D2-QW;DEWALT DCF620D2-QW;234,20;pack;perceuse-visseuse;;AUCUN;2;;2;;;inconnu;famille:machine;REF:DCF620|2X2;référence;2X2;4;;
Électro portatif;jardin;DCMPP568P1;DeWALT - Sécateur sans fil 18V, 1 batterie 5.0 Ah XR, chargeur DCMPP568P1;233,92;pack;sécateur;18;AUCUN;5;;1;;;inconnu;famille:machine;REF:DCMPP568|CHARGEUR;référence;CHARGEUR;1;;
Électro portatif;vissage-choc;DCF809M1T;DEWALT DCF809M1T;230,61;pack;visseuse à chocs;;TSTAK;4;;1;;;inconnu;famille:machine;REF:DCF809|1X4;référence;1X4;1;;
Électro portatif;bois;DCS353D2;DEWALT DCS353D2;229,90;pack;outil multifonctions;12;AUCUN;2;;2;;;inconnu;famille:machine;REF:DCS353|2X2;référence;2X2;1;;
Électro portatif;percage;DCD709L2T;DEWALT DCD709L2T;229,52;pack;perceuse-visseuse;;TSTAK;3;;2;;;inconnu;famille:machine;REF:DCD709|2X3;référence;2X3;1;;
Électro portatif;percage;DCD703L2T-QW;DEWALT DCD703L2T-QW;229,52;pack;perceuse-visseuse;;TSTAK;3;;2;;;inconnu;famille:machine;REF:DCD703|2X3;référence;2X3;2;;
Électro portatif;vissage-choc;DCF850E1T;DEWALT DCF850E1T;229,44;pack;visseuse à chocs;;TSTAK;1.7;;1;;;inconnu;famille:machine;REF:DCF850|1X1.7;référence;1X1.7;2;;
Électro portatif;percage;DCD795M1;DEWALT DCD795M1;228,23;pack;perceuse-visseuse;;AUCUN;4;;1;;;inconnu;famille:machine;REF:DCD795|1X4;référence;1X4;1;;
Électro portatif;chantier;DCMPW1000N;DeWalt Nettoyeur haute pression sans fil portable DCMPW1000N sans batterie et chargeur;234,12;pack;nettoyeur haute pression;;AUCUN;;;0;;;sans-ref;famille:machine;REF:DCMPW1000|NU;référence;NU;1;;
Électro portatif;chantier;DCC018N-XJ;Gonfleur 18V XR DCC018N-XJ + 1 batterie 18V 5 Ah + 1 chargeur DCB1104-QW DEWALT;233,90;pack;gonfleur;18;AUCUN;5;;1;;;sans-ref;famille:machine;REF:DCC018|1X5+CHARGEUR;référence;1X5+CHARGEUR;2;;
Électro portatif;jardin;DCMPS520N;DeWalt DCMPS 520 N 18 V 20 cm brushless + 1x 5.0 Ah battery – without charger;233,59;pack;tronçonneuse;18;AUCUN;5;;1;;;sans-ref;famille:machine;REF:DCMPS520|1X5.0;référence;1X5.0;2;;
Électro portatif;batterie;DCB1102E2-QW;Dewalt - Pack 2 batteries POWERSTACK XR 18V 1.7Ah Li-Ion + chargeur - DCB1102E2-QW;232,99;pack;batterie;18;;1.7;;2;;;sans-ref;famille:energie;REF:DCB1102|1X1.7+CHARGEUR;référence;1X1.7+CHARGEUR;1;;
Électro portatif;bois;DCW200D1;Dewalt DCW200D1 Ponceuse vibrante sans fil 18 V 108x115 mm + 1 x 2,0Ah Batteries + Chargeur + Coffret T-STAK;232,45;pack;ponceuse;18;TSTAK;2;;1;;;sans-ref;famille:machine;REF:DCW200|1X2.0+CHARGEUR;référence;1X2.0+CHARGEUR;1;;
Électro portatif;percage;DCD708M2;DeWalt DCD 708 M2 Perceuse-visseuse sans fil 18 V 65 Nm Brushless + 2x batterie 4,0 Ah + chargeur;231,42;pack;perceuse-visseuse;18;AUCUN;4;;2;;;sans-ref;famille:machine;REF:DCD708|2X4.0+CHARGEUR;référence;2X4.0+CHARGEUR;1;;
Électro portatif;aspiration;DCV517P1;DeWalt DCV 517 P1 Aspirateur à main sans fil 18 V 1,9 L + 1x batterie 5,0 Ah + chargeur;230,37;pack;aspirateur;18;AUCUN;5;;1;;;sans-ref;famille:machine;REF:DCV517|CHARGEUR;référence;CHARGEUR;2;;
Électro portatif;aspiration;DCV501LE2;DeWalt DCV 501 LE2;230,37;seul;;;AUCUN;;;;;;sans-ref;famille:machine;REF:DCV501|2X1.7;référence;2X1.7;1;;
Électro portatif;bois;DCS355NT-XJ;DEWALT - Multi-Cutter XR 18V - DCS355NT-XJ - L'Outil Multifonctionnel Oscillant & Batterie XR 18V 4 Ah Li-Ion - DCB182-X;229,83;pack;outil multifonctions;18;TSTAK;4;;1;;;sans-ref;famille:machine;REF:DCS355|1X4;référence;1X4;2;;
Électro portatif;bois;DCS355M1-QW;Dewalt DCS355M1-QW Multi-Cutter Sans Fil XR 18V 1 X 4.0Ah Li-Ion Sans Charbons + 32 Accessoires Coffret TSTAK;229,32;pack;outil multifonctions;18;TSTAK;4;;1;;;sans-ref;famille:machine;REF:DCS355|ACCESSOIRE;référence;ACCESSOIRE;3;;
Électro portatif;percage;DCD800P1T;Dewalt DCD800P1T Perceuse visseuse 18V XR 90 Nm + 1 x 5,0Ah Batterie + Chargeur + Coffret T-STAK;228,91;pack;perceuse-visseuse;18;TSTAK;5;;1;;;sans-ref;famille:machine;REF:DCD800|1X5.0+CHARGEUR;référence;1X5.0+CHARGEUR;2;;
Électro portatif;jardin;;DeWalt Ensemble sécateur;228,20;pack;sécateur;;AUCUN;;;;;;sans-ref;famille:machine;TIT:ensemble s cateur;titre;NU;1;;
Électro portatif;meulage;DWE4997-QS;DeWALT DWE4997-QS — DWE4997-QS;240,49;seul;meuleuse droite;;AUCUN;;;;;;reconnu;famille:machine;REF:DWE4997|NU;référence;NU;1;DWE4997-QS;342,06
Électro portatif;meulage;DCG404;DeWALT DCG404 — DCG404;239,99;seul;meuleuse d'angle;18;AUCUN;;;;;;reconnu;famille:machine;REF:DCG404|NU;référence;NU;7;DCG404;341,03
Électro portatif;meulage;DCG421N-XJ;DeWALT DCG421N-XJ — DCG421N-XJ;239,95;seul;meuleuse d'angle;18;AUCUN;;;0;;;reconnu;famille:machine;REF:DCG421|NU;référence;NU;1;DCG421N-XJ;339,86
Électro portatif;sciage;DWS773;DeWALT DWS773 — DWS773;239,70;seul;scie à onglet;;AUCUN;;;;;;reconnu;famille:machine;REF:DWS773|NU;référence;NU;1;DWS773;316,28
Électro portatif;mesure;DCLE14201GB;DeWALT DCLE14201GB-XJ — Niveau laser croix faisceau vert DCLE14201GB-XJ;239,44;seul;niveau laser;;AUCUN;;;;;;reconnu;famille:machine;REF:DCLE14201|NU+VERT;référence;NU+VERT;1;DCLE14201GB-XJ;340,25
Électro portatif;fixation;DCN701N;DeWALT DCN701N — DCN701N;238,99;seul;agrafeuse;;AUCUN;;;0;;;reconnu;famille:machine;REF:DCN701|NU;référence;NU;2;DCN701N;339,84
Électro portatif;meulage;DWP849X;DeWALT DWP849X — DWP849X;237,83;seul;polisseuse;;AUCUN;;;;;;reconnu;famille:machine;REF:DWP849|NU;référence;NU;1;DWP849X;320,83
Électro portatif;percage;DCDW102-XJ;DeWALT DCDW102-XJ — DCDW102-XJ DCDW102-XJ Couronne de perçage à eau diamantée 61 mm 1 pc(s);237,59;seul;;;AUCUN;;;;;;reconnu;famille:machine;REF:DCDW102|NU;référence;NU;1;DCDW102-XJ;350,20
Électro portatif;confort;DCR027;DeWALT DCR027 — DCR027;235,38;seul;radio de chantier;;AUCUN;;;;;;reconnu;famille:machine;REF:DCR027|NU;référence;NU;2;DCR027;335,41
Électro portatif;batterie;DCB118T2;DEWALT DCB118T2;241,19;pack;batterie;;;6;;1;;;inconnu;famille:energie;REF:DCB118|2X6;référence;2X6;1;;
Électro portatif;percage;DCD805E1T;DEWALT DCD805E1T;241,06;pack;perceuse-visseuse;;TSTAK;1.7;;1;;;inconnu;famille:machine;REF:DCD805|1X1.7;référence;1X1.7;2;;
Électro portatif;vissage-choc;DCF903P1;DEWALT DCF903P1;235,79;pack;visseuse à chocs;;AUCUN;5;;1;;;inconnu;famille:machine;REF:DCF903|1X5;référence;1X5;2;;
Électro portatif;vissage-choc;DCF887M2;Dewalt DCF887M2 Visseuse à chocs 18V XR 205 Nm (2x4,0 Ah) dans TSTAK;239,74;pack;visseuse à chocs;18;TSTAK;4;;2;;;inconnu;famille:machine;REF:DCF887|2X4.0;référence;2X4.0;1;;
Électro portatif;percage;DCD799D2T-QW;DEWALT DCD799D2T-QW;239,71;pack;perceuse-visseuse;18;TSTAK;2;;2;;;inconnu;famille:machine;REF:DCD799|2X2;référence;2X2;1;;
Électro portatif;percage;DCD796M2;DEWALT DCD796M2;239,45;pack;perceuse-visseuse;18;AUCUN;4;;2;;;inconnu;famille:machine;REF:DCD796|2X4;référence;2X4;1;;
Électro portatif;vissage-choc;DCF503L1G-QW;DEWALT DCF503L1G-QW;237,76;seul;cliquet;;AUCUN;;;;;;inconnu;famille:machine;REF:DCF503|1X3;référence;1X3;1;;
Électro portatif;;DCV580H;DeWALT Dcv580h 18/20 V Max sans fil 20 V sous vide;235,51;seul;;20;;;;;;;inconnu;titre;REF:DCV580|NU;référence;NU;2;;
Électro portatif;vissage-choc;DCF504L1G-QW;DEWALT DCF504L1G-QW;234,90;seul;cliquet;;AUCUN;;;;;;inconnu;famille:machine;REF:DCF504|1X3;référence;1X3;1;;
Électro portatif;percage;DCD800P1;DEWALT DCD800P1;234,63;pack;perceuse-visseuse;18;AUCUN;5;;1;;;inconnu;famille:machine;REF:DCD800|1X5;référence;1X5;2;;
Électro portatif;sciage;DCS369M1;DeWalt DCS 369 M1 Scie Sabre sans Fil 18V Brushless (DCS369M1);241,06;pack;scie sabre;18;AUCUN;4;;1;;;sans-ref;famille:machine;REF:DCS369|1X4;référence;1X4;2;;
Électro portatif;jardin;;DeWalt Sécateur 19,5 cm;240,25;seul;sécateur;;AUCUN;;;;;;sans-ref;famille:machine;TIT:s cateur 19 5 cm;titre;NU;1;;
Électro portatif;vissage-choc;DCF922D1T-QW;Dewalt DCF922D1T-QW Clé à choc sans fil sans charbon 18V Li-ion XR - 1 X 2.0Ah Batrerie + chargeur en Tstak;240,20;pack;clé à chocs;18;TSTAK;2;;1;;;sans-ref;famille:machine;REF:DCF922|ACCESSOIRE;référence;ACCESSOIRE;3;;
Électro portatif;batterie;DCB1104E3;DeWalt DCB 1104 E3;239,45;pack;batterie;12;;1.7;;1;;;sans-ref;famille:energie;REF:DCB1104|3X1.7;référence;3X1.7;1;;
Électro portatif;percage;DCD796M2;Dewalt DCD796M2 Perceuse à percussion 18V XR (2x 4,0Ah) + chargeur en TSTAK;239,42;pack;perceuse à percussion;18;TSTAK;4;;2;;;sans-ref;famille:machine;REF:DCD796|2X4.0+CHARGEUR;référence;2X4.0+CHARGEUR;1;;
Électro portatif;bois;DCW210D1;Dewalt DCW210D1 Ponceuse excentrique 125 mm 18V Brushless + en TSTAK + 1 X 2,0 Ah Batteries + Chargeur;239,28;pack;ponceuse;18;TSTAK;2;;1;;;sans-ref;famille:machine;REF:DCW210|1X2.0+CHARGEUR;référence;1X2.0+CHARGEUR;1;;
Électro portatif;batterie;DCB115P3;DeWalt Starter-Kit (DCB115P3);238,42;pack;batterie;18;;5;;1;;;sans-ref;famille:energie;REF:DCB115|3X5;référence;3X5;1;;
Électro portatif;vissage-choc;DCF922E1;DeWalt DCF 922 E1 Clé à choc sans fil 18 V 406 Nm 1/2'' Brushless + 1x batterie Powerstack 1,7 Ah + chargeur;236,24;pack;clé à chocs;18;AUCUN;1.7;;1;;;sans-ref;famille:machine;REF:DCF922|1X1.7+CHARGEUR;référence;1X1.7+CHARGEUR;2;;
Électro portatif;aspiration;DCV501LN;DeWalt DCV 501 LN Aspirateur sans fil 18 V 0,7 l classe de poussière L + 1x batterie 5,0 Ah - sans chargeur;235,19;pack;aspirateur;18;AUCUN;5;;1;;;sans-ref;famille:machine;REF:DCV501|1X5.0;référence;1X5.0;1;;
Électro portatif;vissage-choc;DCF887D2T;Clé à chocs DeWALT DCF887D2T (2 x 2,0 Ah + DCB107 + TSTAK II) + kit de 32 embouts de vissage Impact Torsion;235,00;pack;clé à chocs;;TSTAK;2;;2;32;;sans-ref;famille:machine;REF:DCF887|2X2.0;référence;2X2.0;2;;
Électro portatif;percage;DCD996N;DeWalt DCD 996 N Perceuse-visseuse à percussion sans fil 18 V 95 Nm Brushless + 1x batterie 4,0 Ah - sans chargeur;234,63;pack;perceuse-visseuse;18;AUCUN;4;;1;;;sans-ref;famille:machine;REF:DCD996|1X4.0;référence;1X4.0;2;;
Électro portatif;meulage;DCS491;DeWALT DCS491 — DCS491;246,98;seul;cisaille;;AUCUN;;;;;;reconnu;famille:machine;REF:DCS491|NU;référence;NU;3;DCS491;346,21
Électro portatif;jardin;DCM571N;DeWALT DCM571N — DCM571N;245,99;pack;débroussailleuse;;AUCUN;;;1;;;reconnu;famille:machine;REF:DCM571|NU;référence;NU;2;DCM571N;348,32
Électro portatif;vissage-choc;DCF913B;DeWALT DCF913B — DCF913B 20V MAX 3/8 in. Cordless Impact Wrench with Hog Ring Anvil (Tool Only);245,96;seul;clé à chocs;20;AUCUN;;;;;;reconnu;famille:machine;REF:DCF913|NU;référence;NU;1;DCF913B;348,24
Électro portatif;sciage;DCS578NT-XJ;DeWALT DCS578NT-XJ — DCS578NT-XJ;245,28;seul;scie circulaire;;TSTAK;;;0;;;reconnu;famille:machine;REF:DCS578|NU;référence;NU;3;DCS578NT-XJ;364,67
Électro portatif;vissage-choc;DCF520;DeWALT DCF520 — DCF520;245,00;seul;cliquet;18;AUCUN;;;;;;reconnu;famille:machine;REF:DCF520|NU;référence;NU;1;DCF520;353,26
Électro portatif;jardin;DCM572N-XJ;DeWALT DCM572N-XJ — DCM572N-XJ;244,34;seul;;54;AUCUN;;;0;;;reconnu;famille:machine;REF:DCM572|NU;référence;NU;1;DCM572N-XJ;348,48
Électro portatif;;DCE560N-XJ;DEWALT DCE560N-XJ;247,49;seul;;18;AUCUN;;;0;;;inconnu;famille:machine;REF:DCE560|NU;référence;NU;1;;
Électro portatif;vissage-choc;DCF850M1;DEWALT DCF850M1;247,48;pack;visseuse à chocs;;AUCUN;4;;1;;;inconnu;famille:machine;REF:DCF850|1X4;référence;1X4;1;;
Électro portatif;percage;DCD708M2T;DEWALT DCD708M2T;247,48;pack;perceuse-visseuse;;TSTAK;4;;2;;;inconnu;famille:machine;REF:DCD708|2X4;référence;2X4;1;;
Électro portatif;vissage-choc;DCF922M1;DEWALT DCF922M1;247,48;pack;visseuse à chocs;;AUCUN;4;;1;;;inconnu;famille:machine;REF:DCF922|1X4;référence;1X4;1;;
Électro portatif;vissage-choc;DCF850P1T-QW;Dewalt DCF850P1T-QW Visseuse à chocs ultra compacte XR 18V 1 X 5AH Li-Ion Brushless;247,39;pack;visseuse à chocs;18;TSTAK;5;;1;;;inconnu;famille:machine;REF:DCF850|1X5;référence;1X5;2;;
Électro portatif;vissage-choc;DCF850D2T;DEWALT DCF850D2T;247,26;pack;visseuse à chocs;;TSTAK;2;;2;;;inconnu;famille:machine;REF:DCF850|2X2;référence;2X2;1;;
Électro portatif;sciage;DCS356E1T-XJ;DEWALT DCS356E1T-XJ;246,46;pack;;18;TSTAK;1.7;;1;;;inconnu;famille:machine;REF:DCS356|1X1.7;référence;1X1.7;1;;
Électro portatif;percage;DCD709P2T-QW;DEWALT DCD709P2T-QW;246,40;pack;perceuse-visseuse;;TSTAK;5;;2;;;inconnu;famille:machine;REF:DCD709|2X5;référence;2X5;1;;
Électro portatif;percage;DCD805P1T;Dewalt DCD805P1T Perceuse à percussion XR Brushless 18V 90Nm - 1 X 5Ah Batteries, chargeur en coffret;246,13;pack;perceuse à percussion;18;GENERIQUE;5;;1;;;inconnu;famille:machine;REF:DCD805|1X5+CHARGEUR;référence;1X5+CHARGEUR;2;;
Électro portatif;jardin;DCMPP568P1-QW;DeWalt DCMPP568P1-QW - Sécateur électrique de taille - 18V 2 Ah - Diamètre de coupe 38 mm;246,03;pack;sécateur;18;AUCUN;2;;1;;;inconnu;famille:machine;REF:DCMPP568|1X2;référence;1X2;1;;
Électro portatif;vissage-choc;DCF809P2T;DEWALT DCF809P2T;245,39;pack;visseuse à chocs;;TSTAK;5;;2;;;inconnu;famille:machine;REF:DCF809|2X5;référence;2X5;1;;
Électro portatif;chantier;DCC018M1;DEWALT DCC018M1;243,90;pack;compresseur;;AUCUN;4;;1;;;inconnu;famille:machine;REF:DCC018|1X4;référence;1X4;1;;
Électro portatif;vissage-choc;DCF887E2;DEWALT DCF887E2;243,87;pack;visseuse à chocs;;AUCUN;1.7;;2;;;inconnu;famille:machine;REF:DCF887|2X1.7;référence;2X1.7;1;;
Électro portatif;jardin;DCMST561P1-QW;DEWALT DCMST561P1-QW;243,59;pack;coupe-bordure;;AUCUN;5;;1;;;inconnu;famille:machine;REF:DCMST561|1X5;référence;1X5;1;;
Électro portatif;jardin;DCMHT564P1-QW;DEWALT DCMHT564P1-QW;241,92;pack;taille-haie;;AUCUN;5;;1;;;inconnu;famille:machine;REF:DCMHT564|1X5;référence;1X5;1;;
Électro portatif;sciage;DCS512P2-QW;DEWALT DCS512P2-QW;241,63;pack;scie circulaire;;AUCUN;5;;2;;;inconnu;famille:machine;REF:DCS512|2X5;référence;2X5;1;;
Électro portatif;percage;DCD796P2;DEWALT DCD796P2;241,43;pack;perceuse-visseuse;;AUCUN;5;;2;;;inconnu;famille:machine;REF:DCD796|2X5;référence;2X5;2;;
Électro portatif;percage;DCD996D1;DeWalt DCD 996 D1 Perceuse-visseuse à percussion sans fil 18 V 95 Nm Brushless + 1x batterie 2,0 Ah + chargeur;247,48;pack;perceuse-visseuse;18;AUCUN;2;;1;;;sans-ref;famille:machine;REF:DCD996|1X2.0+CHARGEUR;référence;1X2.0+CHARGEUR;4;;
Électro portatif;vissage-choc;DCF887M2;DeWalt DCF 887 M2 Clé à choc sans fil 18 V 205 Nm 1/4'' Brushless + 2x batterie 4,0 Ah + chargeur;247,48;pack;clé à chocs;18;AUCUN;4;;2;;;sans-ref;famille:machine;REF:DCF887|2X4.0+CHARGEUR;référence;2X4.0+CHARGEUR;2;;
Électro portatif;aspiration;;Aspirateur Eau & Poussières Dxvp-qt - 960w, 34l, Silencieux - DEWALT - 101264;247,10;seul;aspirateur;;AUCUN;;;;;;sans-ref;famille:machine;TIT:aspirateur eau poussi res dxvp qt 960w 34l silencieux 101264;titre;NU;2;;
Électro portatif;vissage-choc;DCF86MP1T;DeWalt McLaren F1 Team DCF86MP1T 18V 1x 5,0 Ah und Ladegerät in TSTAK;246,90;pack;visseuse à chocs;18;TSTAK;5;;1;;oui;sans-ref;famille:machine;REF:DCF86|1X5.0;référence;1X5.0;1;;
Électro portatif;meulage;DCG406N;DeWalt DCG 406 N Meuleuse d'angle sans fil 18 V 125 mm Brushless + 1x batterie 4,0 Ah - sans chargeur;245,87;pack;meuleuse d'angle;18;AUCUN;4;;1;;;sans-ref;famille:machine;REF:DCG406|1X4.0;référence;1X4.0;1;;
Électro portatif;bois;DCS355M1;DeWalt DCS355M1 Outil oscillant multi-cutter sans fil 18V Brushless + 1x Batterie 4,0Ah + Chargeur + Coffret TSTAK + Acc;245,87;pack;outil multifonctions;18;TSTAK;4;;1;;;sans-ref;famille:machine;REF:DCS355|CHARGEUR;référence;CHARGEUR;2;;
Électro portatif;sciage;DCS369P1;DeWalt DCS 369 P1 Scie sabre sans fil, réversible Brushless 18V + 1x Batterie 5,0Ah + Chargeur;245,87;pack;scie sabre;18;AUCUN;5;;1;;;sans-ref;famille:machine;REF:DCS369|1X5.0+CHARGEUR;référence;1X5.0+CHARGEUR;2;;
Électro portatif;meulage;DCG405M1;DeWalt DCG 405 M1 Meuleuse d'angle sans fil 18V 125mm Brushless + 1x batterie 4,0Ah + chargeur;245,87;pack;meuleuse d'angle;18;AUCUN;4;;1;;;sans-ref;famille:machine;REF:DCG405|CHARGEUR;référence;CHARGEUR;2;;
Électro portatif;chantier;DCMPP568D1-QW;DeWALT DCMPP568D1-QW Kit Sécateur À Batterie Li-ion 18 V (1 Batterie 2,0 Ah);245,09;pack;;18;AUCUN;2;;1;;;sans-ref;famille:machine;REF:DCMPP568|1X2.0;référence;1X2.0;1;;
Électro portatif;jardin;DCMPS520N-XJ;Tronçonneuse élagueuse 18V 20 cm DCMPS520N-XJ + 1 batterie 18V 5 Ah + chargeur DEWALT;244,90;pack;tronçonneuse;18;AUCUN;5;;1;;;sans-ref;famille:machine;REF:DCMPS520|1X5+CHARGEUR;référence;1X5+CHARGEUR;1;;
Électro portatif;percage;DCD708P2;DeWalt DCD 708 P2 Perceuse-visseuse sans fil 18 V 65 Nm Brushless + 2x batterie 5,0 Ah + chargeur;244,27;pack;perceuse-visseuse;18;AUCUN;5;;2;;;sans-ref;famille:machine;REF:DCD708|2X5.0+CHARGEUR;référence;2X5.0+CHARGEUR;2;;
Électro portatif;meulage;DCG406N;DeWalt DCG 406 N Meuleuse d'angle sans fil 18 V 125 mm Brushless + 1x batterie 5,0 Ah - sans chargeur;244,27;pack;meuleuse d'angle;18;AUCUN;5;;1;;;sans-ref;famille:machine;REF:DCG406|1X5.0;référence;1X5.0;2;;
Électro portatif;bois;DCW200M1;Dewalt DCW200M1 Ponceuse vibrante sans fil 18 V 108x115 mm + 1 x 4,0Ah Batteries + Chargeur + Coffret T-STAK;244,25;pack;ponceuse;18;TSTAK;4;;1;;;sans-ref;famille:machine;REF:DCW200|1X4.0+CHARGEUR;référence;1X4.0+CHARGEUR;1;;
Électro portatif;vissage-choc;DCF887E2;DeWalt DCF 887 E2 Clé à choc sans fil 18 V 205 Nm 1/4'' Brushless + 2x Powerstack batterie 1,7 Ah + chargeur;243,87;pack;clé à chocs;18;AUCUN;1.7;;2;;;sans-ref;famille:machine;REF:DCF887|2X1.7+CHARGEUR;référence;2X1.7+CHARGEUR;1;;
Électro portatif;bois;D26500K;DeWALT D26500K — D26500K;252,00;seul;raboteuse;;AUCUN;;;;;;reconnu;famille:machine;REF:D26500|NU;référence;NU;2;D26500K;352,93
Électro portatif;bois;DCW220NT-XJ;DeWALT DCW220NT-XJ — Ponceuse à bande 18V DCW220NT-XJ;252,00;seul;;18;TSTAK;;;0;;;reconnu;famille:machine;REF:DCW220|NU;référence;NU;3;DCW220NT-XJ;355,82
Électro portatif;sciage;DCS386NT-XJ;DeWALT DCS386NT-XJ — Scie sabre 18V DCS386NT-XJ;252,00;seul;scie sabre;;TSTAK;;;0;;;reconnu;famille:machine;REF:DCS386|NU;référence;NU;1;DCS386NT-XJ;352,19
Électro portatif;perforation;D25333K;DeWALT D25333K — D25333K;252,00;seul;marteau perforateur;;AUCUN;;;;;;reconnu;famille:machine;REF:D25333|NU;référence;NU;1;D25333K;360,71
Électro portatif;mesure;DCL079-XJ;DeWALT DCL079-XJ — DCL079-XJ;251,09;pack;projecteur;;AUCUN;;;1;;;reconnu;famille:machine;REF:DCL079|NU;référence;NU;1;DCL079-XJ;354,65
Électro portatif;combo;DCK2060D2T;DeWALT DCK2060D2T — DCK2060D2T;250,90;pack;pack d'outils;18;TSTAK;2;;2;;;reconnu;famille:machine;REF:DCK2060|2X2;référence;2X2;1;DCK2060D2T;334,25
Électro portatif;sciage;DW304PK;DeWALT DW304PK — DW304PK;250,10;seul;scie sabre;;AUCUN;;;;;;reconnu;famille:machine;REF:DW304|NU;référence;NU;1;DW304PK;335,02
Électro portatif;meulage;DCM200NT-XJ;DeWALT DCM200N — Lime à bande 18V DCM200N;249,99;seul;lime à bande;18;TSTAK;;;0;;;reconnu;famille:machine;REF:DCM200|NU;référence;NU;3;DCM200N;324,89
Électro portatif;chantier;DXCMS156RE;DeWALT DXCMS156RE — DXCMS156RE;249,90;seul;compresseur;;AUCUN;;;;;;reconnu;famille:machine;REF:DXCMS156|NU;référence;NU;1;DXCMS156RE;353,11
Électro portatif;sciage;DCS573NT;DeWALT DCS573NT-XJ — Scie circulaire 18V Ø190 mm DCS573NT-XJ;249,68;pack;scie circulaire;;TSTAK;;;0;;;reconnu;famille:machine;REF:DCS573|NU;référence;NU;2;DCS573NT-XJ;356,86
Électro portatif;percage;DCDW108;DeWALT DCDW108 — DCDW108;248,87;seul;;;AUCUN;;;;;;reconnu;famille:machine;REF:DCDW108|NU;référence;NU;1;DCDW108;350,21
Électro portatif;combo;DCK795S2T;DeWALT DCK795S2T — DCK795S2T;247,98;seul;pack d'outils;;AUCUN;;;;;;reconnu;famille:machine;REF:DCK795|NU;référence;NU;2;DCK795S2T;350,89
Électro portatif;bois;DCS355P1;DEWALT DCS355P1;252,52;pack;outil multifonctions;18;TSTAK;5;;1;;;inconnu;famille:machine;REF:DCS355|1X5;référence;1X5;4;;
Électro portatif;percage;DCD805M1T;DEWALT DCD805M1T;250,69;pack;perceuse-visseuse;;TSTAK;4;;1;;;inconnu;famille:machine;REF:DCD805|1X4;référence;1X4;1;;
Électro portatif;jardin;DCM565P1;DEWALT DCM565P1;250,54;pack;tronçonneuse;18;AUCUN;5;;1;;;inconnu;famille:machine;REF:DCM565|1X5;référence;1X5;3;;
Électro portatif;percage;DCD795D2;DEWALT DCD795D2;250,51;pack;perceuse-visseuse;;AUCUN;2;;2;;;inconnu;famille:machine;REF:DCD795|2X2;référence;2X2;1;;
Électro portatif;vissage-choc;DCF809L2T-QW;DEWALT DCF809L2T-QW;249,41;pack;visseuse à chocs;;TSTAK;3;;2;;;inconnu;famille:machine;REF:DCF809|2X3;référence;2X3;1;;
Électro portatif;percage;DCD708P2T;DEWALT DCD708P2T;249,36;pack;perceuse-visseuse;;TSTAK;5;;2;;;inconnu;famille:machine;REF:DCD708|2X5;référence;2X5;2;;
Électro portatif;vissage-choc;DCF922P1;DeWalt DCF 922 P1 Clé à choc sans fil 18 V 406 Nm 1/2'' Brushless + 1x batterie 5,0 Ah + chargeur;252,30;pack;clé à chocs;18;AUCUN;5;;1;;;sans-ref;famille:machine;REF:DCF922|1X5.0+CHARGEUR;référence;1X5.0+CHARGEUR;3;;
Électro portatif;aspiration;DCV100M2;DeWalt DCV 100 M2 2x4Ah batteries et chargeur;251,92;pack;;;AUCUN;4;;2;;;sans-ref;famille:machine;REF:DCV100|2X4+CHARGEUR;référence;2X4+CHARGEUR;1;;
Électro portatif;meulage;;"DEWALT Meuleuse d'angle électronique ""Le Béton 125 mm - 1500 W - 240 V & Coffret de 10 Disques Pour Meuleuse - Dimension";251,90;pack;meuleuse d'angle;;AUCUN;;;;10;;sans-ref;famille:machine;TIT:meuleuse d angle lectronique le b ton 125 mm 1500 w 240 v coffret de 10 disques pour meuleuse dimension;titre;NU;1;;
Électro portatif;chargeur;;Dewalt Chargeur portable pour véhicule électrique 3,7kW - Type 2 + prise - 7 m - 16A - 230V AC;251,50;pack;chargeur;;;;;;;;sans-ref;famille:energie;TIT:chargeur portable pour v hicule lectrique 3 7kw type 2 prise 7 m 16a 230v ac;titre;CHARGEUR;1;;
Électro portatif;combo;DCK2067D2T-QW;DEWALT - Kit 2 outils XR 18V 2Ah Li-Ion : Perceuse visseuse Compact Brushless + Gonfleur - DCK2067D2T-QW;251,45;pack;pack d'outils;18;TSTAK;2;2;2;;;sans-ref;famille:machine;REF:DCK2067|1X2;référence;1X2;2;;
Électro portatif;meulage;;Dewalt Duo de meuleuses 125/230 mm;251,15;seul;meuleuse;;AUCUN;;;;;;sans-ref;famille:machine;TIT:duo de meuleuses 125 230 mm;titre;NU;1;;
Électro portatif;bois;DCS356D1;DEWALT Kit d'outils multifonctions oscillants XR 20 V MAX à vitesse variable (DCS356D1);251,15;pack;outil multifonctions;20;AUCUN;2;;1;;;sans-ref;famille:machine;REF:DCS356|1X2;référence;1X2;2;;
Électro portatif;batterie;DCB132;DeWalt Power Set FlexVolt (1 x 54V/18V 6,0 Ah + DCB132);251,00;pack;batterie;54;;6;;1;;;sans-ref;famille:energie;REF:DCB132|1X6.0;référence;1X6.0;1;;
Électro portatif;aspiration;DCV501LN-XJ;Aspirateur à main 18V DCV501LN-XJ + 1 batterie 18V 5 Ah + chargeur DCB1104-QW DEWALT;250,90;pack;aspirateur;18;AUCUN;5;;1;;;sans-ref;famille:machine;REF:DCV501|1X5+CHARGEUR;référence;1X5+CHARGEUR;2;;
Électro portatif;chantier;;Compresseur électrique DeWalt 6L 203V;249,99;seul;compresseur;;AUCUN;;;;;;sans-ref;famille:machine;TIT:compresseur lectrique 6l 203v;titre;NU;1;;
Électro portatif;combo;DT70523TM-QZ;DEWALT DT70523TM-QZ DT70523TM-QZ-Expositor Merchandiser DT70523T x 12;249,16;seul;pack d'outils;;AUCUN;;;;;;sans-ref;famille:machine;REF:DT70523|NU;référence;NU;2;;
Électro portatif;chargeur;;Chargeur portable véhicule électrique Type 2 7 m - 3,7 kW avec prise 16 A;247,81;pack;chargeur;;;;;;;;sans-ref;famille:energie;TIT:chargeur portable v hicule lectrique type 2 7 m 3 7 kw avec prise 16 a;titre;CHARGEUR;1;;
Électro portatif;aspiration;DCV100E2;DeWalt DCV 100 E2 Souffleur / Souffleur de feuilles 18 V + 2x Powerstack batterie 1,7 Ah + chargeur;247,74;pack;souffleur;18;AUCUN;1.7;;2;;;sans-ref;famille:machine;REF:DCV100|2X1.7+CHARGEUR;référence;2X1.7+CHARGEUR;2;;
Électro portatif;mesure;DW0811;DeWALT DW0811 — DW0811;260,39;seul;télémètre laser;;AUCUN;;;;;;reconnu;famille:machine;REF:DW0811|NU;référence;NU;1;DW0811;357,24
Électro portatif;fixation;DPN1564APP;DeWALT DPN1564APP — DPN1564APP;260,24;seul;cloueur;;AUCUN;;;;;;reconnu;famille:machine;REF:DPN1564|NU;référence;NU;1;DPN1564APP;392,33
Électro portatif;batterie;DCB549-XJ;DeWALT DCB549-XJ — DCB549-XJ;256,79;pack;batterie;18;;15;;18;;;reconnu;famille:energie;REF:DCB549|NU;référence;NU;1;DCB549-XJ;366,83
Électro portatif;combo;DCK2062D2T-QW;DeWALT DCK2062D2T-QW — DCK2062D2T-QW;256,74;pack;pack d'outils;18;TSTAK;2;;2;;;reconnu;famille:machine;REF:DCK2062|2X2;référence;2X2;1;DCK2062D2T-QW;361,49
Électro portatif;vissage-choc;DCF902D2-QW;DeWALT DCF902D2-QW — DCF902D2-QW;255,16;pack;visseuse à chocs;;AUCUN;2;;2;;;reconnu;famille:machine;REF:DCF902|2X2;référence;2X2;1;DCF902D2-QW;359,77
Électro portatif;percage;DCD444N-XJ;DeWALT DCD444N-XJ — Perceuse-visseuse d'angle 18V XR Brushless (solo);253,98;seul;perceuse d'angle;;AUCUN;;;0;;;reconnu;famille:machine;REF:DCD444|NU;référence;NU;1;DCD444N-XJ;381,73
Électro portatif;combo;DCK2110L2T-QW;DeWALT DCK2110L2T-QW — DCK2110L2T-QW;253,87;pack;pack d'outils;18;TSTAK;3;;2;;;reconnu;famille:machine;REF:DCK2110|2X3;référence;2X3;1;DCK2110L2T-QW;357,96
Électro portatif;fixation;DPN46RN-XJ;DeWALT DPN46RN-XJ — DPN46RN-XJ;252,90;seul;cloueur;;AUCUN;;;0;;;reconnu;famille:machine;REF:DPN46|NU;référence;NU;1;DPN46RN-XJ;357,61
Électro portatif;vissage-choc;DCF503D1-QW;DEWALT DCF503D1-QW;260,83;pack;cliquet;;AUCUN;2;;1;;;inconnu;famille:machine;REF:DCF503|1X2;référence;1X2;1;;
Électro portatif;meulage;9000TR/MIN;DEWALT - Meuleuse Brushless XR 18V 5Ah Li-Ion - Lame Ø125mm - 1000W - Vitesse à Vide 9000tr/min - Batterie 4 Ah Compatible Avec Tous Les Outils Bricolage et Jardin;260,14;pack;meuleuse;18;AUCUN;5;;1;;;inconnu;famille:machine;REF:9000TR/MIN|1X5;référence;1X5;1;;
Électro portatif;sciage;DCS369P1;DEWALT DCS369P1;260,05;pack;scie sabre;;AUCUN;5;;1;113;;inconnu;famille:machine;REF:DCS369|1X5;référence;1X5;2;;
Électro portatif;sciage;DCS369M2-QW;DEWALT DCS369M2-QW;259,90;pack;scie sabre;;AUCUN;4;;2;;;inconnu;famille:machine;REF:DCS369|2X4;référence;2X4;2;;
Électro portatif;sciage;DCS369P1;Scie sabre compacte 18V XR (1x5,0 Ah) en TSTAK - DEWALT DCS369P1;259,13;pack;scie sabre;18;TSTAK;5;;1;;;inconnu;famille:machine;REF:DCS369|1X5.0;référence;1X5.0;2;;
Électro portatif;vissage-choc;DCF922D2T-QW;DEWALT DCF922D2T-QW;257,82;pack;visseuse à chocs;;TSTAK;2;;2;;;inconnu;famille:machine;REF:DCF922|2X2;référence;2X2;1;;
Électro portatif;percage;DCD805P1T;DEWALT DCD805P1T;257,12;pack;perceuse-visseuse;;TSTAK;5;;1;;;inconnu;famille:machine;REF:DCD805|1X5;référence;1X5;1;;
Électro portatif;vissage-choc;DCF902;DEWALT DCF902;255,16;seul;visseuse à chocs;;AUCUN;;;;;;inconnu;famille:machine;REF:DCF902|NU;référence;NU;1;;
Électro portatif;vissage-choc;DCF901P2-QW;DEWALT DCF901P2-QW;254,47;pack;visseuse à chocs;;AUCUN;5;;2;;;inconnu;famille:machine;REF:DCF901|2X5;référence;2X5;1;;
Électro portatif;percage;DCD85MM2T;DeWalt McLaren DCD85MM2T Impact Drill incl. 2nd Battery, incl. Charger;259,90;pack;perceuse-visseuse;18;TSTAK;4;;2;;oui;sans-ref;famille:machine;REF:DCD85|2X4+CHARGEUR;référence;2X4+CHARGEUR;1;;
Électro portatif;percage;DCD85MM2T;DeWalt McLaren DCD85MM2T Impact Drill;259,90;pack;perceuse-visseuse;18;TSTAK;4;;2;;oui;sans-ref;famille:machine;REF:DCD85|2X4;référence;2X4;2;;
Électro portatif;bois;DCW200D2;Dewalt DCW200D2 Ponceuse vibrante sans fil 18 V 108x115 mm + 2 x 2,0Ah Batteries + Chargeur + Coffret T-STAK;258,63;pack;ponceuse;18;TSTAK;2;;2;;;sans-ref;famille:machine;REF:DCW200|2X2.0+CHARGEUR;référence;2X2.0+CHARGEUR;1;;
Électro portatif;bois;DCW200P1;Dewalt DCW200P1 Ponceuse vibrante sans fil 18 V 108x115 mm + 1 x 5,0Ah Batteries + Chargeur + Coffret T-STAK;258,21;pack;ponceuse;18;TSTAK;5;;1;;;sans-ref;famille:machine;REF:DCW200|1X5.0+CHARGEUR;référence;1X5.0+CHARGEUR;1;;
Électro portatif;batterie;;Dewalt kit de batteries 18V 5,0Ah - lot de 2;257,95;pack;batterie;18;;5;;2;2;;sans-ref;famille:energie;TIT:kit de batteries 18v 5 0ah lot de 2;titre;1X5.0;1;;
Électro portatif;aspiration;DCV501LP1;DeWalt DCV 501 LP1 Aspirateur sans fil 18 V 0,7 l classe de poussière L + 1x batterie 5,0 Ah + chargeur;257,68;pack;aspirateur;18;AUCUN;5;;1;;;sans-ref;famille:machine;REF:DCV501|1X5.0+CHARGEUR;référence;1X5.0+CHARGEUR;2;;
Électro portatif;percage;DCF620P1T-QW;Dewalt DCF620P1T-QW Set doutils à batteries 18V - Visseuse plaques de plâtre (1x batterie 5.0Ah) dans TSTAK - Moteur san;256,73;pack;visseuse;18;TSTAK;5;;1;;;sans-ref;famille:machine;REF:DCF620|1X5.0;référence;1X5.0;2;;
Électro portatif;percage;DCD740D2-QW;Dewalt DCD740D2-QW Perceuse dangle 18V - 2 X 2.0Ah Batreries + chargeur en Tstak;255,42;pack;perceuse;18;TSTAK;2;;2;;;sans-ref;famille:machine;REF:DCD740|2X2.0+CHARGEUR;référence;2X2.0+CHARGEUR;1;;
Électro portatif;aspiration;DCV501LM1;DeWalt DCV 501 LM1 Aspirateur sans fil 18 V 0,7 l classe de poussière L + 1x batterie 4,0 Ah + chargeur;254,47;pack;aspirateur;18;AUCUN;4;;1;;;sans-ref;famille:machine;REF:DCV501|1X4.0+CHARGEUR;référence;1X4.0+CHARGEUR;2;;
Électro portatif;batterie;DCB283BC;DEWALT Pack 2 batteries bluetooth 18V 2Ah + Adapt USB - DCB283BC;254,09;pack;batterie;18;;2;;2;;;sans-ref;famille:energie;REF:DCB283|1X2;référence;1X2;1;;
Électro portatif;jardin;DCM651PB-S;DeWALT DCM651PB-S — DCM651PB-S;268,61;pack;coupe-bordure;;AUCUN;;;1;;;reconnu;famille:machine;REF:DCM651|NU;référence;NU;1;DCM651PB-S;376,32
Électro portatif;confort;DWST1-81079;DeWALT DWST1-81079 — DWST1-81079;266,00;seul;radio de chantier;;AUCUN;;;;;;reconnu;famille:machine;REF:DWST1-81079|NU;référence;NU;1;DWST1-81079;372,94
Électro portatif;meulage;DCG440N;DeWALT DCG440N-XJ — Meuleuse d'angle 180 mm 54V XR FlexVolt Brushless (machine seule);260,84;seul;meuleuse d'angle;54;AUCUN;;;0;;;reconnu;famille:machine;REF:DCG440|NU;référence;NU;2;DCG440N-XJ;398,65
Électro portatif;percage;DCD996P1;DEWALT DCD996P1;267,96;pack;perceuse-visseuse;;AUCUN;5;;1;;;inconnu;famille:machine;REF:DCD996|1X5;référence;1X5;3;;
Électro portatif;vissage-choc;DCF921D2T-QW;DEWALT DCF921D2T-QW;268,34;pack;visseuse à chocs;;TSTAK;2;;2;;;inconnu;famille:machine;REF:DCF921|2X2;référence;2X2;1;;
Électro portatif;percage;DCD996P2;DEWALT DCD996P2;268,00;pack;perceuse-visseuse;;AUCUN;5;;2;;;inconnu;famille:machine;REF:DCD996|2X5;référence;2X5;5;;
Électro portatif;combo;DCK2062M2T;DEWALT DCK2062M2T;265,19;pack;pack d'outils;18;TSTAK;4;;2;;;inconnu;famille:machine;REF:DCK2062|2X4;référence;2X4;1;;
Électro portatif;percage;DCD996E1;DEWALT DCD996E1;264,75;pack;perceuse-visseuse;;AUCUN;1.7;;1;;;inconnu;famille:machine;REF:DCD996|1X1.7;référence;1X1.7;2;;
Électro portatif;percage;DCD799P2T-QW;DEWALT DCD799P2T-QW;264,75;pack;perceuse-visseuse;18;TSTAK;5;;2;;;inconnu;famille:machine;REF:DCD799|2X5;référence;2X5;1;;
Électro portatif;bois;DCW200D2;DEWALT DCW200D2;263,74;pack;ponceuse;18;AUCUN;2;;2;;;inconnu;famille:machine;REF:DCW200|2X2;référence;2X2;1;;
Électro portatif;percage;DCD996M1T;DEWALT DCD996M1T;263,55;pack;perceuse-visseuse;18;TSTAK;4;;1;;;inconnu;famille:machine;REF:DCD996|1X4;référence;1X4;2;;
Électro portatif;percage;DCD778L2T;DEWALT DCD778L2T;263,36;pack;perceuse-visseuse;;TSTAK;3;;2;;;inconnu;famille:machine;REF:DCD778|2X3;référence;2X3;1;;
Électro portatif;perforation;DCD795M2;DEWALT DCD795M2;260,87;pack;perforateur;;AUCUN;4;;2;;;inconnu;famille:machine;REF:DCD795|2X4;référence;2X4;1;;
Électro portatif;meulage;DCG405M1;DeWalt DCG 405 M1 18 V 125 mm Meuleuse sans fil Brushless avec boîtier TStak + 1x Batterie 4,0 Ah + Chargeur;268,65;pack;meuleuse;18;TSTAK;4;;1;;;sans-ref;famille:machine;REF:DCG405|1X4.0+CHARGEUR;référence;1X4.0+CHARGEUR;1;;
Électro portatif;aspiration;DCV100P2;DeWalt DCV 100 P2 2 x 5 Ah batteries avec chargeur;268,62;pack;;;AUCUN;5;;2;;;sans-ref;famille:machine;REF:DCV100|2X5+CHARGEUR;référence;2X5+CHARGEUR;1;;
Électro portatif;perforation;DCH133NT;DeWalt DCH 133 NT Marteau combiné sans fil 18V 2,6J SDS plus Brushless + 1x batterie 4,0Ah + TSTAK - sans chargeur;268,37;pack;marteau perforateur;18;TSTAK;4;;1;;;sans-ref;famille:machine;REF:DCH133|1X4.0;référence;1X4.0;1;;
Électro portatif;vissage-choc;DCF897;DeWalt DCF 897;268,26;seul;visseuse à chocs;;AUCUN;;;;;;sans-ref;famille:machine;REF:DCF897|NU;référence;NU;3;;
Électro portatif;bois;DCW210P1;DeWalt DCW 210 P1 ( 1 x 5,0 Ah in TSTAK);267,32;pack;ponceuse;18;TSTAK;5;;1;;;sans-ref;famille:machine;REF:DCW210|1X5.0;référence;1X5.0;1;;
Électro portatif;percage;DCF620D1K-QW;Dewalt DCF620D1K-QW Visseuse placo à batteries 18V XR Li-Ion set (1x batterie 2,0Ah) dans TSTAK;266,24;pack;visseuse;18;TSTAK;2;;1;;;sans-ref;famille:machine;REF:DCF620|1X2.0;référence;1X2.0;1;;
Électro portatif;bois;DCW210M1;DeWalt DCW 210 M1 Ponceuse excentrique sans fil et sans balais 18V 12.000U/min 125 mm + 1x Batterie 4,0 Ah + Chargeur ra;265,15;pack;ponceuse;18;GENERIQUE;4;;1;;;sans-ref;famille:machine;REF:DCW210|1X4.0+CHARGEUR;référence;1X4.0+CHARGEUR;1;;
Électro portatif;vissage-choc;DCF887P2;DeWalt DCF 887 P2 Clé à choc 18 V 205 Nm 1/4'' Brushless + 2x batterie 5,0 Ah + chargeur;265,01;pack;clé à chocs;18;AUCUN;5;;2;;;sans-ref;famille:machine;REF:DCF887|2X5.0+CHARGEUR;référence;2X5.0+CHARGEUR;1;;
Électro portatif;meulage;DCG426N-XJ;Meuleuse droite XR 18V DCG426N-XJ + 1 batterie 18V 5 Ah + 1 Chargeur DCB1104-QW DEWALT;264,90;pack;meuleuse droite;18;AUCUN;5;;1;;;sans-ref;famille:machine;REF:DCG426|1X5+CHARGEUR;référence;1X5+CHARGEUR;1;;
Électro portatif;vissage-choc;DCF809E2T;DeWalt DCF 809 E2T Clé à choc sans fil 18 V 190 Nm 1/4'' Brushless + 2x Powerstack batterie 1,7 Ah + chargeur + TSTAK;261,14;pack;clé à chocs;18;TSTAK;1.7;;2;;;sans-ref;famille:machine;REF:DCF809|2X1.7+CHARGEUR;référence;2X1.7+CHARGEUR;2;;
Électro portatif;aspiration;DCV584L-QW;DeWalt - Aspirateur de Chantier Classe L - DCV584L-QW & Batterie XR 18V 4 Ah Li-ION - DCB182-XJ - Compatible avec Tous L;264,18;pack;aspirateur;18;AUCUN;4;;1;;;sans-ref;famille:machine;REF:DCV584|1X4;référence;1X4;1;;
Électro portatif;jardin;DCM563PB;DeWalt DCM 563 PB 18V with battery 5 Ah no charger;264,11;pack;taille-haie;18;AUCUN;5;;;;;sans-ref;famille:machine;REF:DCM563|1X5+CHARGEUR;référence;1X5+CHARGEUR;1;;
Électro portatif;bois;DCW200NT-XJ;Ponceuse vibrante DCW200NT-XJ + 1 batterie 18V 5 Ah + 1 chargeur DCB1104-QW DEWALT;263,90;pack;ponceuse;18;TSTAK;5;;1;;;sans-ref;famille:machine;REF:DCW200|1X5+CHARGEUR;référence;1X5+CHARGEUR;1;;
Électro portatif;percage;DCD996M1;DeWalt DCD 996 M1 Perceuse-visseuse à percussion sans fil 18 V 95 Nm Brushless + 1x batterie 4,0 Ah + chargeur;263,55;pack;perceuse-visseuse;18;AUCUN;4;;1;;;sans-ref;famille:machine;REF:DCD996|1X4.0+CHARGEUR;référence;1X4.0+CHARGEUR;2;;
Électro portatif;percage;DCD996;DeWalt DCD 996 (1x 5,0 Ah);263,55;pack;perceuse-visseuse;;AUCUN;5;;1;;;sans-ref;famille:machine;REF:DCD996|1X5.0;référence;1X5.0;2;;
Électro portatif;percage;DCD800N;DeWalt DCD 800 N Batterie 18 V 90 Nm Brushless + 1x Batterie Powerstack 5,0 Ah - sans chargeur;263,55;pack;;18;AUCUN;5;;800;;;sans-ref;famille:machine;REF:DCD800|1X5.0;référence;1X5.0;1;;
Électro portatif;percage;DCD708E2T;DeWalt DCD 708 E2T Perceuse-visseuse sans fil 18 V 65 Nm Brushless + 2x Powerstack batterie 1,7 Ah + chargeur + TSTAK;263,55;pack;perceuse-visseuse;18;TSTAK;1.7;;2;;;sans-ref;famille:machine;REF:DCD708|2X1.7+CHARGEUR;référence;2X1.7+CHARGEUR;1;;
Électro portatif;sciage;DCMPS520P1;DeWalt DCMPS 520 P1;262,50;seul;scie;;AUCUN;;;;;;sans-ref;famille:machine;REF:DCMPS520|1X5;référence;1X5;1;;
Électro portatif;percage;DCD86MP1T-QW;DeWalt Cordless Impact Drill/Driver DCD86MP1T-QW;261,90;pack;perceuse-visseuse;;TSTAK;5;;1;;;sans-ref;famille:machine;REF:DCD86|1X5;référence;1X5;1;;
Électro portatif;chantier;DXCMS2550HE;DeWALT DXCMS2550HE — DXCMS2550HE;274,99;seul;compresseur;;AUCUN;;;;;;reconnu;famille:machine;REF:DXCMS2550|NU;référence;NU;2;DXCMS2550HE;382,76
Électro portatif;chantier;DCGG581N-XJ;DeWALT DCGG581N-XJ — Pompe à graisse 18V DCGG581N-XJ DEWALT;269,90;seul;pompe à graisse;18;AUCUN;;;0;;;reconnu;famille:machine;REF:DCGG581|NU;référence;NU;13;DCGG581N-XJ;377,86
Électro portatif;;DCE590N-XJ;DeWALT DCE590N-XJ — Ventouse à vide d'air 18V DCE590N-XJ;272,20;pack;;18;AUCUN;;;1;;;reconnu;famille:machine;REF:DCE590|NU;référence;NU;2;DCE590N-XJ;380,53
Électro portatif;fixation;DPN64C-XJ;DeWALT DPN64C-XJ — DPN64C-XJ;269,99;seul;cloueur;;AUCUN;;;;;;reconnu;famille:machine;REF:DPN64|NU;référence;NU;1;DPN64C-XJ;377,99
Électro portatif;chantier;DCE050N-XJ;DeWALT DCE050N-XJ — DCE050N-XJ;269,90;seul;pompe;;AUCUN;;;0;;;reconnu;famille:machine;REF:DCE050|NU;référence;NU;1;DCE050N-XJ;363,96
Électro portatif;meulage;DCW682NT-XJ;DeWALT DCW682NT-XJ — DCW682NT-XJ;269,00;seul;rainureuse;;TSTAK;;;0;;;reconnu;famille:machine;REF:DCW682|NU;référence;NU;3;DCW682NT-XJ;376,60
Électro portatif;sciage;DCS389NT-XJ;DeWALT DCS389NT-XJ — DCS389NT-XJ;268,66;seul;scie sabre;54;TSTAK;;;0;;;reconnu;famille:machine;REF:DCS389|NU;référence;NU;3;DCS389NT-XJ;374,46
Électro portatif;perforation;DCH072P2;DEWALT DCH072P2;275,09;pack;perforateur;;AUCUN;5;;2;;;inconnu;famille:machine;REF:DCH072|2X5;référence;2X5;1;;
Électro portatif;percage;DCD996X1-GB;DEWALT DCD996X1-GB;274,55;pack;perceuse-visseuse;;TSTAK;9;;1;;;inconnu;famille:machine;REF:DCD996|1X9;référence;1X9;1;;
Électro portatif;vissage-choc;DCF921P1;DEWALT DCF921P1;274,15;pack;visseuse à chocs;;AUCUN;5;;1;;;inconnu;famille:machine;REF:DCF921|1X5;référence;1X5;1;;
Électro portatif;percage;DCD776C2;DEWALT DCD776C2;273,59;pack;perceuse-visseuse;;AUCUN;1.5;;2;;;inconnu;famille:machine;REF:DCD776|2X1.5;référence;2X1.5;1;;
Électro portatif;vissage-choc;DCF513D1G-QW;DEWALT DCF513D1G-QW;273,00;seul;cliquet;;AUCUN;;;;;;inconnu;famille:machine;REF:DCF513|1X2;référence;1X2;1;;
Électro portatif;percage;DCD805P2T;DEWALT DCD805P2T;272,84;pack;perceuse-visseuse;;TSTAK;5;;2;;;inconnu;famille:machine;REF:DCD805|2X5;référence;2X5;5;;
Électro portatif;percage;DCD796M2-QW;DEWALT - Perceuse-Visseuse à Percussion Brushless XR 18 V, 2 Batteries de 4 Ah, DCD796M2-QW;272,39;pack;perceuse-visseuse;18;AUCUN;4;;2;;;inconnu;famille:machine;REF:DCD796|1X4;référence;1X4;1;;
Électro portatif;percage;DCD800E2T-QW;DEWALT DCD800E2T-QW;271,01;pack;perceuse-visseuse;;TSTAK;1.7;;2;;;inconnu;famille:machine;REF:DCD800|2X1.7;référence;2X1.7;2;;
Électro portatif;jardin;DCMHT562D2;DEWALT DCMHT562D2;271,00;pack;taille-haie;18;AUCUN;2;;2;;;inconnu;famille:machine;REF:DCMHT562|2X2;référence;2X2;1;;
Électro portatif;sciage;DCS369E1T-XJ;DEWALT DCS369E1T-XJ;270,99;pack;scie sabre;;TSTAK;1.7;;1;;;inconnu;famille:machine;REF:DCS369|1X1.7;référence;1X1.7;1;;
Électro portatif;percage;DCD803KN-XJ;DEWALT 18V XR Perceuse-visseuse à multi-têtes avec 4 têtes interchangeables, sac à outils et jeu de 10 embouts de vissage FLEXTORQ PH et PZ de 57 mm pour porte-clés, sans batterie,DCD803KN-XJ;270,00;pack;perceuse-visseuse;18;AUCUN;;;0;10;;inconnu;famille:machine;REF:DCD803|ACCESSOIRE;référence;ACCESSOIRE;1;;
Électro portatif;percage;DCD86MM1T-QW;Perceuse visseuse à percussion sans fil brushless 18V DeWalt McLaren DCD86MM1T-QW Li-Ion XR, 1 x 4Ah;269,99;pack;perceuse-visseuse;18;TSTAK;4;;1;;oui;inconnu;famille:machine;REF:DCD86|1X4;référence;1X4;1;;
Électro portatif;vissage-choc;DCF86MM1T-QW;Visseuse à choc sans fil brushless DeWalt McLaren DCF86MM1T-QW 18V 1 x 4Ah Li-ion XR;269,99;pack;visseuse à chocs;18;TSTAK;4;;1;;oui;inconnu;famille:machine;REF:DCF86|1X4;référence;1X4;1;;
Électro portatif;bois;DCS356P1-QW;Dewalt DCS356P1-QW Outil multifonction 18V XR (1x5,0 Ah) en coffret T-STAK;269,81;pack;outil multifonctions;18;TSTAK;5;;1;;;inconnu;famille:machine;REF:DCS356|1X5.0;référence;1X5.0;1;;
Électro portatif;batterie;DCB184P4;DeWalt DCB 184 P4;275,00;pack;batterie;18;;5;;1;;;sans-ref;famille:energie;REF:DCB184|4X5;référence;4X5;1;;
Électro portatif;chantier;DPC10QTC-QS;DEWALT DEWALT Compresseur de montage DPC10QTC-QS Quantité:1;274,99;seul;compresseur;;AUCUN;;;;;;sans-ref;famille:machine;REF:DPC10|NU;référence;NU;4;;
Électro portatif;percage;DCF620E2;DeWalt DCF 620 E2 Visseuse pour cloison sèche sans fil 18 V 30 Nm Brushless + 2x batterie Powerstack 1,7 Ah + chargeur;274,79;pack;visseuse;18;AUCUN;1.7;;2;;;sans-ref;famille:machine;REF:DCF620|2X1.7+CHARGEUR;référence;2X1.7+CHARGEUR;1;;
Électro portatif;meulage;DCG406M1;DeWalt DCG 406 M1 Meuleuse d'angle sans fil 18 V 125 mm Brushless + 1x batterie 4,0 Ah + chargeur;274,79;pack;meuleuse d'angle;18;AUCUN;4;;1;;;sans-ref;famille:machine;REF:DCG406|1X4.0+CHARGEUR;référence;1X4.0+CHARGEUR;1;;
Électro portatif;jardin;DCMPH566N;DeWalt DCMPH 566 N Taille-haies sur batterie 18 V 55 cm + 1x batterie 4,0 Ah - sans chargeur;274,23;pack;taille-haie;18;AUCUN;4;;1;;;sans-ref;famille:machine;REF:DCMPH566|1X4.0;référence;1X4.0;2;;
Électro portatif;meulage;DCG406P1;DeWalt DCG 406 P1 Meuleuse d'angle sans fil 18 V 125 mm Brushless + 1x batterie 5,0 Ah + chargeur;273,19;pack;meuleuse d'angle;18;AUCUN;5;;1;;;sans-ref;famille:machine;REF:DCG406|1X5.0+CHARGEUR;référence;1X5.0+CHARGEUR;2;;
Électro portatif;batterie;DCB132T2;DeWalt Starter-Set FlexVolt DCB132T2;273,00;pack;batterie;;;6;;1;;;sans-ref;famille:energie;REF:DCB132|2X6;référence;2X6;1;;
Électro portatif;vissage-choc;DCF870D1T-QW;Dewalt DCF870D1T-QW Visseuse à chocs Hydraulique XR 18V 1/4″ Brushless 1 x 2,0Ah Batterie + chargeur en Coffret TSTAK;272,44;pack;visseuse à chocs;18;TSTAK;2;;1;;;sans-ref;famille:machine;REF:DCF870|1X2.0+CHARGEUR;référence;1X2.0+CHARGEUR;1;;
Électro portatif;jardin;DCMPS520M1;DeWalt DCMPS 520 M1;272,31;pack;tronçonneuse;18;AUCUN;;;1;;;sans-ref;famille:machine;REF:DCMPS520|1X4;référence;1X4;1;;
Électro portatif;jardin;DCMHT564N-XJ;Taille haie 18V 55cm DCMHT564N-XJ + 1 batterie 18V 5 Ah + chargeur DCB1104-QW DEWALT;269,90;pack;taille-haie;18;AUCUN;5;;1;;;sans-ref;famille:machine;REF:DCMHT564|1X5+CHARGEUR;référence;1X5+CHARGEUR;2;;
Électro portatif;meulage;DCG405NT-XJ;Meuleuse Ø125 mm 18V DCG405NT-XJ + 1 batterie 18V 5 Ah + 1 chargeur DCB1104-QW + 25 disques DEWALT;269,90;pack;meuleuse;18;TSTAK;5;;1;25;;sans-ref;famille:machine;REF:DCG405|1X5+CHARGEUR;référence;1X5+CHARGEUR;2;;
Électro portatif;jardin;DCMCS574N-XJ;DeWALT DCMCS574N-XJ — DCMCS574N-XJ;283,25;seul;tronçonneuse;54;AUCUN;;;0;;;reconnu;famille:machine;REF:DCMCS574|NU;référence;NU;1;DCMCS574N-XJ;393,12
Électro portatif;percage;DCF620P2K-QW;DeWALT DCF620P2K — Visseuse à placo 18V XR Brushless + chargeur de vis en bande (2×5,0 Ah, coffret TSTAK);281,93;seul;visseuse;;AUCUN;;;;;;reconnu;famille:machine;REF:DCF620|2X5.0+CHARGEUR;référence;2X5.0+CHARGEUR;1;DCF620P2K;412,68
Électro portatif;bois;DWE6005;DeWALT DWE6005 — DWE6005;278,92;seul;affleureuse;;AUCUN;;;;;;reconnu;famille:machine;REF:DWE6005|NU;référence;NU;1;DWE6005;388,81
Électro portatif;sciage;DCS579NT-XJ;DeWALT DCS579NT-XJ — Scie circulaire 54V Ø190 mm DCS579NT-XJ;278,42;seul;scie circulaire;;TSTAK;;;0;;;reconnu;famille:machine;REF:DCS579|NU;référence;NU;2;DCS579NT-XJ;386,90
Électro portatif;mesure;DCE0822D1R;DeWALT DCE0822D1R — DCE0822D1R;278,08;seul;niveau laser;;AUCUN;;;;;;reconnu;famille:machine;REF:DCE0822|1X2;référence;1X2;2;DCE0822D1R;384,16
Électro portatif;vissage-choc;DW294;DeWALT DW294 — DW294;277,43;seul;visseuse à chocs;;AUCUN;;;;;;reconnu;famille:machine;REF:DW294|NU;référence;NU;1;DW294;384,36
Électro portatif;;DCE580N-XJ;DeWALT DCE580N-XJ — DCE580N-XJ;277,10;seul;;18;AUCUN;;;0;;;reconnu;famille:machine;REF:DCE580|NU;référence;NU;1;DCE580N-XJ;386,56
Électro portatif;mesure;DCE530P2-QW;DEWALT DCE530P2-QW;279,90;pack;niveau;;AUCUN;5;;2;;;inconnu;famille:machine;REF:DCE530|2X5;référence;2X5;2;;
Électro portatif;sciage;DCS331M1;DEWALT DCS331M1;282,02;pack;scie sauteuse;;AUCUN;4;;1;;;inconnu;famille:machine;REF:DCS331|1X4;référence;1X4;1;;
Électro portatif;vissage-choc;DCF504D1;DEWALT DCF504D1;281,16;pack;cliquet;;AUCUN;2;;1;;;inconnu;famille:machine;REF:DCF504|1X2;référence;1X2;1;;
Électro portatif;sciage;DCS356M1;DEWALT DCS356M1;280,17;pack;;18;AUCUN;4;;1;;;inconnu;famille:machine;REF:DCS356|1X4;référence;1X4;1;;
Électro portatif;bois;DCW210M1;DEWALT DCW210M1;280,07;pack;ponceuse;18;AUCUN;4;;1;;;inconnu;famille:machine;REF:DCW210|1X4;référence;1X4;1;;
Électro portatif;combo;DCK2062E2T-QW;DEWALT DCK2062E2T-QW;280,00;pack;pack d'outils;18;TSTAK;1.7;;2;;;inconnu;famille:machine;REF:DCK2062|2X1.7;référence;2X1.7;1;;
Électro portatif;vissage-choc;DCF922P2T-QW;DEWALT DCF922P2T-QW;279,84;pack;visseuse à chocs;;TSTAK;5;;2;;;inconnu;famille:machine;REF:DCF922|2X5;référence;2X5;1;;
Électro portatif;vissage-choc;DCF512D1G-QW;DEWALT DCF512D1G-QW;279,32;seul;cliquet;;AUCUN;;;;;;inconnu;famille:machine;REF:DCF512|1X2;référence;1X2;1;;
Électro portatif;;DCF504D1;"Dewalt.grzechotka 12v 54nm 1/4"" 1x2,0ah dcf504d1";279,12;seul;;12;;2;;;;;inconnu;titre;REF:DCF504|1X2.0;référence;1X2.0;1;;
Électro portatif;percage;DCD796T1T;Perceuse à percussion 18V XR (1x6.0 Ah) en TSTAK - DEWALT DCD796T1T;278,89;pack;perceuse à percussion;18;TSTAK;6;;1;;;inconnu;famille:machine;REF:DCD796|1X6.0;référence;1X6.0;1;;
Électro portatif;batterie;DCB547X2-XJ;DEWALT DCB547X2-XJ;275,12;pack;batterie;54;;9;;1;;;inconnu;famille:energie;REF:DCB547|2X9;référence;2X9;2;;
Électro portatif;percage;DCF620M2;DEWALT DCF620M2;278,00;pack;visseuse à placo;18;AUCUN;4;;2;;;inconnu;famille:machine;REF:DCF620|2X4;référence;2X4;5;;
Électro portatif;jardin;DCMCS565P1-QW;DEWALT DCMCS565P1-QW;277,90;pack;tronçonneuse;18;AUCUN;5;;1;;;inconnu;famille:machine;REF:DCMCS565|1X5;référence;1X5;1;;
Électro portatif;perforation;DCH263P1;DEWALT DCH263P1;277,03;pack;perforateur;;AUCUN;5;;1;;;inconnu;famille:machine;REF:DCH263|1X5;référence;1X5;1;;
Électro portatif;percage;DCD796D2A;DeWALT - Perceuse-visseuse à percussion sans fil 18 V, avec accessoires, 2 batteries Li-Ion 2,0 Ah et chargeur. DCD796D2A;275,96;pack;perceuse-visseuse;18;AUCUN;2;;2;;;inconnu;famille:machine;REF:DCD796|1X2.0+CHARGEUR;référence;1X2.0+CHARGEUR;1;;
Électro portatif;perforation;DT60302-QZ;DEWALT - Perforateur-Burineur SDS-PLUS Brushless 2.6J 18V 4Ah Li-Ion - Sans Fil avec Coffret TSTAK & Jeu de 6 Forets SDS;282,21;pack;perforateur;18;TSTAK;4;;;6;;sans-ref;famille:machine;REF:DT60302|1X4;référence;1X4;1;;
Électro portatif;percage;DCD800E2;DeWalt DCD 800 E2 Batterie 18 V 90 Nm Sans Balais + 2x Batterie Powerstack 1,7 Ah + Chargeur;281,22;pack;;18;AUCUN;1.7;;2;;;sans-ref;famille:machine;REF:DCD800|2X1.7+CHARGEUR;référence;2X1.7+CHARGEUR;1;;
Électro portatif;batterie;DCB1104M4;DeWalt DCB 1104 M4;281,22;pack;batterie;12;;4;;1;;;sans-ref;famille:energie;REF:DCB1104|4X4;référence;4X4;1;;
Électro portatif;batterie;DCB132X1;DeWalt FlexVolt Groupe Électrogène 54V/18V 9,0Ah (DCB132X1);281,00;pack;;54;;9;;1;;;sans-ref;famille:energie;REF:DCB132|1X9.0;référence;1X9.0;1;;
Électro portatif;bois;DCS355E2;DeWalt DCS 355 E2 Oscillateur sans fil Multitool 18 V Brushless + 2x Powerstack batterie 1,7 Ah + chargeur + accessoires;280,82;pack;outil multifonctions;18;AUCUN;1.7;;2;;;sans-ref;famille:machine;REF:DCS355|2X1.7+CHARGEUR;référence;2X1.7+CHARGEUR;1;;
Électro portatif;chantier;DCE530M2;DeWalt DCE 530 M2 Pistolet à air chaud sans fil 18 V + 2x 4,0 Ah + chargeur + 2x buse;280,80;pack;décapeur thermique;18;AUCUN;4;;2;;;sans-ref;famille:machine;REF:DCE530|2X4.0;référence;2X4.0;1;;
Électro portatif;batterie;DCB182-XJ;DEWALT Scie circulaire XR 18VBL - sans Batterie ni Chargeur - Multi-matériaux 115 mm Jaune & Batterie XR 18V 4 Ah Li-Ion;279,93;pack;;18;;4;;0;;;sans-ref;famille:energie;REF:DCB182|NU;référence;NU;5;;
Électro portatif;percage;DCD86MP2T-QW;DeWalt McLaren DCD86MP2T-QW;279,41;pack;perceuse-visseuse;;TSTAK;5;;2;;oui;sans-ref;famille:machine;REF:DCD86|2X5;référence;2X5;2;;
Électro portatif;vissage-choc;DCF860D1T;Clé à chocs DeWALT DCF860D1T (1 x 2,0 Ah + DCB1102 + TSTAK II);279,00;pack;clé à chocs;;TSTAK;2;;1;;;sans-ref;famille:machine;REF:DCF860|1X2.0;référence;1X2.0;1;;
Électro portatif;jardin;;DeWalt Sécateur By-Pass 21,5 cm Noir;278,00;seul;sécateur;;AUCUN;;;;;;sans-ref;famille:machine;TIT:s cateur by pass 21 5 cm noir;titre;NU;1;;
Électro portatif;vissage-choc;DCF860D1T-QW;Dewalt DCF860D1T-QW Visseuse à chocs XR 282Nm 18V 1 x 2.0Ah batterie + chargeur en Coffret TSTAK;276,88;pack;visseuse à chocs;18;TSTAK;2;;1;;;sans-ref;famille:machine;REF:DCF860|1X2.0+CHARGEUR;référence;1X2.0+CHARGEUR;1;;
Électro portatif;perforation;DCH133NT;DeWalt DCH 133 NT Marteau combiné sans fil 18V 2,6J SDS plus Brushless + 1x batterie 5,0Ah + TSTAK - sans chargeur;276,40;pack;marteau perforateur;18;TSTAK;5;;1;;;sans-ref;famille:machine;REF:DCH133|1X5.0;référence;1X5.0;2;;
Électro portatif;meulage;DCG405P2;DeWalt DCG 405 P2;275,54;seul;meuleuse d'angle;18;AUCUN;;;;;;sans-ref;famille:machine;REF:DCG405|2X5;référence;2X5;2;;
Électro portatif;chantier;DXPW002U-QS;DeWALT DXPW002U-QS — DXPW002U-QS;290,00;seul;nettoyeur haute pression;;AUCUN;;;;;;reconnu;famille:machine;REF:DXPW002|NU;référence;NU;13;DXPW002U-QS;402,52
Électro portatif;sciage;DW23700;DeWALT DW23700 — DW23700;288,89;seul;scie circulaire;;AUCUN;;;;;;reconnu;famille:machine;REF:DW23700|NU;référence;NU;1;DW23700;401,27
Électro portatif;bois;D26203;DeWALT D26203 — D26203;287,89;seul;défonceuse;;AUCUN;;;;;;reconnu;famille:machine;REF:D26203|NU;référence;NU;1;D26203;399,88
Électro portatif;vissage-choc;DCF850P2T;"DeWALT DCF850P2T — Visseuse a chocs 1/4"" XR 18V Ultra-compacte (2x5Ah + TSTAK)";286,74;pack;visseuse à chocs;;TSTAK;5;;2;;;reconnu;famille:machine;REF:DCF850|2X5;référence;2X5;2;DCF850P2T;414,41
Électro portatif;mesure;DCLE34021D1-QW;DeWALT DCLE34021D1-QW — Laser croix compact faisceau vert XR 18V DCLE34021D1-QW;286,57;pack;niveau laser;;AUCUN;2;;1;;;reconnu;famille:machine;REF:DCLE34021|1X2+VERT;référence;1X2+VERT;2;DCLE34021D1-QW;397,40
Électro portatif;meulage;D28885;DeWALT D28885 — D28885;286,00;seul;meuleuse droite;;AUCUN;;;;;;reconnu;famille:machine;REF:D28885|NU;référence;NU;1;D28885;397,54
Électro portatif;sciage;DCS377NT-XJ;DeWALT DCS377NT-XJ — DCS377NT-XJ;284,88;seul;scie à ruban;;TSTAK;;;0;;;reconnu;famille:machine;REF:DCS377|NU;référence;NU;1;DCS377NT-XJ;384,71
Électro portatif;meulage;DCG412M2;DEWALT DCG412M2;292,90;pack;meuleuse d'angle;18;AUCUN;4;;2;;;inconnu;famille:machine;REF:DCG412|2X4;référence;2X4;1;;
Électro portatif;vissage-choc;DCF809M2T;DEWALT DCF809M2T;291,66;pack;visseuse à chocs;;TSTAK;4;;2;;;inconnu;famille:machine;REF:DCF809|2X4;référence;2X4;1;;
Électro portatif;sciage;DCS570M1;DEWALT DCS570M1;291,42;pack;scie circulaire;;AUCUN;4;;1;;;inconnu;famille:machine;REF:DCS570|1X4;référence;1X4;1;;
Électro portatif;vissage-choc;DCF85MM2T-QW;DEWALT DCF85MM2T-QW;289,90;pack;visseuse à chocs;;TSTAK;4;;2;;;inconnu;famille:machine;REF:DCF85|2X4;référence;2X4;1;;
Électro portatif;sciage;DCS571E1T;DEWALT DCS571E1T;289,72;pack;scie circulaire;;TSTAK;1.7;;1;;;inconnu;famille:machine;REF:DCS571|1X1.7;référence;1X1.7;1;;
Électro portatif;sciage;DCS331P1;DEWALT DCS331P1;288,28;pack;scie sauteuse;;AUCUN;5;;1;;;inconnu;famille:machine;REF:DCS331|1X5;référence;1X5;1;;
Électro portatif;percage;DCD800M2;DEWALT DCD800M2;286,04;pack;perceuse-visseuse;;AUCUN;4;;2;;;inconnu;famille:machine;REF:DCD800|2X4;référence;2X4;1;;
Électro portatif;sciage;DCS391P1;DEWALT DCS391P1;286,00;pack;scie circulaire;;AUCUN;5;;1;;;inconnu;famille:machine;REF:DCS391|1X5;référence;1X5;1;;
Électro portatif;percage;DCD800P2T;DEWALT DCD800P2T;286,00;pack;perceuse-visseuse;;TSTAK;5;;2;;;inconnu;famille:machine;REF:DCD800|2X5;référence;2X5;5;;
Électro portatif;sciage;DCS391P1;Dewalt DCS391P1 Scie circulaire XR Li-Ion 18V 1 x 5.0Ah, chargeur et TSTAK;284,36;pack;scie circulaire;18;TSTAK;5;;1;;;inconnu;famille:machine;REF:DCS391|1X5.0+CHARGEUR;référence;1X5.0+CHARGEUR;1;;
Électro portatif;percage;DCD740C1;DEWALT DCD740C1;283,78;pack;perceuse-visseuse;;AUCUN;1.5;;1;;;inconnu;famille:machine;REF:DCD740|1X1.5;référence;1X1.5;1;;
Électro portatif;batterie;DCBP034E4;DeWalt DCBP 034 E4 Set;292,89;pack;batterie;18;;1.7;;1;;;sans-ref;famille:energie;REF:DCBP034|4X1.7;référence;4X1.7;1;;
Électro portatif;percage;DCF620E2T;DeWalt DCF 620 E2T Visseuse pour cloisons sèches sans fil 18 V 30 Nm Brushless + 2x Powerstack batterie 1,7 Ah + chargeu;290,86;pack;visseuse;18;TSTAK;1.7;;2;;;sans-ref;famille:machine;REF:DCF620|2X1.7;référence;2X1.7;2;;
Électro portatif;sciage;DCS570NT;DeWalt DCS 570 NT Cordless circular saw 18 V 184 mm brushless + 1× 4.0 Ah battery + TSTAK without charger;290,62;pack;scie circulaire;18;TSTAK;4;;1;;;sans-ref;famille:machine;REF:DCS570|1X4.0;référence;1X4.0;1;;
Électro portatif;chargeur;DCB115H2-QW;Starter-Kit 18V Powerstack (2x5,0 Ah) avec chargeur - DCB115H2-QW;289,90;pack;chargeur;18;;;;;;;sans-ref;famille:energie;REF:DCB115|2X5.0+CHARGEUR;référence;2X5.0+CHARGEUR;1;;
Électro portatif;vissage-choc;DCF870D2T-QW;Dewalt DCF870D2T-QW Visseuse à chocs Hydraulique XR 18V 1/4″ Brushless 2 x 2,0Ah Batteries + chargeur en Coffret TSTAK;289,21;pack;visseuse à chocs;18;TSTAK;2;;2;;;sans-ref;famille:machine;REF:DCF870|2X2.0+CHARGEUR;référence;2X2.0+CHARGEUR;1;;
Électro portatif;batterie;DCB182-XJ;DeWalt - Boulonneuse à Chocs 1/2' Brushless XR 18V 5Ah Li-ion - Visseuse a Choc & Batterie XR 18V 4 Ah Li-Ion - DCB182-X;288,33;pack;;18;;5;;1;;;sans-ref;famille:energie;REF:DCB182|1X5;référence;1X5;1;;
Électro portatif;vissage-choc;DCF887M2;"DEWALT DCF887M2 20V MAX XR Li-Ion 4.0 Ah Brushless 0.25"" 3-Speed Impact Driver Kit";288,16;pack;visseuse à chocs;20;AUCUN;4;;2;;;sans-ref;famille:machine;REF:DCF887|1X4.0;référence;1X4.0;1;;
Électro portatif;percage;DCD996M1;DeWalt DCD 996 M1 perceuse à percussion sans fil 18V 95Nm brushless + 1x batterie 4,0Ah + chargeur rapide + Toughbox;287,64;pack;perceuse à percussion;18;AUCUN;4;;1;;;sans-ref;famille:machine;REF:DCD996|CHARGEUR;référence;CHARGEUR;2;;
Électro portatif;batterie;DCB115;DeWalt DCS 331P1 (1 x 5,0 Ah + DCB115 + TSTAK II);286,00;pack;;18;TSTAK;5;;1;;;sans-ref;famille:energie;REF:DCB115|1X5.0;référence;1X5.0;1;;
Électro portatif;batterie;DCB546X2;DeWalt FLEXVOLT XR Convertible Batterie Li-Ion 18V/54V 6,0Ah, lot de 2 (DCB546X2);285,00;pack;batterie;54;;6;;2;2;;sans-ref;famille:energie;REF:DCB546|1X6.0;référence;1X6.0;1;;
Électro portatif;sciage;DCS334N;DeWalt DCS 334N ( 1x 4,0 Ah);284,98;pack;scie sauteuse;18;AUCUN;4;;1;;;sans-ref;famille:machine;REF:DCS334|1X4.0;référence;1X4.0;1;;
Électro portatif;bois;DCS356NT-XJ;Outil multifonction 18V DCS356NT-XJ + 1 batterie 18V 5 Ah + chargeur DCB1104-QW DEWALT;284,90;pack;outil multifonctions;18;TSTAK;5;;1;;;sans-ref;famille:machine;REF:DCS356|1X5+CHARGEUR;référence;1X5+CHARGEUR;1;;
Électro portatif;percage;DCD791E2;DeWalt DCD 791 E2 Perceuse-visseuse sans fil 18 V 70 Nm Brushless + 2x Powerstack batterie 1,7 Ah + chargeur;284,83;pack;perceuse-visseuse;18;AUCUN;1.7;;2;;;sans-ref;famille:machine;REF:DCD791|2X1.7+CHARGEUR;référence;2X1.7+CHARGEUR;1;;
Électro portatif;percage;DCD805NT;DeWalt DCD 805 NT Perceuse-visseuse à percussion sans fil 18 V 90 Nm Brushless + 1x batterie Powerstack 5,0 Ah + TSTAK -;284,43;pack;perceuse-visseuse;18;TSTAK;5;;1;;;sans-ref;famille:machine;REF:DCD805|1X5.0;référence;1X5.0;2;;
Électro portatif;sciage;DCS331;Dewalt DCS331 P1 Scie Sauteuse + 1 X 5 Ah Batterie DCB184 + chargeur et Coffret TSTAK;284,42;pack;scie sauteuse;;TSTAK;5;;1;;;sans-ref;famille:machine;REF:DCS331|1X5+CHARGEUR;référence;1X5+CHARGEUR;1;;
Électro portatif;meulage;;Meuleuse d'angle Dewalt 230/2200W avec pare-béton;284,05;seul;meuleuse d'angle;;AUCUN;;;;;;sans-ref;famille:machine;TIT:meuleuse d angle 230 2200w avec pare b ton;titre;NU;1;;
Électro portatif;meulage;DCG405M1;DeWalt DCG 405 M1;283,70;seul;meuleuse d'angle;18;AUCUN;;;;;;sans-ref;famille:machine;REF:DCG405|1X4;référence;1X4;1;;
Électro portatif;batterie;DCB118X2-QW;DeWALT DCB118X2-QW — Pack énergie 54V/18V FLEXVOLT (2x9,0 Ah) + chargeur rapide DCB118;299,00;pack;batterie;;;9;;1;;;reconnu;famille:energie;REF:DCB118|2X9.0+CHARGEUR;référence;2X9.0+CHARGEUR;1;DCB118X2-QW;428,47
Électro portatif;sciage;DWS5023;DeWALT DWS5023 — DWS5023;298,99;seul;;;AUCUN;;;;;;reconnu;famille:machine;REF:DWS5023|NU;référence;NU;1;DWS5023;413,51
Électro portatif;sciage;DWS774;DeWALT DWS774 — DWS774;298,89;seul;scie à onglet;;AUCUN;;;;;;reconnu;famille:machine;REF:DWS774|NU;référence;NU;4;DWS774;413,36
Électro portatif;combo;DCK796D2T;DeWALT DCK796D2T — DCK796D2T;297,08;pack;pack d'outils;;TSTAK;2;;2;;;reconnu;famille:machine;REF:DCK796|2X2;référence;2X2;1;DCK796D2T;411,16
Électro portatif;combo;DWMT73803;DeWALT DWMT73803 — DWMT73803;296,98;pack;pack d'outils;;GENERIQUE;;;;;;reconnu;famille:machine;REF:DWMT73803|NU;référence;NU;1;DWMT73803;368,75
Électro portatif;meulage;DCG414;DeWALT DCG414 — DCG414;295,52;seul;meuleuse d'angle;54;AUCUN;;;;;;reconnu;famille:machine;REF:DCG414|NU;référence;NU;2;DCG414;392,47
Électro portatif;sciage;DCS570P1;DEWALT DCS570P1;298,39;pack;scie circulaire;;AUCUN;5;;1;;;inconnu;famille:machine;REF:DCS570|1X5;référence;1X5;2;;
Électro portatif;sciage;DCS355M2;DEWALT DCS355M2;298,14;pack;;18;AUCUN;4;;2;;;inconnu;famille:machine;REF:DCS355|2X4;référence;2X4;2;;
Électro portatif;jardin;DCMPP569P1;DEWALT DCMPP569P1;297,12;pack;sécateur sur perche;18;AUCUN;5;;1;;;inconnu;famille:machine;REF:DCMPP569|1X5;référence;1X5;1;;
Électro portatif;percage;DCD791L2T;DEWALT DCD791L2T;297,09;pack;perceuse-visseuse;;TSTAK;3;;2;;;inconnu;famille:machine;REF:DCD791|2X3;référence;2X3;1;;
Électro portatif;vissage-choc;DCF899P1-QW;Dewalt DCF899P1-QW Boulonneuse à chocs 18V 5Ah (1x5.0Ah) Li-Ion XR en coffret TSTAK;296,14;pack;clé à chocs;18;TSTAK;5;;1;;;inconnu;famille:machine;REF:DCF899|1X5.0;référence;1X5.0;3;;
Électro portatif;perforation;DCH172P1;DEWALT DCH172P1;294,31;pack;perforateur;;AUCUN;5;;1;;;inconnu;famille:machine;REF:DCH172|1X5;référence;1X5;1;;
Électro portatif;percage;DCF620P2;DEWALT DCF620P2;294,07;pack;visseuse à placo;18;AUCUN;5;;2;;;inconnu;famille:machine;REF:DCF620|2X5;référence;2X5;4;;
Électro portatif;mesure;DCE088D1G18-QW;DEWALT DCE088D1G18-QW;293,99;seul;niveau laser;;AUCUN;;;;;;inconnu;famille:machine;REF:DCE088|1X2_1X3;référence;1X2_1X3;1;;
Électro portatif;meulage;DCW210P2;DEWALT DCW210P2;293,83;pack;polisseuse;;AUCUN;5;;2;;;inconnu;famille:machine;REF:DCW210|2X5;référence;2X5;1;;
Électro portatif;percage;DCD805E2T-QW;DEWALT DCD805E2T-QW;293,20;pack;perceuse-visseuse;;TSTAK;1.7;;2;;;inconnu;famille:machine;REF:DCD805|2X1.7;référence;2X1.7;3;;
Électro portatif;sciage;DCS356P2-QW;DEWALT DCS356P2-QW;293,10;pack;;18;AUCUN;5;;2;;;inconnu;famille:machine;REF:DCS356|2X5;référence;2X5;2;;
Électro portatif;perforation;DCH172M1;DEWALT DCH172M1;293,01;pack;perforateur;;TSTAK;4;;1;;;inconnu;famille:machine;REF:DCH172|1X4;référence;1X4;1;;
Électro portatif;vissage-choc;DCF85ME2GT-QW;DEWALT DCF85ME2GT-QW;293,00;seul;visseuse à chocs;;AUCUN;1.7;;;;oui;inconnu;famille:machine;REF:DCF85|2X1.7;référence;2X1.7;1;;
Électro portatif;percage;DCD776C3-QW;DeWalt XR DCD776C3-QW;299,00;pack;perceuse-visseuse;;AUCUN;1.5;;3;;;sans-ref;famille:machine;REF:DCD776|3X1.5;référence;3X1.5;1;;
Électro portatif;percage;DCF620P2T-QW;Dewalt DCF620P2T-QW Set doutils à batteries 18V - Visseuse plaques de plâtre (2x batterie 5.0Ah) dans TSTAK - Moteur san;298,30;pack;visseuse;18;TSTAK;5;;2;;;sans-ref;famille:machine;REF:DCF620|2X5.0;référence;2X5.0;2;;
Électro portatif;vissage-choc;DCF860D2T-QW;Dewalt DCF860D2T-QW Visseuse à chocs XR 282Nm 18V 2 x 2.0Ah batteries + chargeur en Coffret TSTAK;297,54;pack;visseuse à chocs;18;TSTAK;2;;2;;;sans-ref;famille:machine;REF:DCF860|2X2.0+CHARGEUR;référence;2X2.0+CHARGEUR;1;;
Électro portatif;jardin;DCM561PBS;Dewalt DCM 561 PBS Coupe-bordures sans fil 18 V Brushless + 1x batterie 4,0 Ah + chargeur;297,52;pack;coupe-bordure;18;AUCUN;4;;1;;;sans-ref;famille:machine;REF:DCM561|CHARGEUR;référence;CHARGEUR;4;;
Électro portatif;perforation;DCH133M1;DeWalt DCH 133 M1 Marteau combiné sans fil 18V 2,6J SDS plus Brushless + 1x batterie 4,0Ah + chargeur + TSTAK;297,28;pack;marteau perforateur;18;TSTAK;4;;1;;;sans-ref;famille:machine;REF:DCH133|1X4.0+CHARGEUR;référence;1X4.0+CHARGEUR;1;;
Électro portatif;meulage;DCG406M1;DeWalt DCG 406 M1 Meuleuse d'angle sans fil 18V 125mm Brushless + 1x batterie 4,0Ah + chargeur + TSTAK;297,28;pack;meuleuse d'angle;18;TSTAK;4;;1;;;sans-ref;famille:machine;REF:DCG406|CHARGEUR;référence;CHARGEUR;3;;
Électro portatif;vissage-choc;DCF850E2T-QW;DeWalt 18 V XR DCF850E2T-QW;296,84;pack;visseuse à chocs;18;TSTAK;1.7;;2;;;sans-ref;famille:machine;REF:DCF850|2X1.7;référence;2X1.7;2;;
Électro portatif;vissage-choc;DCF870P1T-QW;Dewalt DCF870P1T-QW Visseuse à chocs Hydraulique XR 18V 1/4″ Brushless 1 x 5,0Ah Batterie + chargeur en Coffret TSTAK;296,20;pack;visseuse à chocs;18;TSTAK;5;;1;;;sans-ref;famille:machine;REF:DCF870|1X5.0+CHARGEUR;référence;1X5.0+CHARGEUR;1;;
Électro portatif;sciage;DCS334N;DeWalt DCS 334N ( 1x 5,0 Ah);293,32;pack;scie sauteuse;18;AUCUN;5;;1;;;sans-ref;famille:machine;REF:DCS334|1X5.0;référence;1X5.0;3;;
Électro portatif;combo;DCK266P2;DeWalt Set DCK266P2;295,96;pack;pack d'outils;18;AUCUN;5;;2;;;sans-ref;famille:machine;REF:DCK266|2X5;référence;2X5;6;;
Électro portatif;meulage;DCG408NT-XJ;Meuleuse Ø125 mm 18V DCG408NT-XJ + 1 batterie 18V 5 Ah + 1 Chargeur DCB1104-QW DEWALT;294,90;pack;meuleuse;18;TSTAK;5;;1;;;sans-ref;famille:machine;REF:DCG408|1X5+CHARGEUR;référence;1X5+CHARGEUR;2;;
Électro portatif;meulage;DCG407NT-XJ;Meuleuse Ø125 mm 18V DCG407NT-XJ + 1 batterie 18V 5 Ah + 1 Chargeur DCB1104-QW DEWALT;294,90;pack;meuleuse;18;TSTAK;5;;1;;;sans-ref;famille:machine;REF:DCG407|1X5+CHARGEUR;référence;1X5+CHARGEUR;2;;
Électro portatif;aspiration;DCMBL562N-XJ;Souffleur 18V DCMBL562N-XJ + 2 batteries 18V 5 Ah + 1 chargeur DCB1104-QW DEWALT;294,90;pack;souffleur;18;AUCUN;5;;2;;;sans-ref;famille:machine;REF:DCMBL562|1X5+CHARGEUR;référence;1X5+CHARGEUR;1;;
Électro portatif;sciage;DCS334M1;DeWalt DCS334M1 Scie sauteuse sans fil 18V Brushless + 1x Batterie 4,0Ah + Chargeur;294,63;pack;scie sauteuse;18;AUCUN;4;;1;;;sans-ref;famille:machine;REF:DCS334|CHARGEUR;référence;CHARGEUR;5;;
Électro portatif;bois;DCW200M2;Dewalt DCW200M2 Ponceuse vibrante sans fil 18 V 108x115 mm + 2 x 4,0Ah Batteries + Chargeur + Coffret T-STAK;294,24;pack;ponceuse;18;TSTAK;4;;2;;;sans-ref;famille:machine;REF:DCW200|2X4.0+CHARGEUR;référence;2X4.0+CHARGEUR;1;;
Électro portatif;vissage-choc;DCF899NT-XJ;DeWalt - Boulonneuse à Chocs 1/2' Brushless XR 18V 5Ah Li-ion - DCF899NT-XJ - Visseuse a Choc sans Fil avec Coffret & Co;293,71;pack;clé à chocs;18;TSTAK;5;;0;16;;sans-ref;famille:machine;REF:DCF899|1X5;référence;1X5;3;;
Électro portatif;jardin;DCMPS567P1-QW;DeWalt Perche élagueuse sans fil DCMPS567P1-QW;293,39;pack;élagueuse sur perche;;AUCUN;5;;1;;;sans-ref;famille:machine;REF:DCMPS567|1X5;référence;1X5;2;;
Électro portatif;jardin;DCM561PBS;DeWalt DCM 561 PBS 18V Brushless + 1x 5.0 Ah Battery – without Charger;293,26;pack;débroussailleuse;18;AUCUN;5;;1;;;sans-ref;famille:machine;REF:DCM561|1X5.0;référence;1X5.0;1;;
Électro portatif;jardin;DCM565N-XJ;DEWALT - Tronçonneuse Élagueuse Brushless XR 18V - DCM565N-XJ & Batterie XR 18V 4 Ah Li-Ion - DCB182-XJ - Compatible Ave;293,16;pack;tronçonneuse;18;AUCUN;4;;1;;;sans-ref;famille:machine;REF:DCM565|1X4;référence;1X4;1;;
Électro portatif;combo;DCK791;DeWALT DCK791 — DCK791;306,41;seul;pack d'outils;;AUCUN;;;;;;reconnu;famille:machine;REF:DCK791|NU;référence;NU;1;DCK791;404,18
Électro portatif;vissage-choc;DCF961NT-XJ;"DeWALT DCF961NT-XJ — Boulonneuse 18V 1/2"" DCF961NT-XJ";305,93;seul;visseuse à chocs;;TSTAK;;;0;;;reconnu;famille:machine;REF:DCF961|NU;référence;NU;4;DCF961NT-XJ;422,68
Électro portatif;bois;DCW604N;DeWALT DCW604NT-XJ — Affleureuse - défonceuse XR 18V DCW604NT-XJ;303,95;seul;affleureuse;;AUCUN;;;0;;;reconnu;famille:machine;REF:DCW604|NU;référence;NU;4;DCW604NT-XJ;420,68
Électro portatif;meulage;D28710;DeWALT D28710 — D28710;303,80;seul;meuleuse;;AUCUN;;;;;;reconnu;famille:machine;REF:D28710|NU;référence;NU;1;D28710;419,54
Électro portatif;jardin;DCM5713N-XJ;DeWALT DCM5713N-XJ — DCM5713N-XJ;303,04;pack;débroussailleuse;;AUCUN;;;1;;;reconnu;famille:machine;REF:DCM5713|NU;référence;NU;1;DCM5713N-XJ;426,41
Électro portatif;meulage;D28715;DeWALT D28715 — D28715;303,00;seul;meuleuse;;AUCUN;;;;;;reconnu;famille:machine;REF:D28715|NU;référence;NU;1;D28715;418,44
Électro portatif;;DCE581NK;DeWALT DCE581NK — DCE581NK;302,28;seul;;18;AUCUN;;;;;;reconnu;famille:machine;REF:DCE581|NU;référence;NU;7;DCE581NK;417,76
Électro portatif;sciage;DCS391M2;DeWALT DCS391M2-QW — Scie circulaire 165 mm 18V XR (kit 2×4,0 Ah + coffret TSTAK);300,00;pack;scie circulaire;;AUCUN;4;;2;;;reconnu;famille:machine;REF:DCS391|2X4.0;référence;2X4.0;1;DCS391M2-QW;454,78
Électro portatif;fixation;DCE571N-XJ;DeWALT DCE571N-XJ — Pistolet à mastic sans fil DEWALT DCE571N-XJ 18V Li-Ion XR, sans batterie;299,99;seul;pistolet à mastic;18;AUCUN;;;0;;;reconnu;famille:machine;REF:DCE571|NU;référence;NU;8;DCE571N-XJ;414,89
Électro portatif;sciage;DWS520KT;DeWALT DWS520KT-QS — Scie circulaire plongeante 1300W DWS520KT-QS;299,40;seul;scie circulaire;;AUCUN;;;;;;reconnu;famille:machine;REF:DWS520|NU;référence;NU;7;DWS520KT-QS;414,08
Électro portatif;vissage-choc;DCF921P2T-QW;DEWALT DCF921P2T-QW;306,84;pack;visseuse à chocs;;TSTAK;5;;2;;;inconnu;famille:machine;REF:DCF921|2X5;référence;2X5;3;;
Électro portatif;combo;DCK791D2KX;DEWALT DCK791D2KX;306,41;seul;pack d'outils;;AUCUN;;;;;;inconnu;famille:machine;REF:DCK791|2X2;référence;2X2;2;;
Électro portatif;chantier;DCC018M2;DEWALT DCC018M2;304,95;pack;gonfleur;18;AUCUN;4;;2;;;inconnu;famille:machine;REF:DCC018|2X4;référence;2X4;1;;
Électro portatif;jardin;DCMHT567P1-QW;DEWALT DCMHT567P1-QW;303,59;pack;taille-haie;;AUCUN;5;;1;;;inconnu;famille:machine;REF:DCMHT567|1X5;référence;1X5;1;;
Électro portatif;combo;DCK2062L2T-QW;DEWALT DCK2062L2T-QW;302,59;pack;pack d'outils;18;TSTAK;3;;2;;;inconnu;famille:machine;REF:DCK2062|2X3;référence;2X3;1;;
Électro portatif;sciage;DCS369D2;DEWALT DCS369D2;302,10;pack;scie sabre;;AUCUN;2;;2;;;inconnu;famille:machine;REF:DCS369|2X2;référence;2X2;1;;
Électro portatif;bois;DCP580M1;DEWALT DCP580M1;301,86;pack;rabot;;AUCUN;4;;1;;;inconnu;famille:machine;REF:DCP580|1X4;référence;1X4;1;;
Électro portatif;percage;DCD100YP2T;DEWALT DCD100YP2T;300,00;pack;perceuse-visseuse;;TSTAK;5;;2;;;inconnu;famille:machine;REF:DCD100|2X5;référence;2X5;1;;
Électro portatif;percage;DCD805P2T;Dewalt DCD805P2T Perceuse à percussion XR Brushless 18V 90Nm - 2 X 5Ah Batteries, chargeur en coffret;299,71;pack;perceuse à percussion;18;GENERIQUE;5;;2;;;inconnu;famille:machine;REF:DCD805|2X5+CHARGEUR;référence;2X5+CHARGEUR;1;;
Électro portatif;sciage;DCS570P1-QW;Dewalt DCS570P1-QW Scie circulaire XR Li-Ion 18V Brushless + 1 x 5.0Ah Batterie + Chargeur + Coffret TSTAK;306,84;pack;scie circulaire;18;TSTAK;5;;1;;;sans-ref;famille:machine;REF:DCS570|1X5.0+CHARGEUR;référence;1X5.0+CHARGEUR;3;;
Électro portatif;jardin;DCMPS520P2-QW;Dewalt DCMPS520P2-QW Tronçonneuse élagueuse - Lame de 20 cm - XR - 18V - 2 X 5.0Ah Batreries + chargeur;305,68;pack;tronçonneuse;18;AUCUN;5;;2;;;sans-ref;famille:machine;REF:DCMPS520|2X5.0+CHARGEUR;référence;2X5.0+CHARGEUR;2;;
Électro portatif;perforation;DCH133P1;DeWalt DCH 133 P1 Marteau combiné sans fil 18V 2,6J SDS plus Brushless + 1x batterie 5,0Ah + chargeur + TSTAK;305,32;pack;marteau perforateur;18;TSTAK;5;;1;;;sans-ref;famille:machine;REF:DCH133|1X5.0+CHARGEUR;référence;1X5.0+CHARGEUR;1;;
Électro portatif;vissage-choc;DCF92MP2T;DeWalt McLaren F1 Team DCF92MP2T 18V 2x 5,0 Ah und Ladegerät in TSTAK;304,99;pack;visseuse à chocs;18;TSTAK;5;;2;;oui;sans-ref;famille:machine;REF:DCF92|2X5.0;référence;2X5.0;1;;
Électro portatif;bois;DCP580NT-XJ;Rabot XR 18V DCP580NT-XJ + 1 batterie 18V 5 Ah + 1 chargeur DCB1104-QW DEWALT;304,90;pack;rabot;18;TSTAK;5;;1;;;sans-ref;famille:machine;REF:DCP580|1X5+CHARGEUR;référence;1X5+CHARGEUR;1;;
Électro portatif;;DCF86MP;DeWalt McLaren F1 Team DCF86MP 2x 5,0Ah Akkus + Ladegerät;304,47;pack;;;AUCUN;5;;2;;oui;sans-ref;famille:machine;REF:DCF86|2X5.0;référence;2X5.0;1;;
Électro portatif;sciage;DCS367NT-XJ;DEWALT - Scie Sabre Compact Brushless XR 18V Li-Ion - DCS367NT-XJ - Scie Électrique & Batterie XR 18V 4 Ah Li-Ion - DCB1;303,75;pack;scie sabre;18;TSTAK;4;;1;;;sans-ref;famille:machine;REF:DCS367|1X4;référence;1X4;1;;
Électro portatif;meulage;DCG405M2;DeWalt DCG 405 M2 -2;303,71;seul;meuleuse d'angle;18;AUCUN;;;;;;sans-ref;famille:machine;REF:DCG405|2X4;référence;2X4;2;;
Électro portatif;vissage-choc;DCF922E2;DeWalt DCF 922 E2 Clé à choc 18 V 406 Nm 1/2'' Brushless + 2x Powerstack batterie 1,7 Ah + chargeur;303,71;pack;clé à chocs;18;AUCUN;1.7;;2;;;sans-ref;famille:machine;REF:DCF922|2X1.7+CHARGEUR;référence;2X1.7+CHARGEUR;2;;
Électro portatif;jardin;DCMPH566M1;DeWalt DCMPH 566 M1 Taille-haies sans fil 18 V 55 cm + 1x batterie 4,0 Ah + chargeur;303,15;pack;taille-haie;18;AUCUN;4;;1;;;sans-ref;famille:machine;REF:DCMPH566|CHARGEUR;référence;CHARGEUR;4;;
Électro portatif;chargeur;DCB547;XR FLEXVOLT Lot de 2 batteries DCB547 de 18/54 V et 9 Ah et chargeur rapide DCB118 de 18 V;302,99;pack;chargeur;54;;;;;2;;sans-ref;famille:energie;REF:DCB547|1X9+CHARGEUR;référence;1X9+CHARGEUR;1;;
Électro portatif;percage;DCD796P2T;Perceuse-visseuse à percussion DeWALT DCD796P2T (2 x 5,0 Ah + DCB115 + TSTAK II) + kit de 40 embouts de vissage;302,00;pack;perceuse-visseuse;;TSTAK;5;;2;40;;sans-ref;famille:machine;REF:DCD796|2X5.0;référence;2X5.0;1;;
Électro portatif;sciage;DCS356P1;DeWalt DCS 356 P1 18V Brushless (35 pièces);301,06;pack;;18;AUCUN;;;1;;;sans-ref;famille:machine;REF:DCS356|1X5;référence;1X5;1;;
Électro portatif;combo;DCK266D2;DeWalt Kit DCK266D2 (perceuse à percussion DCD796 + visseuse à chocs DCF887);300,64;pack;pack d'outils;18;AUCUN;2;;2;;;sans-ref;famille:machine;REF:DCK266|2X2;référence;2X2;1;;
Électro portatif;jardin;DCMPH566N;DeWalt DCMPH 566 N Taille-haies sur batterie 18 V 55 cm + 1x batterie 5,0 Ah - sans chargeur;300,25;pack;taille-haie;18;AUCUN;5;;1;;;sans-ref;famille:machine;REF:DCMPH566|1X5.0;référence;1X5.0;2;;
Électro portatif;meulage;DCG405M2;Dewalt DCG405M2 Set meuleuse dangle Li-Ion 18V XR(2x batterie 4.0Ah) dans TSTAK - 125mm - moteur brushless;299,71;pack;meuleuse;18;TSTAK;4;;2;;;sans-ref;famille:machine;REF:DCG405|2X4.0;référence;2X4.0;1;;
Électro portatif;sciage;DCS334E1;DeWalt DCS 334 E1 Scie sauteuse oscillante sans fil 18 V Brushless + 1x Powerstack batterie 1,7 Ah + chargeur;299,45;pack;scie sauteuse;18;AUCUN;1.7;;1;;;sans-ref;famille:machine;REF:DCS334|1X1.7+CHARGEUR;référence;1X1.7+CHARGEUR;3;;
Électro portatif;chantier;DXRH012E;DeWALT DXRH012E — DXRH012E;312,99;seul;groupe électrogène;;AUCUN;;;;;;reconnu;famille:machine;REF:DXRH012|NU;référence;NU;1;DXRH012E;412,42
Électro portatif;percage;DCZ100P2KT-QW;DeWALT DCZ100P2KT-QW — DCZ100P2KT-QW;311,82;pack;perceuse-visseuse;;AUCUN;5;;2;;;reconnu;famille:machine;REF:DCZ100|2X5;référence;2X5;1;DCZ100P2KT-QW;429,37
Électro portatif;percage;DCD732M2;DeWALT DCD732M2 — DCD732M2;310,44;pack;perceuse-visseuse;;AUCUN;4;;2;;;reconnu;famille:machine;REF:DCD732|2X4;référence;2X4;1;DCD732M2;427,79
Électro portatif;sciage;DCS577;DeWALT DCS577N-XJ — DCS577N-XJ;310,42;seul;scie circulaire;;AUCUN;;;;;;reconnu;famille:machine;REF:DCS577|NU;référence;NU;2;DCS577N-XJ;444,65
Électro portatif;combo;DCK2020P2T-QW;DeWALT DCK2020P2T-QW — DCK2020P2T-QW;309,90;pack;pack d'outils;18;TSTAK;2.5;;2;;;reconnu;famille:machine;REF:DCK2020|2X5;référence;2X5;1;DCK2020P2T-QW;427,04
Électro portatif;percage;DCD708P3T-QW;DEWALT DCD708P3T-QW;313,91;pack;perceuse-visseuse;;TSTAK;5;;3;;;inconnu;famille:machine;REF:DCD708|3X5;référence;3X5;1;;
Électro portatif;vissage-choc;DCF921E2T;DEWALT DCF921E2T;313,60;pack;visseuse à chocs;;TSTAK;1.7;;2;;;inconnu;famille:machine;REF:DCF921|2X1.7;référence;2X1.7;1;;
Électro portatif;vissage-choc;DCF500L2G-QW;DEWALT DCF500L2G-QW;312,43;seul;cliquet;;AUCUN;;;;;;inconnu;famille:machine;REF:DCF500|2X3;référence;2X3;1;;
Électro portatif;bois;DCW200P2;DEWALT DCW200P2;312,19;pack;ponceuse;18;AUCUN;5;;2;;;inconnu;famille:machine;REF:DCW200|2X5;référence;2X5;1;;
Électro portatif;percage;DCD805M2T;DEWALT DCD805M2T;311,74;pack;perceuse-visseuse;;TSTAK;4;;2;;;inconnu;famille:machine;REF:DCD805|2X4;référence;2X4;1;;
Électro portatif;percage;DCD732;DEWALT DCD732;310,44;seul;perceuse-visseuse;;AUCUN;;;;;;inconnu;famille:machine;REF:DCD732|NU;référence;NU;1;;
Électro portatif;vissage-choc;DCF850M2;DEWALT DCF850M2;308,53;pack;visseuse à chocs;;AUCUN;4;;2;;;inconnu;famille:machine;REF:DCF850|2X4;référence;2X4;1;;
Électro portatif;jardin;DCPR320B;DEWALT Dewalt DCPR320B Sécateur sans fil 20 V MAX;312,67;seul;sécateur;20;AUCUN;;;;;;sans-ref;famille:machine;REF:DCPR320|NU;référence;NU;2;;
Électro portatif;jardin;DCM561PBS;DeWalt DCM 561 PBS 18 V Brushless + 1x 4.0 Ah Battery + Charger;312,52;pack;débroussailleuse;18;AUCUN;4;;1;;;sans-ref;famille:machine;REF:DCM561|1X4.0+CHARGEUR;référence;1X4.0+CHARGEUR;1;;
Électro portatif;aspiration;DCV517P2;DeWalt Aspirateur industriel DCV 517 P2 Aspirateur à main batterie 18 V 1,9 l + 2x batterie 5,0 Ah + chargeur Aspirateur;312,36;pack;aspirateur;18;AUCUN;5;;2;;;sans-ref;famille:machine;REF:DCV517|2X5.0+CHARGEUR;référence;2X5.0+CHARGEUR;1;;
Électro portatif;sciage;DCS369P2;DeWalt DCS 369 P2 Scie sabre sans fil Scie réversible Brushless 18V + 2x Batteries 5,0Ah + Chargeur;311,74;pack;scie sabre;18;AUCUN;5;;2;;;sans-ref;famille:machine;REF:DCS369|2X5.0+CHARGEUR;référence;2X5.0+CHARGEUR;1;;
Électro portatif;meulage;;DeWalt DIANA Branch shears 45mm Aluminium;311,74;seul;cisaille;;AUCUN;;;;;;sans-ref;famille:machine;TIT:diana branch shears 45mm aluminium;titre;NU;1;;
Électro portatif;vissage-choc;DCF899M1;"DeWalt DCF 899 M1 18 V Boulonneuse à chocs sans fil Brushless 950 Nm 1/2"" avec boîtier TSTAK + 1 x DCB 182 4,0 Ah Batter";310,94;pack;clé à chocs;18;TSTAK;4;;0;;;sans-ref;famille:machine;REF:DCF899|1X4.0;référence;1X4.0;1;;
Électro portatif;batterie;;Dewalt pack batteries XR Flexvolt + chargeur rapide;310,26;pack;batterie;;;;;1;;;sans-ref;famille:energie;TIT:pack batteries xr flexvolt chargeur rapide;titre;CHARGEUR;1;;
Électro portatif;batterie;DCB118T2-QW;DeWALT DCB118T2-QW Kit De Démarrage Pour Batterie Li-ion FlexVolt 18 V / 54 V (2 Batteries De 6,0 Ah) + Chargeur;309,59;pack;batterie;54;;6;;2;;;sans-ref;famille:energie;REF:DCB118|1X6.0+CHARGEUR;référence;1X6.0+CHARGEUR;1;;
Électro portatif;sciage;DCS570NT;DeWalt DCS 570 NT Cordless circular saw 18 V 184 mm brushless + 1× 5.0 Ah battery + TSTAK without charger;309,38;pack;scie circulaire;18;TSTAK;5;;1;;;sans-ref;famille:machine;REF:DCS570|1X5.0;référence;1X5.0;2;;
Électro portatif;vissage-choc;DCF922M2;DeWalt DCF 922 M2 Clé à choc 18 V 406 Nm 1/2'' Brushless + 2x batterie 4,0 Ah + chargeur;308,53;pack;clé à chocs;18;AUCUN;4;;2;;;sans-ref;famille:machine;REF:DCF922|2X4.0+CHARGEUR;référence;2X4.0+CHARGEUR;2;;
Électro portatif;batterie;DCB115;DeWalt DCS 334M1T (1 x 4,0 Ah + DCB115 + TSTAK II);308,00;pack;;18;TSTAK;4;;1;;;sans-ref;famille:energie;REF:DCB115|1X4.0;référence;1X4.0;1;;
Électro portatif;batterie;DCB1104E4;DeWalt DCB 1104 E4;306,92;pack;batterie;12;;1.7;;1;;;sans-ref;famille:energie;REF:DCB1104|4X1.7;référence;4X1.7;1;;
Électro portatif;batterie;DCB118;DeWalt Power Set FlexVolt (54V/18V 6Ah + DCB118);306,92;pack;batterie;54;;6;;1;;;sans-ref;famille:energie;REF:DCB118|1X6;référence;1X6;1;;
Électro portatif;jardin;;DeWalt Sécateur 38 mm incl. batterie + chargeur;306,92;pack;sécateur;;AUCUN;;;1;;;sans-ref;famille:machine;TIT:s cateur 38 mm incl batterie chargeur;titre;CHARGEUR;1;;
Électro portatif;percage;DCD240N-XJ;DeWALT DCD240N-XJ — DCD240N-XJ;319,96;seul;malaxeur;;AUCUN;;;0;;;reconnu;famille:machine;REF:DCD240|NU;référence;NU;2;DCD240N-XJ;439,31
Électro portatif;vissage-choc;DCF899P2-QW;"DeWALT DCF899P2 — Boulonneuse à chocs 1/2"" 18V XR 950 Nm (2×5,0 Ah + chargeur + coffret TSTAK)";317,06;pack;visseuse à chocs;;AUCUN;5;;2;;;reconnu;famille:machine;REF:DCF899|2X5.0+CHARGEUR;référence;2X5.0+CHARGEUR;5;DCF899P2;450,54
Électro portatif;sciage;2-PACK;DeWALT 2-PACK — 2-PACK;313,99;pack;scie sabre;;AUCUN;;;;;;reconnu;famille:machine;REF:2-PACK|NU;référence;NU;1;2-PACK;413,51
Électro portatif;jardin;DCMPH566P1-QW;DeWalt DCMPH566P1-QW - Taille-haie électrique sur perche orientable - Batterie 18V 2Ah;321,43;pack;taille-haie;18;AUCUN;2;;1;;;inconnu;famille:machine;REF:DCMPH566|1X2;référence;1X2;1;;
Électro portatif;percage;DCD790M2-QW;DEWALT DCD790M2-QW;319,00;pack;perceuse-visseuse;;AUCUN;4;;2;;;inconnu;famille:machine;REF:DCD790|2X4;référence;2X4;1;;
Électro portatif;percage;DCD790;DEWALT DCD790;319,00;seul;perceuse-visseuse;;AUCUN;;;;;;inconnu;famille:machine;REF:DCD790|NU;référence;NU;1;;
Électro portatif;perforation;DCH133P2X;DEWALT DCH133P2X;318,91;pack;marteau perforateur;;AUCUN;;;1;;;inconnu;famille:machine;REF:DCH133|2X5;référence;2X5;2;;
Électro portatif;perforation;DCH172D2;DEWALT DCH172D2;316,68;pack;perforateur;;AUCUN;2;;2;;;inconnu;famille:machine;REF:DCH172|2X2;référence;2X2;1;;
Électro portatif;perforation;DCH133P1;DEWALT DCH133P1;314,90;pack;marteau perforateur;;AUCUN;5;;1;;;inconnu;famille:machine;REF:DCH133|1X5;référence;1X5;1;;
Électro portatif;perforation;DCH172E2T-QW;DEWALT DCH172E2T-QW;314,09;pack;perforateur;;TSTAK;1.7;;2;;;inconnu;famille:machine;REF:DCH172|2X1.7;référence;2X1.7;1;;
Électro portatif;jardin;DCM561PBS;DeWalt DCM 561 PBS 18V Brushless + 1x 5.0 Ah Battery + Charger;322,18;pack;débroussailleuse;18;AUCUN;5;;1;;;sans-ref;famille:machine;REF:DCM561|1X5.0+CHARGEUR;référence;1X5.0+CHARGEUR;1;;
Électro portatif;sciage;DCS369E2;DeWalt DCS 369 E2 Akku Sbelsge Reciprosge 18 V Brushless + 2x Powerstack Akku 1,7 Ah + Ladegert;321,38;pack;;18;AUCUN;1.7;;;;;sans-ref;famille:machine;REF:DCS369|2X1.7;référence;2X1.7;2;;
Électro portatif;perforation;DCH273N;DeWalt DCH 273 N Perforateur-burineur sans fil 2,1J 18V - SDS Plus - Brushless + 1x Batterie 5.0 Ah - sans chargeur;320,98;pack;perforateur;18;AUCUN;5;;1;;;sans-ref;famille:machine;REF:DCH273|1X5.0;référence;1X5.0;2;;
Électro portatif;vissage-choc;DCF860D2T;Clé à chocs DeWALT DCF860D2T (2 x 2,0 Ah + DCB1102 + TSTAK II);320,00;pack;clé à chocs;;TSTAK;2;;2;;;sans-ref;famille:machine;REF:DCF860|2X2.0;référence;2X2.0;1;;
Électro portatif;vissage-choc;DCF922P2;DeWalt DCF 922 P2 Clé à choc 18 V 406 Nm 1/2'' Brushless + 2x batterie 5,0 Ah + chargeur;319,77;pack;clé à chocs;18;AUCUN;5;;2;;;sans-ref;famille:machine;REF:DCF922|2X5.0+CHARGEUR;référence;2X5.0+CHARGEUR;3;;
Électro portatif;vissage-choc;DCF860E1T-QW;Dewalt DCF860E1T-QW Visseuse à chocs XR 282Nm 18V 1 x 1,7Ah PowerStack + chargeur en Coffret TSTAK;319,74;pack;visseuse à chocs;18;TSTAK;1.7;;1;;;sans-ref;famille:machine;REF:DCF860|1X1.7+CHARGEUR;référence;1X1.7+CHARGEUR;1;;
Électro portatif;sciage;DCS570M1T;DeWalt DCS 570 M1T Cordless circular saw 18 V 184 mm brushless + 1× 4.0 Ah battery + charger + TSTAK;319,53;pack;scie circulaire;18;TSTAK;4;;1;;;sans-ref;famille:machine;REF:DCS570|1X4.0+CHARGEUR;référence;1X4.0+CHARGEUR;1;;
Électro portatif;jardin;DCMPH566M1;DeWalt DCMPH 566 M1 Taille-Haie sur Batterie 18 V 55 cm + 1x Batterie 4,0 Ah + Chargeur;319,53;pack;taille-haie;18;AUCUN;4;;1;;;sans-ref;famille:machine;REF:DCMPH566|1X4.0+CHARGEUR;référence;1X4.0+CHARGEUR;1;;
Électro portatif;meulage;DCG405P2;DeWalt DCG 405 P2 (2x 5,0 Ah + charger);319,37;pack;meuleuse d'angle;18;AUCUN;5;;2;;;sans-ref;famille:machine;REF:DCG405|2X5.0+CHARGEUR;référence;2X5.0+CHARGEUR;1;;
Électro portatif;sciage;DCMPS520M2;DeWalt DCMPS 520 M2;318,73;seul;scie;;AUCUN;;;;;;sans-ref;famille:machine;REF:DCMPS520|2X4;référence;2X4;1;;
Électro portatif;vissage-choc;DCF860P1T-QW;Dewalt DCF860P1T-QW Visseuse à chocs XR 282Nm 18V 1 x 5.0Ah batterie + chargeur en Coffret TSTAK;318,71;pack;visseuse à chocs;18;TSTAK;5;;1;;;sans-ref;famille:machine;REF:DCF860|1X5.0+CHARGEUR;référence;1X5.0+CHARGEUR;1;;
Électro portatif;mesure;;Laser autonivelant 360° - DeWalt - Ligne 360° - Faisceau croisé - Portée 10m - Précision +/- 4 mm à 10 m;318,07;pack;niveau laser;;AUCUN;;;;;;sans-ref;famille:machine;TIT:laser autonivelant 360 ligne 360 faisceau crois port e 10m pr cision 4 mm 10 m;titre;NU;1;;
Électro portatif;sciage;DCS369M2;DeWalt DCS 369 M2 Scie sabre sans fil Scie réversible 18 V Brushless + 2x batterie 4,0 Ah + chargeur;317,10;pack;scie sabre;18;AUCUN;4;;2;;;sans-ref;famille:machine;REF:DCS369|2X4.0+CHARGEUR;référence;2X4.0+CHARGEUR;1;;
Électro portatif;batterie;DCP580P1-QW;Dewalt DCP580P1-QW Rabot XR 18V Li-Ion 1 X 5,0 Ah Batteries + chargeur en coffret TSTAK;316,99;pack;batterie;18;TSTAK;5;;1;;;sans-ref;famille:energie;REF:DCP580|1X5.0+CHARGEUR;référence;1X5.0+CHARGEUR;3;;
Électro portatif;sciage;DCS334M1;DeWalt DCS 334M1;316,85;seul;scie sauteuse;18;AUCUN;;;;;;sans-ref;famille:machine;REF:DCS334|1X4;référence;1X4;1;;
Électro portatif;aspiration;DCV501LM2;DeWalt DCV 501 LM2 Aspirateur sans fil 18 V 0,7 l classe de poussière L + 2x batterie 4,0 Ah + chargeur;315,52;pack;aspirateur;18;AUCUN;4;;2;;;sans-ref;famille:machine;REF:DCV501|2X4.0+CHARGEUR;référence;2X4.0+CHARGEUR;1;;
Électro portatif;sciage;DCS334M1;DeWalt DCS 334 M1 cordless pendulum jigsaw 18 V brushless + 1x battery 4.0 Ah + charger;315,01;pack;scie sauteuse;18;AUCUN;4;;1;;;sans-ref;famille:machine;REF:DCS334|1X4.0+CHARGEUR;référence;1X4.0+CHARGEUR;1;;
Électro portatif;perforation;DCH273N;DeWalt DCH 273 N Marteau combiné sans fil 18 V 2,1 J SDS Plus Brushless + 1x batterie 4,0 Ah - sans chargeur;314,95;pack;marteau perforateur;18;AUCUN;4;;1;;;sans-ref;famille:machine;REF:DCH273|1X4.0;référence;1X4.0;2;;
Électro portatif;bois;D26204K;DeWALT D26204K — D26204K;330,41;seul;défonceuse;;AUCUN;;;;;;reconnu;famille:machine;REF:D26204|NU;référence;NU;1;D26204K;437,77
Électro portatif;chantier;DCMPW1600N-XJ;DeWALT DCMPW1600N-XJ — Nettoyeur haute pression XR 2 X 18V DCMPW1600N-XJ;330,25;seul;nettoyeur haute pression;;AUCUN;;;0;;;reconnu;famille:machine;REF:DCMPW1600|NU;référence;NU;2;DCMPW1600N-XJ;452,11
Électro portatif;perforation;DCH274N;DeWALT DCH274N — DCH274N;330,00;seul;marteau perforateur;;AUCUN;;;0;;;reconnu;famille:machine;REF:DCH274|NU;référence;NU;1;DCH274N;433,44
Électro portatif;confort;DXF1853;DeWALT DXF1853 — DXF1853;329,90;seul;ventilateur;;AUCUN;;;;;;reconnu;famille:machine;REF:DXF1853|NU;référence;NU;1;DXF1853;433,31
Électro portatif;mesure;DCE0825D1R;DeWALT DCE0825D1R — DCE0825D1R;327,08;seul;niveau laser;;AUCUN;;;;;;reconnu;famille:machine;REF:DCE0825|1X2;référence;1X2;2;DCE0825D1R;448,10
Électro portatif;meulage;DCS496N-XJ;DeWALT DCS496N-XJ — DCS496N-XJ;325,44;seul;cisaille;18;AUCUN;;;0;;;reconnu;famille:machine;REF:DCS496|NU;référence;NU;1;DCS496N-XJ;446,18
Électro portatif;;DWP611;DeWALT DWP611 — DWP611 Routeur compact à couple variable 1,25 HP avec LED DEWALT;324,90;seul;;;;;;;;;reconnu;titre;REF:DWP611|NU;référence;NU;1;DWP611;445,72
Électro portatif;mesure;DCE825NG18-XJ;DeWALT DCE825NG18-XJ — DCE825NG18-XJ;324,18;seul;niveau laser;;AUCUN;;;;;;reconnu;famille:machine;REF:DCE825|1X3;référence;1X3;1;DCE825NG18-XJ;432,06
Électro portatif;mesure;DCE0811D1R-QW;DEWALT DCE0811D1R-QW;330,72;seul;niveau laser;;AUCUN;;;;;;inconnu;famille:machine;REF:DCE0811|1X2;référence;1X2;2;;
Électro portatif;sciage;DCS334P1;DeWalt DCS 334P1;323,35;seul;scie sauteuse;18;AUCUN;;;;;;sans-ref;famille:machine;REF:DCS334|1X5;référence;1X5;4;;
Électro portatif;percage;DCD85ME2GT-QW;DEWALT DCD85ME2GT-QW;329,99;seul;perceuse-visseuse;;AUCUN;;;;;;inconnu;famille:machine;REF:DCD85|2X1.7;référence;2X1.7;1;;
Électro portatif;sciage;DCS369P2;DEWALT DCS369P2;329,41;pack;scie sabre;;AUCUN;5;;2;;;inconnu;famille:machine;REF:DCS369|2X5;référence;2X5;2;;
Électro portatif;percage;DCD800P2T;DeWALT DCD800P2T Perceuse-visseuse XR 18V (90Nm, 2x5,0Ah) Tstak;328,74;pack;perceuse-visseuse;18;TSTAK;5;;2;;;inconnu;famille:machine;REF:DCD800|2X5.0;référence;2X5.0;1;;
Électro portatif;confort;DCE512B;DEWALT Ventilateur 20 V max, 4,5 heures d'autonomie, sans fil, portable, idéal pour les chantiers, outil nu uniquement (DCE512B);326,46;seul;ventilateur;20;AUCUN;;;0;;;inconnu;famille:machine;REF:DCE512|ACCESSOIRE;référence;ACCESSOIRE;1;;
Électro portatif;bois;DCW210M2;DEWALT DCW210M2;326,20;pack;ponceuse;18;AUCUN;4;;2;;;inconnu;famille:machine;REF:DCW210|2X4;référence;2X4;1;;
Électro portatif;vissage-choc;DCF899M1;DeWalt DCF 899 M1 Boulonneuse à chocs;325,94;seul;clé à chocs;;AUCUN;;;;;;inconnu;famille:machine;REF:DCF899|1X4;référence;1X4;1;;
Électro portatif;bois;DCS355P2;DEWALT DCS355P2;325,23;pack;outil multifonctions;18;TSTAK;5;;2;;;inconnu;famille:machine;REF:DCS355|2X5;référence;2X5;2;;
Électro portatif;percage;DCD996M2T;DEWALT DCD996M2T;324,59;pack;perceuse-visseuse;18;TSTAK;4;;2;;;inconnu;famille:machine;REF:DCD996|2X4;référence;2X4;2;;
Électro portatif;meulage;DCG420N-XJ;Meuleuse droite compacte XR 18V DCG420N-XJ + 1 batterie 18V 5 Ah + 1 Chargeur DCB1104-QW DEWALT;328,90;pack;meuleuse droite;18;AUCUN;5;;1;;;sans-ref;famille:machine;REF:DCG420|1X5+CHARGEUR;référence;1X5+CHARGEUR;2;;
Électro portatif;combo;DCK266M2T;DeWalt Combo Kit DCK266M2T (2 x 4,0 Ah + chargeur + T-stak box);328,64;pack;pack d'outils;18;TSTAK;4;;2;;;sans-ref;famille:machine;REF:DCK266|2X4.0+CHARGEUR;référence;2X4.0+CHARGEUR;1;;
Électro portatif;jardin;DCMPS520P2;DeWalt DCMPS 520 P2;328,37;pack;tronçonneuse;18;AUCUN;;;1;;;sans-ref;famille:machine;REF:DCMPS520|2X5;référence;2X5;1;;
Électro portatif;meulage;;Dewalt Meuleuse d'Angle 125Mm 18V Dcg407M1T 1X4.0Ah Bl Tstak;327,40;pack;meuleuse d'angle;18;TSTAK;4;;1;;;sans-ref;famille:machine;TIT:meuleuse d angle 125mm 18v dcg407m1t 1x4 0ah bl tstak;titre;1X4.0;1;;
Électro portatif;aspiration;DCV501LP2;DeWalt DCV 501 LP2 Aspirateur sans fil 18 V 0,7 l classe de poussière L + 2x batterie 5,0 Ah + chargeur;326,76;pack;aspirateur;18;AUCUN;5;;2;;;sans-ref;famille:machine;REF:DCV501|2X5.0+CHARGEUR;référence;2X5.0+CHARGEUR;2;;
Électro portatif;meulage;DCG405M2;DeWalt DCG 405 M2 18 V 125 mm Meuleuse sans fil Brushless avec boîtier TStak + 2x Batteries 4,0 Ah + Chargeur;326,49;pack;meuleuse;18;TSTAK;4;;2;;;sans-ref;famille:machine;REF:DCG405|2X4.0+CHARGEUR;référence;2X4.0+CHARGEUR;1;;
Électro portatif;batterie;;DeWalt Akku-Vakuum-Heber 18 V XR;326,32;pack;batterie;18;;2;;18;;;sans-ref;famille:energie;TIT:akku vakuum heber 18 v xr;titre;NU;1;;
Électro portatif;sciage;DCMPS520H1;DeWalt DCMPS 520 H1 Scie à élaguer sans fil 18 V 20 cm Brushless + 1x Powerstack batterie 5,0 Ah + chargeur;325,16;pack;scie;18;AUCUN;5;;1;;;sans-ref;famille:machine;REF:DCMPS520|1X5.0+CHARGEUR;référence;1X5.0+CHARGEUR;1;;
Électro portatif;jardin;DCMHT567P1-SK;DeWalt Taille-haie DCMHT567P1-SK 18V, 5,0Ah (DCMHT567P1-SK);325,00;seul;taille-haie;18;AUCUN;5;;;;;sans-ref;famille:machine;REF:DCMHT567|1X5.0;référence;1X5.0;1;;
Électro portatif;batterie;DCB132X2-QW;DeWalt Starter-Set DCB132X2-QW FlexVolt;325,00;pack;batterie;;;9;;1;;;sans-ref;famille:energie;REF:DCB132|2X9;référence;2X9;1;;
Électro portatif;percage;DCD1007P1T-QW;Dewalt DCD1007P1T-QW Perceuse-visseuse a percussion sans fil 18 V 169Nm XRP - 1X5.0Ah Batterie + chargeur en T-STAK;324,95;pack;perceuse-visseuse;18;TSTAK;5;;1;;;sans-ref;famille:machine;REF:DCD1007|1X5.0+CHARGEUR;référence;1X5.0+CHARGEUR;2;;
Électro portatif;batterie;DCB184P5;Dewalt DCB184P5 Lot de batteries 5 x DCB184 18V Li-Ion XR - 5 X 5.0Ah;323,94;pack;batterie;18;;5;;5;;;sans-ref;famille:energie;REF:DCB184|5X5.0;référence;5X5.0;1;;
Électro portatif;batterie;DCB1104P4;DeWalt DCB 1104 P4;322,99;pack;batterie;12;;5;;1;;;sans-ref;famille:energie;REF:DCB1104|4X5;référence;4X5;2;;
Électro portatif;vissage-choc;DCF964NT-XJ;DeWALT DCF964N-XJ — DCF964N-XJ;341,72;seul;visseuse à chocs;;TSTAK;;;0;;;reconnu;famille:machine;REF:DCF964|NU;référence;NU;3;DCF964N-XJ;476,84
Électro portatif;combo;DCK2061D2T-QW;DeWALT DCK2061D2T-QW — DCK2061D2T-QW;341,42;pack;pack d'outils;18;TSTAK;2;;2;;;reconnu;famille:machine;REF:DCK2061|2X2;référence;2X2;1;DCK2061D2T-QW;465,67
Électro portatif;mesure;DCLE14301GB-XJ;DeWALT DCLE14301GB-XJ — DCLE14301GB-XJ;340,03;seul;niveau laser;;AUCUN;;;;;;reconnu;famille:machine;REF:DCLE14301|NU;référence;NU;1;DCLE14301GB-XJ;464,34
Électro portatif;sciage;DCS575N-XJ;DeWALT DCS575N-XJ — DCS575N-XJ Scie Circulaire XR Flexvolt 54V Brushless 190 mm sans Batterie ni Chargeur, Jaune, Taille Unique;337,48;pack;scie circulaire;54;AUCUN;;;0;;;reconnu;famille:machine;REF:DCS575|NU;référence;NU;3;DCS575N-XJ;460,99
Électro portatif;bois;DW621-QS;DeWALT DW621-QS — DW621-QS;337,10;seul;défonceuse;;AUCUN;;;;;;reconnu;famille:machine;REF:DW621|NU;référence;NU;3;DW621-QS;462,61
Électro portatif;percage;D21520;DeWALT D21520 — D21520;335,50;seul;perceuse à percussion;;AUCUN;;;;;;reconnu;famille:machine;REF:D21520|NU;référence;NU;1;D21520;458,63
Électro portatif;jardin;DCMCS575N-XJ;DeWALT DCMCS575N-XJ — DCMCS575N-XJ;334,00;seul;tronçonneuse;54;AUCUN;;;0;;;reconnu;famille:machine;REF:DCMCS575|NU;référence;NU;2;DCMCS575N-XJ;456,58
Électro portatif;sciage;DCS350;DeWALT DCS350NT-XJ — DCS350NT-XJ;333,84;pack;;18;AUCUN;5;;1;;;reconnu;famille:machine;REF:DCS350|NU;référence;NU;3;DCS350NT-XJ;438,08
Électro portatif;percage;DCD792NT;DeWALT DCD792NT — DCD792NT;333,59;seul;perceuse-visseuse;;TSTAK;;;0;;;reconnu;famille:machine;REF:DCD792|NU;référence;NU;2;DCD792NT;456,35
Électro portatif;combo;DCK268P2T;DeWALT DCK268P2T — DCK268P2T;330,76;pack;pack d'outils;18;TSTAK;5;;2;;;reconnu;famille:machine;REF:DCK268|2X5;référence;2X5;1;DCK268P2T;452,81
Électro portatif;mesure;DCE0811;DeWALT DCE0811 — DCE0811;330,72;seul;niveau laser;;AUCUN;;;;;;reconnu;famille:machine;REF:DCE0811|NU;référence;NU;1;DCE0811;438,29
Électro portatif;vissage-choc;DCF870E2T-QW;DEWALT DCF870E2T-QW;341,69;pack;visseuse à chocs;;TSTAK;1.7;;2;;;inconnu;famille:machine;REF:DCF870|2X1.7;référence;2X1.7;1;;
Électro portatif;meulage;DCM849E1;DEWALT DCM849E1;341,22;pack;polisseuse;18;AUCUN;1.7;;1;;;inconnu;famille:machine;REF:DCM849|1X1.7;référence;1X1.7;1;;
Électro portatif;meulage;DCGG571M1;DEWALT DCGG571M1;340,74;pack;;;AUCUN;4;;0;;;inconnu;famille:machine;REF:DCGG571|1X4;référence;1X4;3;;
Électro portatif;jardin;DCM562PB-QW;DEWALT DCM562PB-QW;337,92;pack;;18;AUCUN;;;1;;;inconnu;famille:machine;REF:DCM562|NU;référence;NU;1;;
Électro portatif;vissage-choc;DCF903P2-QW;DEWALT DCF903P2-QW;337,77;pack;visseuse à chocs;;AUCUN;5;;2;;;inconnu;famille:machine;REF:DCF903|2X5;référence;2X5;1;;
Électro portatif;vissage-choc;DCF899HP2-QW;DEWALT DCF899HP2-QW;335,89;pack;visseuse à chocs;;AUCUN;5;;2;;;inconnu;famille:machine;REF:DCF899|2X5;référence;2X5;1;;
Électro portatif;percage;DCD999X1-QW;DEWALT DCD999X1-QW;335,50;pack;perceuse-visseuse;;AUCUN;9;;1;;;inconnu;famille:machine;REF:DCD999|1X9;référence;1X9;1;;
Électro portatif;meulage;DCG426P2-QW;DEWALT DCG426P2-QW;334,90;pack;meuleuse droite;18;AUCUN;5;;2;;;inconnu;famille:machine;REF:DCG426|2X5;référence;2X5;1;;
Électro portatif;percage;DCD777L2T;DEWALT DCD777L2T;332,44;pack;perceuse-visseuse;;TSTAK;3;;2;;;inconnu;famille:machine;REF:DCD777|2X3;référence;2X3;1;;
Électro portatif;percage;DCD991P2;DEWALT DCD991P2;330,76;pack;perceuse-visseuse;;AUCUN;5;;2;;;inconnu;famille:machine;REF:DCD991|2X5;référence;2X5;2;;
Électro portatif;meulage;DCG406P2;DeWalt DCG 406 P2 Meuleuse d'angle sans fil 18 V 125 mm Brushless + 2x batterie 5,0 Ah + chargeur;340,66;pack;meuleuse d'angle;18;AUCUN;5;;2;;;sans-ref;famille:machine;REF:DCG406|2X5.0+CHARGEUR;référence;2X5.0+CHARGEUR;3;;
Électro portatif;;;Câble de Charge Véhicule Électrique DEWALT 22kW, Type 2, 5m TPU, 32A 380V AC;340,65;seul;;;;;;;;;sans-ref;titre;TIT:c ble de charge v hicule lectrique 22kw type 2 5m tpu 32a 380v ac;titre;NU;1;;
Électro portatif;sciage;DCS331M2;Dewalt DCS331M2 Scie Sauteuse + 2 X 4 Ah Batteries + chargeur et Coffret TSTAK;339,52;pack;scie sauteuse;;TSTAK;4;;2;;;sans-ref;famille:machine;REF:DCS331|2X4+CHARGEUR;référence;2X4+CHARGEUR;1;;
Électro portatif;meulage;DCG406M2;DeWalt DCG 406 M2 Meuleuse d'angle sans fil 18 V 125 mm Brushless + 2x batterie 4,0 Ah + chargeur;335,84;pack;meuleuse d'angle;18;AUCUN;4;;2;;;sans-ref;famille:machine;REF:DCG406|2X4.0+CHARGEUR;référence;2X4.0+CHARGEUR;1;;
Électro portatif;chargeur;DCB1104-12;Pack de 12 chargeurs DeWALT DCB1104-12 (DCB1104 - 12V 18V);335,00;pack;chargeur;18;;;;;12;;sans-ref;famille:energie;REF:DCB1104-12|CHARGEUR;référence;CHARGEUR;1;;
Électro portatif;sciage;;Dewalt Scie circulaire plongeante 1300 w dewalt - dws520kt & Raccord de Rails de Guidage - Outillage Électroportatif - A;332,66;seul;scie circulaire;;AUCUN;;;;;;sans-ref;famille:machine;TIT:scie circulaire plongeante 1300 w dws520kt raccord de rails de guidage outillage lectroportatif a;titre;ACCESSOIRE;1;;
Électro portatif;aspiration;DCV501LM2;DeWalt Aspirateur industriel DCV 501 LM2 aspirateur balai batterie 18 V 0,7 l classe poussière L + 2x batterie 4,0 Ah + ;332,38;pack;aspirateur;18;AUCUN;4;;2;;;sans-ref;famille:machine;REF:DCV501|2X4.0;référence;2X4.0;1;;
Électro portatif;fixation;DPN9033;DeWALT DPN9033 — DPN9033;345,63;seul;cloueur;;AUCUN;;;;;;reconnu;famille:machine;REF:DPN9033|NU;référence;NU;2;DPN9033;471,10
Électro portatif;chantier;DCE531N-XJ;DeWALT DCE531N-XJ — Vibrateur à béton DCE531N-XJ;348,99;pack;vibrateur;;AUCUN;;;1;;;reconnu;famille:machine;REF:DCE531|NU;référence;NU;1;DCE531N-XJ;475,32
Électro portatif;sciage;DW333K;DeWALT DW333K — DW333K;348,09;seul;scie sauteuse;;AUCUN;;;;;;reconnu;famille:machine;REF:DW333|NU;référence;NU;1;DW333K;471,82
Électro portatif;combo;DWK211;DeWALT DWK211 — DWK211;347,00;pack;pack d'outils;18;GENERIQUE;2;;2;;;reconnu;famille:machine;REF:DWK211|NU;référence;NU;1;DWK211;460,34
Électro portatif;aspiration;DCV586MN;DeWALT DCV586MN — DCV586MN;346,27;seul;;;AUCUN;;;0;;;reconnu;famille:machine;REF:DCV586|NU;référence;NU;2;DCV586MN;471,97
Électro portatif;meulage;DCG460NK-XJ;DeWALT DCG460NK-XJ — DCG460NK-XJ;345,92;seul;meuleuse d'angle;54;AUCUN;;;;;;reconnu;famille:machine;REF:DCG460|NU;référence;NU;3;DCG460NK-XJ;474,36
Électro portatif;perforation;D25810K;DeWALT D25810K — D25810K;344,94;seul;marteau de démolition;;AUCUN;;;;;;reconnu;famille:machine;REF:D25810|NU;référence;NU;1;D25810K;470,15
Électro portatif;aspiration;DWV901L;DeWALT DWV901L — DWV901L;344,28;seul;aspirateur;;AUCUN;;;;;;reconnu;famille:machine;REF:DWV901|NU;référence;NU;1;DWV901L;468,88
Électro portatif;fixation;DCN681N;DeWALT DCN681N — DCN681N;343,28;seul;cloueur;18;AUCUN;;;0;;;reconnu;famille:machine;REF:DCN681|NU;référence;NU;1;DCN681N;468,23
Électro portatif;vissage-choc;DCF923P2G;DEWALT DCF923P2G;349,00;seul;visseuse à chocs;;AUCUN;5;;;;;inconnu;famille:machine;REF:DCF923|2X5;référence;2X5;1;;
Électro portatif;percage;DCD999T1-QW;DEWALT DCD999T1-QW;347,76;pack;perceuse-visseuse;;AUCUN;6;;1;;;inconnu;famille:machine;REF:DCD999|1X6;référence;1X6;1;;
Électro portatif;sciage;DCS391P2;DEWALT DCS391P2;347,00;pack;scie circulaire;;TSTAK;5;;2;;;inconnu;famille:machine;REF:DCS391|2X5;référence;2X5;1;;
Électro portatif;vissage-choc;DCF892P2T;DEWALT DCF892P2T;346,76;pack;visseuse à chocs;;TSTAK;5;;2;;;inconnu;famille:machine;REF:DCF892|2X5;référence;2X5;1;;
Électro portatif;perforation;DCH133M2;DEWALT DCH133M2;346,27;pack;marteau perforateur;;AUCUN;4;;2;;;inconnu;famille:machine;REF:DCH133|2X4;référence;2X4;1;;
Électro portatif;meulage;DCS438E2T-QW;DEWALT DCS438E2T-QW;346,10;pack;meuleuse d'angle;18;TSTAK;1.7;;2;;;inconnu;famille:machine;REF:DCS438|2X1.7;référence;2X1.7;1;;
Électro portatif;perforation;DCH273M1;DEWALT DCH273M1;345,48;pack;marteau perforateur;;AUCUN;4;;1;;;inconnu;famille:machine;REF:DCH273|1X4;référence;1X4;3;;
Électro portatif;meulage;DCM849P1;DEWALT DCM849P1;345,32;pack;polisseuse;18;AUCUN;5;;1;;;inconnu;famille:machine;REF:DCM849|1X5;référence;1X5;1;;
Électro portatif;meulage;DCG405P3-QW;DEWALT DCG405P3-QW;344,05;pack;meuleuse d'angle;18;AUCUN;5;;3;;;inconnu;famille:machine;REF:DCG405|3X5;référence;3X5;1;;
Électro portatif;percage;DCD996E2;DEWALT DCD996E2;343,47;pack;perceuse-visseuse;;AUCUN;1.7;;2;;;inconnu;famille:machine;REF:DCD996|2X1.7;référence;2X1.7;2;;
Électro portatif;sciage;DCS331M2;DEWALT DCS331M2;343,07;pack;scie sauteuse;;AUCUN;4;;2;;;inconnu;famille:machine;REF:DCS331|2X4;référence;2X4;1;;
Électro portatif;perforation;DCH172P2;DEWALT DCH172P2;342,91;pack;perforateur;;AUCUN;5;;2;;;inconnu;famille:machine;REF:DCH172|2X5;référence;2X5;1;;
Électro portatif;chantier;;Compresseur électrique DeWalt 50L 230V;349,99;seul;compresseur;;AUCUN;;;;;;sans-ref;famille:machine;TIT:compresseur lectrique 50l 230v;titre;NU;1;;
Électro portatif;meulage;DCG406NT-XJ;Meuleuse Ø125 mm DCG406NT-XJ + 2 batteries 18V 5 Ah + 1 chargeur DCB1104-QW DEWALT;349,90;pack;meuleuse;18;TSTAK;5;;2;;;sans-ref;famille:machine;REF:DCG406|1X5+CHARGEUR;référence;1X5+CHARGEUR;1;;
Électro portatif;vissage-choc;DCF899H1-QW;Dewalt DCF899H1-QW Boulonneuse à chocs 18V - 1 x 5,0Ah PowerStack + chargeur en Coffret TSTAK;349,85;pack;clé à chocs;18;TSTAK;5;;1;;;sans-ref;famille:machine;REF:DCF899|1X5.0+CHARGEUR;référence;1X5.0+CHARGEUR;1;;
Électro portatif;batterie;DCB1104;DeWalt Agrafeuse d'Électricien 18V, 2,0Ah, avec Chargeur DCB1104 (DCN701D1-SK);348,00;pack;;18;;2;;;;;sans-ref;famille:energie;REF:DCB1104|1X2.0+CHARGEUR;référence;1X2.0+CHARGEUR;1;;
Électro portatif;sciage;DWS5021;Dewalt Scie circulaire plongeante 1300 w dewalt - dws520kt & Serre-joints pour Rails de Guidage DWS5021, DWS5022, DWS502;347,71;seul;scie circulaire;;AUCUN;;;;;;sans-ref;famille:machine;REF:DWS5021|ACCESSOIRE;référence;ACCESSOIRE;1;;
Électro portatif;vissage-choc;DCF900P1T-QW;Dewalt DCF900P1T-QW Boulonneuse à chocs 18V XR 1/2″ 1396Nm 1 X 5Ah + chargeur en coffret TSTAK;347,53;pack;clé à chocs;18;TSTAK;5;;1;;;sans-ref;famille:machine;REF:DCF900|1X5+CHARGEUR;référence;1X5+CHARGEUR;1;;
Électro portatif;sciage;DCS335M1;DeWalt DCS 335 M1 Scie sauteuse sans fil 18V + 1x Batterie 4,0 Ah + Chargeur rapide + Coffret de transport;347,08;pack;scie sauteuse;18;GENERIQUE;4;;1;;;sans-ref;famille:machine;REF:DCS335|CHARGEUR;référence;CHARGEUR;4;;
Électro portatif;jardin;DCMPH566P1;DeWalt DCMPH 566 P1 Taille-haie sur perche sur batterie 18 V 55 cm + 1x batterie 5,0 Ah + chargeur;346,57;pack;taille-haie;18;AUCUN;5;;1;;;sans-ref;famille:machine;REF:DCMPH566|1X5.0+CHARGEUR;référence;1X5.0+CHARGEUR;1;;
Électro portatif;combo;DCK266P2;DeWALT - Set perceuse à percussion et clé à chocs sans fil 18V, 2 batteries 5,0 Ah XR, chargeur DCK266P2;346,55;pack;pack d'outils;18;AUCUN;5;;2;;;sans-ref;famille:machine;REF:DCK266|CHARGEUR;référence;CHARGEUR;1;;
Électro portatif;perforation;DCH273E1;DeWalt DCH 273 E1 Marteau combiné sans fil 18 V 2,1 J SDS Plus Brushless + 1x batterie Powerstack 1,7 Ah + chargeur;345,88;pack;marteau perforateur;18;AUCUN;1.7;;1;;;sans-ref;famille:machine;REF:DCH273|1X1.7+CHARGEUR;référence;1X1.7+CHARGEUR;1;;
Électro portatif;meulage;DCG426H1;Meuleuse droite sans fil DeWalt DCG 426 H1 18 V Brushless + 1 batterie Powerstack 5,0 Ah + chargeur;343,87;pack;meuleuse droite;18;AUCUN;5;;1;;;sans-ref;famille:machine;REF:DCG426|1X5.0+CHARGEUR;référence;1X5.0+CHARGEUR;1;;
Électro portatif;jardin;DCMCST635N-XJ;DeWALT DCMCST635N-XJ — Tronçonneuse 54V 35 cm DCMCST635N-XJ;359,76;pack;tronçonneuse;54;AUCUN;;;1;;;reconnu;famille:machine;REF:DCMCST635|NU;référence;NU;1;DCMCST635N-XJ;488,56
Électro portatif;perforation;DCH273P1T-QW;DeWALT DCH273P1T-QW — Perforateur burineur SDS-Plus 18V XR (1×5,0 Ah + chargeur + coffret);358,90;pack;perforateur;18;GENERIQUE;5;;1;;;reconnu;famille:machine;REF:DCH273|1X5.0+CHARGEUR;référence;1X5.0+CHARGEUR;2;DCH273P1T-QW;412,73
Électro portatif;fixation;DCN680NT;DeWALT DCN680NT-XJ — Cloueur de finition 18 Ga 18V DCN680NT-XJ;358,75;seul;cloueur;;TSTAK;;;0;;;reconnu;famille:machine;REF:DCN680|NU;référence;NU;1;DCN680NT-XJ;487,19
Électro portatif;fixation;DCN650N-XJ;DeWALT DCN650N-XJ — DCN650N-XJ;357,23;seul;cloueur;;AUCUN;;;0;;;reconnu;famille:machine;REF:DCN650|NU;référence;NU;2;DCN650N-XJ;485,47
Électro portatif;combo;DCK2080P2T;DeWALT DCK2080P2T — DCK2080P2T;356,45;pack;pack d'outils;18;TSTAK;5;;2;;;reconnu;famille:machine;REF:DCK2080|2X5;référence;2X5;1;DCK2080P2T;484,42
Électro portatif;sciage;DWE396;DeWALT DWE396 — DWE396;354,08;seul;scie égoïne;;AUCUN;;;0;;;reconnu;famille:machine;REF:DWE396|NU;référence;NU;1;DWE396;475,36
Électro portatif;percage;D21570K;DeWALT D21570K — D21570K;353,97;seul;carotteuse;;AUCUN;;;;;;reconnu;famille:machine;REF:D21570|NU;référence;NU;1;D21570K;481,34
Électro portatif;sciage;DCS331P2;DEWALT DCS331P2;360,99;pack;scie sauteuse;;AUCUN;5;;2;;;inconnu;famille:machine;REF:DCS331|2X5;référence;2X5;1;;
Électro portatif;jardin;DCMHT573X1;DEWALT DCMHT573X1;360,25;pack;taille-haie;;AUCUN;9;;1;;;inconnu;famille:machine;REF:DCMHT573|1X9;référence;1X9;1;;
Électro portatif;perforation;DCH273P1;DEWALT DCH273P1;359,94;pack;marteau perforateur;;AUCUN;5;;1;;;inconnu;famille:machine;REF:DCH273|1X5;référence;1X5;4;;
Électro portatif;jardin;DCMBA572X1-QW;DEWALT DCMBA572X1-QW;359,00;pack;;54;AUCUN;9;;1;;;inconnu;famille:machine;REF:DCMBA572|1X9;référence;1X9;1;;
Électro portatif;perforation;DCH172M2;DEWALT DCH172M2;354,06;pack;perforateur;;TSTAK;4;;2;;;inconnu;famille:machine;REF:DCH172|2X4;référence;2X4;1;;
Électro portatif;combo;DCK2061P2T;DEWALT DCK2061P2T;354,00;pack;pack d'outils;;TSTAK;5;;2;;;inconnu;famille:machine;REF:DCK2061|2X5;référence;2X5;1;;
Électro portatif;vissage-choc;DCF900P2T;DEWALT DCF900P2T;353,47;pack;visseuse à chocs;;TSTAK;5;;2;;;inconnu;famille:machine;REF:DCF900|2X5;référence;2X5;7;;
Électro portatif;sciage;DCS367P1;DEWALT DCS367P1;352,71;pack;scie sabre;;AUCUN;5;;1;;;inconnu;famille:machine;REF:DCS367|1X5;référence;1X5;3;;
Électro portatif;sciage;DCS570M2;DEWALT DCS570M2;352,47;pack;scie circulaire;;AUCUN;4;;2;;;inconnu;famille:machine;REF:DCS570|2X4;référence;2X4;1;;
Électro portatif;sciage;DCS570P2;DEWALT DCS570P2;351,04;pack;scie circulaire;18;TSTAK;5;;2;;;inconnu;famille:machine;REF:DCS570|2X5;référence;2X5;3;;
Électro portatif;bois;DCS356M2;DeWalt DCS 356 M2 Outil multifonction oscillant sans fil 18V Brushless + 35 pièces d'accessoires + 2x Batteries 4,0 Ah +;360,50;pack;outil multifonctions;18;GENERIQUE;4;;2;;;sans-ref;famille:machine;REF:DCS356|2X4.0;référence;2X4.0;1;;
Électro portatif;sciage;DCS572M1;DeWalt DCS 572 M1 Scie circulaire portative sans fil 18 V 184 mm Brushless + 1x batterie 4,0 Ah + chargeur;359,94;pack;scie circulaire;18;AUCUN;4;;1;;;sans-ref;famille:machine;REF:DCS572|1X4.0+CHARGEUR;référence;1X4.0+CHARGEUR;1;;
Électro portatif;confort;DXF2067;DeWalt Ventilateur de Sol Tambour 110W 50cm (DXF2067);359,90;seul;ventilateur;;AUCUN;;;;;;sans-ref;famille:machine;REF:DXF2067|NU;référence;NU;1;;
Électro portatif;chantier;DCGG581N-XJ;Pompe à graisse 18V DCGG581N-XJ + 1 batterie 18V 5 Ah + 1 chargeur DCB1104-QW DEWALT;359,90;pack;pompe à graisse;18;AUCUN;5;;1;;;sans-ref;famille:machine;REF:DCGG581|1X5+CHARGEUR;référence;1X5+CHARGEUR;2;;
Électro portatif;sciage;DCS570M2-QW;Dewalt DCS570M2-QW Scie circulaire XR Li-Ion 18V Brushless + 2 x 4.0Ah Batteries + Chargeur + Coffret TSTAK;359,74;pack;scie circulaire;18;TSTAK;4;;2;;;sans-ref;famille:machine;REF:DCS570|2X4.0+CHARGEUR;référence;2X4.0+CHARGEUR;2;;
Électro portatif;sciage;DCS331;Dewalt DCS331 P2 Scie Sauteuse + 2 X 5 Ah Batteries + chargeur et Coffret TSTAK;359,25;pack;scie sauteuse;;TSTAK;5;;2;;;sans-ref;famille:machine;REF:DCS331|2X5+CHARGEUR;référence;2X5+CHARGEUR;1;;
Électro portatif;perforation;DCH133M2;DeWalt DCH 133 M2 Marteau combiné sans fil 18V 2,6J SDS plus Brushless + 2x batterie 4,0Ah + chargeur + TSTAK;358,33;pack;marteau perforateur;18;TSTAK;4;;2;;;sans-ref;famille:machine;REF:DCH133|2X4.0+CHARGEUR;référence;2X4.0+CHARGEUR;1;;
Électro portatif;batterie;DCB115;DeWalt DCS 331P2 (2 x 5,0 Ah + DCB115 + TSTAK II);358,00;pack;;18;TSTAK;5;;2;;;sans-ref;famille:energie;REF:DCB115|2X5.0;référence;2X5.0;1;;
Électro portatif;;;DEWALT Dewalt Réservoir d'eau sans fil, 18 Volts, base Quantité:1;356,99;seul;;;;;;;;;sans-ref;titre;TIT:r servoir d eau sans fil 18 volts base quantit 1;titre;NU;1;;
Électro portatif;sciage;DCS334P2;DeWalt DCS 334P2;356,20;seul;scie sauteuse;18;AUCUN;;;;;;sans-ref;famille:machine;REF:DCS334|2X5;référence;2X5;1;;
Électro portatif;chargeur;DCB547;DeWalt Power Set FlexVolt (2x 9.0 Ah + DCB547);355,33;pack;chargeur;;;;;;;;sans-ref;famille:energie;REF:DCB547|2X9.0;référence;2X9.0;1;;
Électro portatif;percage;DCD803M1T-QW;DeWALT DCD803M1T-QW Kit Visseuse/perceuse Sans Fil 18 V XR (1 Batterie 4,0 Ah + Chargeur);354,52;pack;perceuse;18;TSTAK;4;;1;;;sans-ref;famille:machine;REF:DCD803|1X4.0+CHARGEUR;référence;1X4.0+CHARGEUR;1;;
Électro portatif;percage;DCD803NT-XJ;Perceuse-visseuse à têtes multiples 18V DCD803NT-XJ + 1 batterie 18V 5 Ah + 1 chargeur DCB1104-QW DEWALT;353,90;pack;perceuse-visseuse;18;TSTAK;5;;1;;;sans-ref;famille:machine;REF:DCD803|1X5+CHARGEUR;référence;1X5+CHARGEUR;1;;
Électro portatif;perforation;DCH273M1;DeWalt DCH 273 M1 Marteau combiné sans fil 18 V 2,1 J SDS Plus Brushless + 1x batterie 4,0 Ah + chargeur + coffret;353,51;pack;marteau perforateur;18;GENERIQUE;4;;1;;;sans-ref;famille:machine;REF:DCH273|1X4.0+CHARGEUR;référence;1X4.0+CHARGEUR;1;;
Électro portatif;sciage;DCS334M2;DeWalt DCS 334 M2 Scie sauteuse sans fil à mouvement alternatif 18 V Brushless + 2x batterie 4,0 Ah + chargeur;352,47;pack;scie sauteuse;18;AUCUN;4;;2;;;sans-ref;famille:machine;REF:DCS334|2X4.0+CHARGEUR;référence;2X4.0+CHARGEUR;1;;
Électro portatif;jardin;DCM586N;DeWALT DCM586N — DCM586N;369,32;seul;taille-haie;;AUCUN;;;0;;;reconnu;famille:machine;REF:DCM586|NU;référence;NU;1;DCM586N;481,87
Électro portatif;mesure;DCLE34031N-XJ;DeWALT DCLE34031N-XJ — DCLE34031N-XJ;367,63;seul;niveau laser;;AUCUN;;;0;;;reconnu;famille:machine;REF:DCLE34031|NU;référence;NU;2;DCLE34031N-XJ;498,14
Électro portatif;fixation;DPN90C-XJ;DeWALT DPN90C-XJ — DPN90C-XJ;367,16;seul;cloueur;;AUCUN;;;;;;reconnu;famille:machine;REF:DPN90|NU;référence;NU;1;DPN90C-XJ;497,50
Électro portatif;sciage;DCS378;DeWALT DCS378 — DCS378;365,98;seul;scie à ruban;;AUCUN;;;;;;reconnu;famille:machine;REF:DCS378|NU;référence;NU;2;DCS378;486,58
Électro portatif;mesure;DCLE34021D2-QW;DeWALT DCLE34021D2-QW — Laser croix compact faisceau vert XR 18V DCLE34021D2-QW;365,90;pack;niveau laser;18;AUCUN;2;;2;;;reconnu;famille:machine;REF:DCLE34021|2X2+VERT;référence;2X2+VERT;1;DCLE34021D2-QW;397,40
Électro portatif;vissage-choc;DCF899M2;DEWALT DCF899M2;371,99;pack;visseuse à chocs;;AUCUN;4;;2;;;inconnu;famille:machine;REF:DCF899|2X4;référence;2X4;1;;
Électro portatif;combo;DCK2062P2T;DEWALT DCK2062P2T;366,50;pack;pack d'outils;18;TSTAK;5;;2;;;inconnu;famille:machine;REF:DCK2062|2X5;référence;2X5;1;;
Électro portatif;perforation;DCH273E1;DEWALT DCH273E1;363,92;pack;marteau perforateur;;AUCUN;1.7;;1;;;inconnu;famille:machine;REF:DCH273|1X1.7;référence;1X1.7;1;;
Électro portatif;sciage;DCS335M1;DEWALT DCS335M1;362,08;pack;scie sauteuse;18;AUCUN;4;;1;;;inconnu;famille:machine;REF:DCS335|1X4;référence;1X4;1;;
Électro portatif;bois;DCP580P2-QW;DEWALT DCP580P2-QW;362,00;pack;rabot;;AUCUN;5;;2;;;inconnu;famille:machine;REF:DCP580|2X5;référence;2X5;1;;
Électro portatif;vissage-choc;DCF510E2G-QW;DEWALT DCF510E2G-QW;361,90;seul;cliquet;;AUCUN;;;;;;inconnu;famille:machine;REF:DCF510|2X1.7;référence;2X1.7;1;;
Électro portatif;jardin;DCM561PBS;DeWalt DCM 561 PBS 18 V Brushless + 2x 4.0 Ah Batteries + Charger;373,57;pack;débroussailleuse;18;AUCUN;4;;2;;;sans-ref;famille:machine;REF:DCM561|2X4.0+CHARGEUR;référence;2X4.0+CHARGEUR;1;;
Électro portatif;vissage-choc;DCF899P2T;Clé à chocs DeWALT DCF899P2T (2 x 5,0 Ah + DCB107 + TSTAK II);369,00;pack;clé à chocs;;TSTAK;5;;2;;;sans-ref;famille:machine;REF:DCF899|2X5.0;référence;2X5.0;2;;
Électro portatif;perforation;DCH133P2;DeWalt DCH 133 P2 Marteau combiné sans fil 18V 2,6J SDS plus Brushless + 2x batterie 5,0Ah + chargeur + TSTAK;371,18;pack;marteau perforateur;18;TSTAK;5;;2;;;sans-ref;famille:machine;REF:DCH133|2X5.0+CHARGEUR;référence;2X5.0+CHARGEUR;1;;
Électro portatif;meulage;DCG430N-XJ;Meuleuse compacte 76mm XR 18V DCG430N-XJ + 1 batterie 18V 5 Ah + 1 Chargeur DCB1104-QW DEWALT;369,90;pack;meuleuse;18;AUCUN;5;;1;;;sans-ref;famille:machine;REF:DCG430|1X5+CHARGEUR;référence;1X5+CHARGEUR;2;;
Électro portatif;batterie;DCB115;DeWalt DCS 334M2T (2 x 4,0 Ah + DCB115 + TSTAK II);369,00;pack;;18;TSTAK;4;;2;;;sans-ref;famille:energie;REF:DCB115|2X4.0;référence;2X4.0;1;;
Électro portatif;meulage;DCG404NT-XJ;Meuleuse Ø125 mm 18V DCG404NT-XJ + 1 batterie 18V 5 Ah + chargeur DCB1104-QW DEWALT;368,90;pack;meuleuse;18;TSTAK;5;;1;;;sans-ref;famille:machine;REF:DCG404|1X5+CHARGEUR;référence;1X5+CHARGEUR;2;;
Électro portatif;bois;DCP580M2;DeWalt DCP 580 M2 18 V Rabot sans fil 82 mm + Coffret de transport TSTAK VI + 2x Batteries DCB 182 4,0 Ah + Chargeur DCB;362,91;pack;rabot;18;TSTAK;4;;2;;;sans-ref;famille:machine;REF:DCP580|1X4.0+CHARGEUR;référence;1X4.0+CHARGEUR;1;;
Électro portatif;vissage-choc;DCF870P2T-QW;Dewalt DCF870P2T-QW Visseuse à chocs Hydraulique XR 18V 1/4″ Brushless 2 x 5,0Ah Batteries + chargeur en Coffret TSTAK;362,75;pack;visseuse à chocs;18;TSTAK;5;;2;;;sans-ref;famille:machine;REF:DCF870|2X5.0+CHARGEUR;référence;2X5.0+CHARGEUR;1;;
Électro portatif;chantier;;DeWalt DXWDMMA 160 E - Poste à souder Inverter (MMA) - à courant continu (DC) + KIT;362,34;pack;poste à souder;;AUCUN;;;;;;sans-ref;famille:machine;TIT:dxwdmma 160 e poste souder inverter mma courant continu dc kit;titre;NU;1;;
Électro portatif;jardin;DCM565P2-QW;DeWalt Tronçonneuse sans fil DCM565P2-QW (2x batterie 5 Ah + chargeur);362,00;pack;tronçonneuse;18;AUCUN;5;;2;;;sans-ref;famille:machine;REF:DCM565|2X5+CHARGEUR;référence;2X5+CHARGEUR;1;;
Électro portatif;fixation;DPN75C-XJ;DeWALT DPN75C-XJ — DPN75C-XJ;383,80;seul;cloueur;;AUCUN;;;;;;reconnu;famille:machine;REF:DPN75|NU;référence;NU;1;DPN75C-XJ;486,74
Électro portatif;meulage;DCG45MP2T;DeWALT DCG45MP2T — DCG45MP2T;382,76;pack;meuleuse d'angle;18;TSTAK;5;;2;;oui;reconnu;famille:machine;REF:DCG45|2X5;référence;2X5;1;DCG45MP2T;500,96
Électro portatif;;DCF403NT-XJ;DeWALT DCF403NT-XJ — DCF403NT-XJ;382,52;seul;;18;TSTAK;;;0;;;reconnu;famille:machine;REF:DCF403|NU;référence;NU;2;DCF403NT-XJ;516,41
Électro portatif;combo;DEWPDCK266P2;DeWALT DEWPDCK266P2 — DEWPDCK266P2;379,18;pack;pack d'outils;18;AUCUN;5;;2;;;reconnu;famille:machine;REF:DEWPDCK266|2X5;référence;2X5;1;DEWPDCK266P2;512,27
Électro portatif;perforation;DCH333N;DeWALT DCH333N — DCH333N;375,00;seul;marteau perforateur;;AUCUN;;;0;;;reconnu;famille:machine;REF:DCH333|NU;référence;NU;4;DCH333N;507,00
Électro portatif;bois;DCW620NT-XJ;DeWALT DCW620NT-XJ — Défonceuse XR 18V DCW620NT-XJ;374,98;seul;défonceuse;;TSTAK;;;0;;;reconnu;famille:machine;REF:DCW620|NU;référence;NU;6;DCW620NT-XJ;513,66
Électro portatif;jardin;DCMWP134N-XJ;DeWALT DCMWP134N-XJ — DCMWP134N-XJ;374,94;seul;tondeuse;;AUCUN;;;0;;;reconnu;famille:machine;REF:DCMWP134|NU;référence;NU;2;DCMWP134N-XJ;507,29
Électro portatif;mesure;DCLE14251GB-XJ;DeWALT DCLE14251GB-XJ — DCLE14251GB-XJ;374,62;seul;niveau laser;;AUCUN;;;;;;reconnu;famille:machine;REF:DCLE14251|NU;référence;NU;1;DCLE14251GB-XJ;506,99
Électro portatif;;DCF6201;DeWALT DCF6201 — DCF6201;374,39;seul;;;AUCUN;;;;;;reconnu;famille:machine;REF:DCF6201|NU;référence;NU;1;DCF6201;506,54
Électro portatif;jardin;DCMST911N-XJ;DeWALT DCMST911N-XJ — DCMST911N-XJ;374,00;pack;coupe-bordure;;AUCUN;;;1;;;reconnu;famille:machine;REF:DCMST911|NU;référence;NU;1;DCMST911N-XJ;506,03
Électro portatif;vissage-choc;DCF887H2;DEWALT DCF887H2;382,03;pack;visseuse à chocs;;AUCUN;5;;2;;;inconnu;famille:machine;REF:DCF887|2X5;référence;2X5;1;;
Électro portatif;;DCF922NA3;DeWALT - Clé à chocs sans fil 18 V, 1 batterie Li-Ion 5,0 Ah, chargeur DCF922NA3;380,21;pack;;18;AUCUN;5;;1;;;inconnu;famille:machine;REF:DCF922|CHARGEUR;référence;CHARGEUR;1;;
Électro portatif;vissage-choc;DCF860E2T-QW;DEWALT DCF860E2T-QW;379,95;pack;visseuse à chocs;;TSTAK;1.7;;2;;;inconnu;famille:machine;REF:DCF860|2X1.7;référence;2X1.7;1;;
Électro portatif;sciage;DCS335P2;DEWALT DCS335P2;379,90;pack;scie sauteuse;18;AUCUN;5;;2;;;inconnu;famille:machine;REF:DCS335|2X5;référence;2X5;1;;
Électro portatif;sciage;DCS572M1;DEWALT DCS572M1;379,21;pack;;;TSTAK;4;;1;;;inconnu;famille:machine;REF:DCS572|1X4;référence;1X4;1;;
Électro portatif;percage;DCD996P3;DEWALT DCD996P3;379,00;pack;perceuse-visseuse;;AUCUN;5;;3;;;inconnu;famille:machine;REF:DCD996|3X5;référence;3X5;1;;
Électro portatif;sciage;DCS565P2-QW;DEWALT DCS565P2-QW;377,00;pack;scie circulaire;;GENERIQUE;5;;2;;;inconnu;famille:machine;REF:DCS565|2X5;référence;2X5;1;;
Électro portatif;meulage;DCM200E2T-QW;DEWALT DCM200E2T-QW;376,09;pack;lime à bande;18;TSTAK;1.7;;2;;;inconnu;famille:machine;REF:DCM200|2X1.7;référence;2X1.7;1;;
Électro portatif;percage;DCD1007P2T-QW;Dewalt DCD1007P2T-QW Perceuse-visseuse a percussion sans fil 18 V 169Nm XRP - 2X5.0Ah Batteries + chargeur en T-STAK;383,14;pack;perceuse-visseuse;18;TSTAK;5;;2;;;sans-ref;famille:machine;REF:DCD1007|2X5.0+CHARGEUR;référence;2X5.0+CHARGEUR;1;;
Électro portatif;jardin;DCMPH566M2;DeWalt DCMPH 566 M2 Taille-haie télescopique sur batterie 18 V 55 cm + 2x batterie 4,0 Ah + chargeur;382,94;pack;taille-haie;18;AUCUN;4;;2;;;sans-ref;famille:machine;REF:DCMPH566|2X4.0+CHARGEUR;référence;2X4.0+CHARGEUR;1;;
Électro portatif;vissage-choc;DCF860P2T-QW;Dewalt DCF860P2T-QW Visseuse à chocs XR 282Nm 18V 2 x 5.0Ah batteries + chargeur en Coffret TSTAK;381,49;pack;visseuse à chocs;18;TSTAK;5;;2;;;sans-ref;famille:machine;REF:DCF860|2X5.0+CHARGEUR;référence;2X5.0+CHARGEUR;1;;
Électro portatif;combo;DCK2051P2T-QW;DeWalt 18V XR Battery Combo Pack (DCK2051P2T-QW);379,37;pack;pack d'outils;18;TSTAK;5;;2;;;sans-ref;famille:machine;REF:DCK2051|2X5;référence;2X5;2;;
Électro portatif;sciage;DCS334E2;DeWalt DCS 334 E2 Scie sauteuse oscillante sans fil 18 V Brushless + 2x Powerstack batterie 1,7 Ah + chargeur;378,17;pack;scie sauteuse;18;AUCUN;1.7;;2;;;sans-ref;famille:machine;REF:DCS334|2X1.7+CHARGEUR;référence;2X1.7+CHARGEUR;3;;
Électro portatif;meulage;DCG409VSP2-QW;Dewalt DCG409VSP2-QW Meuleuse dangle Accu Flexvolt Advantage 125 mm vitesse variable 18V avec 2 X 5 Ah batterie + charge;376,69;pack;meuleuse;18;TSTAK;5;;2;;;sans-ref;famille:machine;REF:DCG409|2X5;référence;2X5;2;;
Électro portatif;sciage;DCS335P1;DeWalt DCS 335 P1;375,98;seul;scie sauteuse;18;AUCUN;;;;;;sans-ref;famille:machine;REF:DCS335|1X5;référence;1X5;2;;
Électro portatif;meulage;P2LRT;DeWalt DCG 406 P2LRT;375,88;seul;meuleuse d'angle;18;AUCUN;;;;;;sans-ref;famille:machine;REF:P2LRT|NU;référence;NU;1;;
Électro portatif;sciage;DCS334M2;DeWalt DCS 334M2;374,68;seul;scie sauteuse;18;AUCUN;;;;;;sans-ref;famille:machine;REF:DCS334|2X4;référence;2X4;1;;
Électro portatif;jardin;DCMHT567N-XJ;Taille haie 18V 60 cm DCMHT567N-XJ + 2 batteries 18V 5 Ah + 1 chargeur DCB1104-QW DEWALT;373,90;pack;taille-haie;18;AUCUN;5;;2;;;sans-ref;famille:machine;REF:DCMHT567|1X5+CHARGEUR;référence;1X5+CHARGEUR;1;;
Électro portatif;percage;DCD81MP2T;DeWalt McLaren DCD81MP2T;373,67;pack;perceuse-visseuse;18;TSTAK;5;;2;;oui;sans-ref;famille:machine;REF:DCD81|2X5;référence;2X5;1;;
Électro portatif;sciage;DWE397;DeWALT DWE397-QS — Scie Alligator DWE397-QS;398,06;seul;scie égoïne;;AUCUN;;;;;;reconnu;famille:machine;REF:DWE397|NU;référence;NU;1;DWE397-QS;550,08
Électro portatif;vissage-choc;DCF891P2T;"DeWALT DCF891P2T-QW — Boulonneuse à chocs 1/2"" 18V XR 812 Nm (2×5,0 Ah + chargeur + coffret TSTAK)";396,80;pack;visseuse à chocs;;TSTAK;5;;2;;;reconnu;famille:machine;REF:DCF891|2X5.0+CHARGEUR;référence;2X5.0+CHARGEUR;1;DCF891P2T-QW;551,17
Électro portatif;sciage;DWS777;DeWALT DWS777-QS — Scie à onglet radiale Ø216 mm DWS777-QS;393,88;seul;scie à onglet;;AUCUN;;;;;;reconnu;famille:machine;REF:DWS777|NU;référence;NU;3;DWS777-QS;530,56
Électro portatif;confort;DCR017;DeWALT DCR017 — DCR017;392,37;seul;radio de chantier;;AUCUN;;;;;;reconnu;famille:machine;REF:DCR017|NU;référence;NU;1;DCR017;510,20
Électro portatif;fixation;DCN930N-XJ;DeWALT DCN930N — Cloueur de charpente 18V XR Brushless 30° (machine seule);392,10;seul;cloueur;;AUCUN;;;0;;;reconnu;famille:machine;REF:DCN930|NU;référence;NU;7;DCN930N;465,30
Électro portatif;jardin;DCCS1100N;DeWALT DCCS1100N — DCCS1100N;389,83;pack;pulvérisateur;18;AUCUN;;;1;;;reconnu;famille:machine;REF:DCCS1100|NU;référence;NU;1;DCCS1100N;525,49
Électro portatif;mesure;DCE822NG18-XJ;DeWALT DCE822NG18-XJ — DCE822NG18-XJ;389,00;seul;niveau laser;;AUCUN;;;;;;reconnu;famille:machine;REF:DCE822|1X3;référence;1X3;1;DCE822NG18-XJ;506,03
Électro portatif;combo;DWK206;DeWALT DWK206 — DWK206;387,00;pack;pack d'outils;18;TSTAK;2;;2;;;reconnu;famille:machine;REF:DWK206|NU;référence;NU;1;DWK206;509,70
Électro portatif;fixation;DCN662NT-XJ;DeWALT DCN662NT-XJ — DCN662NT-XJ;385,73;seul;cloueur;;TSTAK;;;0;;;reconnu;famille:machine;REF:DCN662|NU;référence;NU;3;DCN662NT-XJ;520,34
Électro portatif;chantier;DXWDMMA200E;DeWALT DXWDMMA200E — DXWDMMA200E;385,08;seul;poste à souder;;AUCUN;;;;;;reconnu;famille:machine;REF:DXWDMMA200|NU;référence;NU;1;DXWDMMA200E;519,47
Électro portatif;meulage;DCG200NT;DeWALT DCG200NT — DCG200NT;384,76;pack;rainureuse;;TSTAK;;;0;;;reconnu;famille:machine;REF:DCG200|NU;référence;NU;1;DCG200NT;495,18
Électro portatif;vissage-choc;PPACK0001;DeWALT PPACK0001 — PowerPack visseuse à chocs et meuleuse d'angle (2x5,0 Ah) - DEWALT PPACK0001;384,46;pack;visseuse à chocs;;AUCUN;5;;2;;;reconnu;famille:machine;REF:PPACK0001|2X5.0;référence;2X5.0;1;PPACK0001;518,64
Électro portatif;meulage;DCG409VST1;DEWALT DCG409VST1;396,81;pack;meuleuse d'angle;18;AUCUN;6;;1;;;inconnu;famille:machine;REF:DCG409|1X6;référence;1X6;2;;
Électro portatif;jardin;DCM571X1;DEWALT DCM571X1;394,38;pack;débroussailleuse;;AUCUN;9;;1;;;inconnu;famille:machine;REF:DCM571|1X9;référence;1X9;1;;
Électro portatif;mesure;DCE089D1R;DEWALT DCE089D1R;394,33;seul;niveau laser;;AUCUN;;;;;;inconnu;famille:machine;REF:DCE089|1X2;référence;1X2;3;;
Électro portatif;meulage;DCM848P2;DEWALT DCM848P2;393,90;pack;polisseuse;;AUCUN;5;;2;;;inconnu;famille:machine;REF:DCM848|2X5;référence;2X5;1;;
Électro portatif;meulage;DCG407M2T;DEWALT DCG407M2T;392,33;pack;meuleuse d'angle;18;TSTAK;4;;2;;;inconnu;famille:machine;REF:DCG407|2X4;référence;2X4;1;;
Électro portatif;fixation;DCE581N-XJ;Pistolet à mastic XR 18V - tube long et support cartouche DCE581N-XJ;392,00;seul;pistolet à mastic;18;AUCUN;;;0;;;inconnu;famille:machine;REF:DCE581|ACCESSOIRE;référence;ACCESSOIRE;1;;
Électro portatif;sciage;DCS565T1;DEWALT DCS565T1;391,00;pack;scie circulaire;54;AUCUN;6;;1;;;inconnu;famille:machine;REF:DCS565|1X6;référence;1X6;1;;
Électro portatif;;DCE581D1;DEWALT DCE581D1;389,71;pack;;;AUCUN;2;;1;;;inconnu;famille:machine;REF:DCE581|1X2;référence;1X2;1;;
Électro portatif;perforation;DCH263P2;DEWALT DCH263P2;388,42;pack;perforateur;;AUCUN;5;;2;;;inconnu;famille:machine;REF:DCH263|2X5;référence;2X5;1;;
Électro portatif;perforation;DCH273P2;DEWALT DCH273P2;387,42;pack;marteau perforateur;;AUCUN;5;;2;;;inconnu;famille:machine;REF:DCH273|2X5;référence;2X5;5;;
Électro portatif;vissage-choc;DCF921P2LRT;DEWALT Clé à chocs sans fil 1/2'', 2 batteries 5,0 Ah Lanyard Ready, chargeur DCF921P2LRT;387,48;pack;clé à chocs;;AUCUN;5;;2;;;inconnu;famille:machine;REF:DCF921|CHARGEUR;référence;CHARGEUR;1;;
Électro portatif;jardin;DCMHT567P2-SK;DEWALT DCMHT567P2-SK;386,00;pack;taille-haie;18;AUCUN;5;;2;;;inconnu;famille:machine;REF:DCMHT567|2X5;référence;2X5;1;;
Électro portatif;fixation;DCN701D2-SK;DEWALT DCN701D2-SK;385,00;pack;agrafeuse;18;AUCUN;2;;2;;;inconnu;famille:machine;REF:DCN701|2X2;référence;2X2;2;;
Électro portatif;jardin;DCMBL777X1-QW;DEWALT DCMBL777X1-QW;384,20;pack;;;AUCUN;9;;1;;;inconnu;famille:machine;REF:DCMBL777|1X9;référence;1X9;1;;
Électro portatif;sciage;DCS572P1;DEWALT DCS572P1;384,03;pack;;;TSTAK;5;;1;;;inconnu;famille:machine;REF:DCS572|1X5;référence;1X5;1;;
Électro portatif;sciage;DCS572P1-QW;Dewalt DCS572P1-QW Scie circulaire XR 18V 184 mm - 1 X 5.0 Ah batterie + chargeur en coffret;384,61;pack;scie circulaire;18;GENERIQUE;5;;1;;;sans-ref;famille:machine;REF:DCS572|1X5.0+CHARGEUR;référence;1X5.0+CHARGEUR;3;;
Électro portatif;jardin;DCM561PBS;DeWalt DCM 561 PBS 18V Brushless + 2x 5.0 Ah Batteries + Charger;394,48;pack;débroussailleuse;18;AUCUN;5;;2;;;sans-ref;famille:machine;REF:DCM561|2X5.0+CHARGEUR;référence;2X5.0+CHARGEUR;1;;
Électro portatif;percage;DCD999NT-XJ;Perceuse-visseuse à percussion 18V DCD999NT-XJ + 1 batterie 18/54 V 6/2 Ah + 1 Chargeur DCB118-QW DEWALT;393,90;pack;perceuse-visseuse;54;TSTAK;2;;1;;;sans-ref;famille:machine;REF:DCD999|1X2+CHARGEUR;référence;1X2+CHARGEUR;2;;
Électro portatif;sciage;DCS335H1;DeWalt DCS 335 H1 Scie sauteuse sans fil 18 V 135 mm Brushless + 1x batterie Powerstack 5,0 Ah + chargeur;392,07;pack;scie sauteuse;18;AUCUN;5;;1;;;sans-ref;famille:machine;REF:DCS335|1X5.0+CHARGEUR;référence;1X5.0+CHARGEUR;1;;
Électro portatif;sciage;DCS334P2;DeWalt DCS 334P2 (2 x 5,0 Ah);391,77;pack;scie sauteuse;18;AUCUN;5;;2;;;sans-ref;famille:machine;REF:DCS334|2X5.0;référence;2X5.0;1;;
Électro portatif;jardin;DCM575N;DeWalt Tronçonneuse sans fil DCM575N;390,44;pack;tronçonneuse;54;AUCUN;;;1;;;sans-ref;famille:machine;REF:DCM575|NU;référence;NU;1;;
Électro portatif;sciage;DCS367NT-XJ;Scie sabre XR 18V DCS367NT-XJ + 2 batteries 18V 5 Ah + 1 chargeur DCB1104-QW DEWALT;389,90;pack;scie sabre;18;TSTAK;5;;2;;;sans-ref;famille:machine;REF:DCS367|1X5+CHARGEUR;référence;1X5+CHARGEUR;1;;
Électro portatif;batterie;;Dewalt pack 2 batteries et chargeur XR Flexvolt;388,95;pack;batterie;;;;;2;;;sans-ref;famille:energie;TIT:pack 2 batteries et chargeur xr flexvolt;titre;CHARGEUR;1;;
Électro portatif;vissage-choc;DCF922P2T;Clé à chocs DeWALT DCF922P2T (2 x 5,0 Ah + DCB115 + TSTAK II);387,73;pack;clé à chocs;;TSTAK;5;;2;;;sans-ref;famille:machine;REF:DCF922|2X5.0;référence;2X5.0;1;;
Électro portatif;combo;DWK212;DeWALT DWK212 — DWK212;414,00;pack;pack d'outils;18;TSTAK;2;;2;;;reconnu;famille:machine;REF:DWK212|NU;référence;NU;1;DWK212;541,63
Électro portatif;jardin;DCMPS635N;DeWALT DCMPS635N-XJ — DCMPS635N-XJ;414,00;pack;tronçonneuse;54;AUCUN;;;0;;;reconnu;famille:machine;REF:DCMPS635|NU;référence;NU;2;DCMPS635N-XJ;555,18
Électro portatif;mesure;DCE089NG18;DeWALT DCE089NG18-XJ — Laser 3 lignes vert 12V/18V DCE089NG18-XJ;413,76;seul;niveau laser;;AUCUN;;;;;;reconnu;famille:machine;REF:DCE089|1X3+VERT;référence;1X3+VERT;1;DCE089NG18-XJ;554,86
Électro portatif;bois;DCE800N-XJ;DeWALT DCE800N-XJ — DCE800N-XJ;412,72;seul;ponceuse;18;AUCUN;;;0;;;reconnu;famille:machine;REF:DCE800|NU;référence;NU;3;DCE800N-XJ;553,45
Électro portatif;perforation;D25481K-QS;DeWALT D25481K-QS — D25481K-QS;409,09;seul;marteau perforateur;;AUCUN;;;;;;reconnu;famille:machine;REF:D25481|NU;référence;NU;1;D25481K-QS;549,00
Électro portatif;;DCE085D1G;DeWALT DCE085D1G — DCE085D1G;408,53;pack;;;AUCUN;;;1;;;reconnu;famille:machine;REF:DCE085|1X2;référence;1X2;1;DCE085D1G;529,68
Électro portatif;combo;DWK201;DeWALT DWK201 — DWK201;407,00;pack;pack d'outils;18;TSTAK;2;;2;;;reconnu;famille:machine;REF:DWK201|NU;référence;NU;1;DWK201;528,02
Électro portatif;combo;DCK2050E2T;DeWALT DCK2050E2T — DCK2050E2T;404,62;pack;pack d'outils;18;TSTAK;1.7;;2;;;reconnu;famille:machine;REF:DCK2050|2X1.7;référence;2X1.7;1;DCK2050E2T;481,79
Électro portatif;combo;DWK208;DeWALT DWK208 — DWK208;403,00;pack;pack d'outils;18;TSTAK;5;;2;;;reconnu;famille:machine;REF:DWK208|NU;référence;NU;1;DWK208;523,02
Électro portatif;perforation;D25430K;DeWALT D25430K — D25430K;399,99;seul;perforateur;;AUCUN;;;;;;reconnu;famille:machine;REF:D25430|NU;référence;NU;1;D25430K;519,35
Électro portatif;jardin;DCMWSP156N-XJ;DeWALT DCMWSP156N-XJ — Tondeuse 2 x 18V DCMWSP156N-XJ;399,90;pack;tondeuse;;AUCUN;;;1;;;reconnu;famille:machine;REF:DCMWSP156|NU;référence;NU;2;DCMWSP156N-XJ;619,34
Électro portatif;;DCE6820N-XJ;DeWALT DCE6820N-XJ — DCE6820N-XJ 1 pc(s);398,98;seul;;;AUCUN;;;0;;;reconnu;famille:machine;REF:DCE6820|NU;référence;NU;6;DCE6820N-XJ;536,63
Électro portatif;chantier;DCGG581P1G-QW;DEWALT Pompe à graisse double vitesse XR 18V 5Ah - DCGG581P1G-QW;414,90;seul;pompe à graisse;18;AUCUN;5;;;;;inconnu;famille:machine;REF:DCGG581|1X5;référence;1X5;6;;
Électro portatif;batterie;DCB118X3-QW;DEWALT DCB118X3-QW;414,00;pack;batterie;;;9;;1;;;inconnu;famille:energie;REF:DCB118|3X9;référence;3X9;1;;
Électro portatif;jardin;DCMAS5713X1-QW;DEWALT DCMAS5713X1-QW;413,84;pack;coupe-bordure;;AUCUN;9;;1;;;inconnu;famille:machine;REF:DCMAS5713|1X9;référence;1X9;1;;
Électro portatif;meulage;DCM849E2;DEWALT DCM849E2;408,69;pack;polisseuse;;AUCUN;1.7;;2;;;inconnu;famille:machine;REF:DCM849|2X1.7;référence;2X1.7;1;;
Électro portatif;percage;DCD1007WW1T;DEWALT DCD1007WW1T;407,41;seul;perceuse-visseuse;;AUCUN;;;;;;inconnu;famille:machine;REF:DCD1007|1X8;référence;1X8;1;;
Électro portatif;combo;DCK2051E2T-QW;DEWALT DCK2051E2T-QW;405,85;pack;pack d'outils;18;TSTAK;1.7;;2;;;inconnu;famille:machine;REF:DCK2051|2X1.7;référence;2X1.7;1;;
Électro portatif;jardin;DCMPS567P2;DEWALT DCMPS567P2;404,00;pack;élagueuse sur perche;18;AUCUN;5;;2;;;inconnu;famille:machine;REF:DCMPS567|2X5;référence;2X5;1;;
Électro portatif;chargeur;DCB118Y2T-QW;DEWALT DCB118Y2T-QW;404,00;pack;chargeur;;TSTAK;;;;;;inconnu;famille:energie;REF:DCB118|2X12;référence;2X12;1;;
Électro portatif;perforation;DCH273M2;DEWALT DCH273M2;403,31;pack;marteau perforateur;;AUCUN;4;;2;;;inconnu;famille:machine;REF:DCH273|2X4;référence;2X4;1;;
Électro portatif;perforation;DCH253M2;DEWALT DCH253M2;402,99;pack;marteau perforateur;;AUCUN;4;;2;;;inconnu;famille:machine;REF:DCH253|2X4;référence;2X4;1;;
Électro portatif;vissage-choc;DCF891P2G;DEWALT DCF891P2G;399,99;seul;visseuse à chocs;;AUCUN;5;;;;;inconnu;famille:machine;REF:DCF891|2X5;référence;2X5;4;;
Électro portatif;;DCE580D1-QW;DEWALT DCE580D1-QW;399,00;pack;;18;AUCUN;2;;1;;;inconnu;famille:machine;REF:DCE580|1X2;référence;1X2;1;;
Électro portatif;sciage;DCS367P2-XJ;DEWALT DCS367P2-XJ;399,00;pack;scie sabre;;AUCUN;5;;2;;;inconnu;famille:machine;REF:DCS367|2X5;référence;2X5;4;;
Électro portatif;sciage;DCS571P2-QW;DEWALT DCS571P2-QW;398,14;pack;scie circulaire;;AUCUN;5;;2;;;inconnu;famille:machine;REF:DCS571|2X5;référence;2X5;1;;
Électro portatif;aspiration;DCE590N;Aspirateur sans fil DeWalt DCE 590 N 18 V 120 kg + 1 batterie 5,0 Ah - sans chargeur;411,58;pack;aspirateur;18;AUCUN;5;;1;;;sans-ref;famille:machine;REF:DCE590|1X5.0;référence;1X5.0;1;;
Électro portatif;jardin;DCMCST632N-XJ;DeWalt Tronçonneuse à Batterie Top-Handle 30cm, 54V (DCMCST632N-XJ);409,90;seul;tronçonneuse;54;AUCUN;;;0;;;sans-ref;famille:machine;REF:DCMCST632|NU;référence;NU;1;;
Électro portatif;vissage-choc;DCF961NT;DeWalt DCF 961 NT Clé à choc 18 V 1632 Nm 1/2'' Brushless + 1x batterie 5,0 Ah + TSTAK - sans chargeur;408,69;pack;clé à chocs;18;TSTAK;5;;1;;;sans-ref;famille:machine;REF:DCF961|1X5.0;référence;1X5.0;2;;
Électro portatif;combo;DCD791/DCG405;Pack 2 outils 18 V XR (DCD791/DCG405) + 25 disques à tronçonner (DT43906) + 2 batteries 5.0 Ah + chargeur + TSTAK DEWALT;404,80;pack;pack d'outils;18;TSTAK;5;2;2;25;;sans-ref;famille:machine;REF:DCD791|1X5.0+CHARGEUR;référence;1X5.0+CHARGEUR;2;;
Électro portatif;vissage-choc;DCF961NT;DeWalt DCF 961 NT Clé à choc 18 V 1632 Nm 1/2'' Brushless + 1x batterie 4,0 Ah + TSTAK - sans chargeur;403,87;pack;clé à chocs;18;TSTAK;4;;1;;;sans-ref;famille:machine;REF:DCF961|1X4.0;référence;1X4.0;1;;
Électro portatif;percage;DCF620P3T;Visseuse rapide DeWALT DCF620P3T (3 x 5,0Ah + DCB115 + TSTAK II);403,00;pack;visseuse;;TSTAK;5;;3;;;sans-ref;famille:machine;REF:DCF620|3X5.0;référence;3X5.0;1;;
Électro portatif;chantier;XR18V;DEWALT - Pompe A Graisse Electrique Sur Batterie XR 18V 4Ah Li-Ion - Sans Fil - Pompe Graisse Avec Batterie Incluse & KS;402,94;pack;pompe à graisse;18;AUCUN;4;;1;;;sans-ref;famille:machine;REF:XR18|1X4;référence;1X4;1;;
Électro portatif;combo;DCK2026P2T-QW;DeWalt 18V Combo Kit + 2 x 5.0Ah (DCK2026P2T-QW);400,87;pack;pack d'outils;18;TSTAK;5;;2;;;sans-ref;famille:machine;REF:DCK2026|2X5.0;référence;2X5.0;1;;
Électro portatif;percage;DCD470N;DeWalt Battery-powered angle drill DCD470N;399,99;seul;perceuse d'angle;;AUCUN;;;0;;;sans-ref;famille:machine;REF:DCD470|NU;référence;NU;1;;
Électro portatif;combo;DCK2222MP2T-QW;DeWalt McLaren 18V Kombopack DCK2222MP2T-QW;398,48;pack;pack d'outils;18;TSTAK;5;;2;;oui;sans-ref;famille:machine;REF:DCK2222|2X5;référence;2X5;1;;
Électro portatif;combo;DWK204;DeWALT DWK204 — DWK204;429,00;pack;pack d'outils;18;TSTAK;2;;2;;;reconnu;famille:machine;REF:DWK204|NU;référence;NU;1;DWK204;555,18
Électro portatif;combo;DWK209;DeWALT DWK209 — DWK209;429,00;pack;pack d'outils;18;TSTAK;2;;2;;;reconnu;famille:machine;REF:DWK209|NU;référence;NU;1;DWK209;555,18
Électro portatif;sciage;DWE398;DeWALT DWE398 — DWE398;426,86;seul;scie égoïne;;AUCUN;;;;;;reconnu;famille:machine;REF:DWE398|NU;référence;NU;1;DWE398;571,14
Électro portatif;combo;DWK200;DeWALT DWK200 — DWK200;425,00;pack;pack d'outils;18;TSTAK;2;;2;;;reconnu;famille:machine;REF:DWK200|NU;référence;NU;1;DWK200;550,22
Électro portatif;vissage-choc;DCF894;"DeWALT DCF894N-XJ — Clé à Chocs Compacte 1/2"" XR 18V sans Batterie ni Chargeur DCF894N-XJ";424,50;seul;visseuse à chocs;;AUCUN;;;;;;reconnu;famille:machine;REF:DCF894|NU;référence;NU;5;DCF894N-XJ;339,86
Électro portatif;batterie;4250887742883;DeWALT 4250887742883 — 4250887742883;424,20;pack;batterie;18;;6;;4250887742883;;;reconnu;famille:energie;REF:4250887742883|NU;référence;NU;1;4250887742883;567,58
Électro portatif;jardin;DCMBC812N-XJ;DeWALT DCMBC812N-XJ — DCMBC812N-XJ;424,00;pack;débroussailleuse;;AUCUN;;;1;;;reconnu;famille:machine;REF:DCMBC812|NU;référence;NU;1;DCMBC812N-XJ;567,31
Électro portatif;sciage;DCS365N;DeWALT DCS365N — DCS365N;423,99;seul;scie;;AUCUN;;;0;;;reconnu;famille:machine;REF:DCS365|NU;référence;NU;2;DCS365N;601,74
Électro portatif;percage;WDCK796D2KX-QW;DeWALT WDCK796D2KX-QW — WDCK796D2KX-QW;423,14;seul;perceuse-visseuse;;AUCUN;;;;;;reconnu;famille:machine;REF:WDCK796|2X2;référence;2X2;1;WDCK796D2KX-QW;566,58
Électro portatif;combo;DCK2102L2T-QW;DeWALT DCK2102L2T-QW — DCK2102L2T-QW;421,99;pack;pack d'outils;12;TSTAK;3;;2;;;reconnu;famille:machine;REF:DCK2102|2X3;référence;2X3;1;DCK2102L2T-QW;565,04
Électro portatif;jardin;DCMST922N-XJ;DeWALT DCMST922N-XJ — Débroussailleuse 54V DCMST922N-XJ DEWALT;419,90;seul;débroussailleuse;54;AUCUN;;;0;;;reconnu;famille:machine;REF:DCMST922|NU;référence;NU;5;DCMST922N-XJ;562,25
Électro portatif;bois;DWE625-QS;DeWALT DWE625KT-QS — Défonceuse 2300 W 12 mm DWE625KT-QS;418,38;seul;affleureuse;;AUCUN;;;;;;reconnu;famille:machine;REF:DWE625|NU;référence;NU;4;DWE625KT-QS;575,08
Électro portatif;sciage;DWE399-QS;DeWALT DWE399-QS — DWE399-QS;417,00;seul;scie sabre;;AUCUN;;;;;;reconnu;famille:machine;REF:DWE399|NU;référence;NU;1;DWE399-QS;558,78
Électro portatif;sciage;DCS397N;DeWALT DCS397N — DCS397N;416,09;seul;scie sabre;54;AUCUN;;;0;;;reconnu;famille:machine;REF:DCS397|NU;référence;NU;1;DCS397N;557,56
Électro portatif;mesure;DCE825D1G18-QW;DEWALT DCE825D1G18-QW;429,00;seul;niveau laser;;AUCUN;;;;;;inconnu;famille:machine;REF:DCE825|1X2_1X3;référence;1X2_1X3;1;;
Électro portatif;meulage;DCG418T2;DEWALT DCG418T2;426,23;pack;meuleuse d'angle;54;AUCUN;6;;2;;;inconnu;famille:machine;REF:DCG418|2X6;référence;2X6;2;;
Électro portatif;combo;DCK266P3T;DEWALT DCK266P3T;419,75;pack;pack d'outils;18;TSTAK;5;;3;;;inconnu;famille:machine;REF:DCK266|3X5;référence;3X5;2;;
Électro portatif;vissage-choc;DCF894P2T-15;DEWALT DCF894P2T-15;424,50;pack;visseuse à chocs;;GENERIQUE;5;;2;;;inconnu;famille:machine;REF:DCF894|2X5;référence;2X5;1;;
Électro portatif;batterie;DCB118T3-QW;DEWALT DCB118T3-QW;424,20;pack;batterie;;;6;;1;;;inconnu;famille:energie;REF:DCB118|3X6;référence;3X6;1;;
Électro portatif;sciage;DCS335M2;DEWALT DCS335M2;423,13;pack;scie sauteuse;18;AUCUN;4;;2;;;inconnu;famille:machine;REF:DCS335|2X4;référence;2X4;1;;
Électro portatif;jardin;DCM572X1-QW;DEWALT DCM572X1-QW;422,36;pack;;54;AUCUN;9;;1;;;inconnu;famille:machine;REF:DCM572|1X9;référence;1X9;2;;
Électro portatif;percage;DCD795P2;DEWALT DCD795P2;421,89;pack;perceuse-visseuse;;AUCUN;5;;2;;;inconnu;famille:machine;REF:DCD795|2X5;référence;2X5;1;;
Électro portatif;vissage-choc;DCF921P2LRT-QW;DeWALT DCF921P2LRT-QW Visseuse À Chocs Compacte À Batterie Li-ion 18 V (2 Batteries 5,0 Ah) Dans Un Coffret TSTAK - 406 Nm - 1/2'';419,69;pack;visseuse à chocs;18;TSTAK;5;;2;;;inconnu;famille:machine;REF:DCF921|1X5.0;référence;1X5.0;1;;
Électro portatif;meulage;DCGG571E1K;DEWALT DCGG571E1K;417,48;pack;;18;AUCUN;;;1;;;inconnu;famille:machine;REF:DCGG571|1X1.7;référence;1X1.7;1;;
Électro portatif;vissage-choc;DCF900H1T-QW;Dewalt DCF900H1T-QW Boulonneuse à chocs 18V XR 1/2 1396Nm 1X5Ah POWERSTACK en coffret TSTAK;415,29;pack;clé à chocs;18;TSTAK;5;;1;;;inconnu;famille:machine;REF:DCF900|1X5;référence;1X5;2;;
Électro portatif;perforation;DCH273E2;DeWalt DCH 273 E2 Marteau combiné sans fil 18 V 2,1 J SDS Plus Brushless + 2x Powerstack batterie 1,7 Ah + chargeur;423,79;pack;marteau perforateur;18;AUCUN;1.7;;2;;;sans-ref;famille:machine;REF:DCH273|2X1.7+CHARGEUR;référence;2X1.7+CHARGEUR;1;;
Électro portatif;aspiration;DCE590N;Aspirateur sans fil DeWalt DCE 590 N 18 V 120 kg + 1 batterie 4,0 Ah - sans chargeur;422,59;pack;aspirateur;18;AUCUN;4;;1;;;sans-ref;famille:machine;REF:DCE590|1X4.0;référence;1X4.0;1;;
Électro portatif;sciage;DCS335P2;DeWalt DCS 335 P2 Scie sauteuse sans fil 18 V 135 mm Brushless + 2x batterie 5,0 Ah + chargeur;422,38;pack;scie sauteuse;18;AUCUN;5;;2;;;sans-ref;famille:machine;REF:DCS335|2X5.0+CHARGEUR;référence;2X5.0+CHARGEUR;1;;
Électro portatif;jardin;DCMPH566P2;DeWalt DCMPH 566 P2 taille-haies perche batterie 18 V 55 cm + 2x batterie 5,0 Ah + chargeur;420,32;pack;taille-haie;18;AUCUN;5;;2;;;sans-ref;famille:machine;REF:DCMPH566|2X5.0+CHARGEUR;référence;2X5.0+CHARGEUR;1;;
Électro portatif;mesure;;DeWalt - Laser Multilignes 3x360° 12V Li-Ion 2Ah - Niveau Laser Autonivelant 4° sans Fil avec Faisceaux Verts - Précisio;419,83;pack;niveau laser;12;AUCUN;2;;;;;sans-ref;famille:machine;TIT:laser multilignes 3x360 12v li ion 2ah niveau laser autonivelant 4 sans fil avec faisceaux verts pr cisio;titre;1X2;1;;
Électro portatif;meulage;DCM849H1;DeWalt DCM 849 H1 Polisseuse excentrique sans fil 18 V 180 mm Brushless + 1x Powerstack batterie 5,0 Ah + chargeur;418,33;pack;polisseuse;18;AUCUN;5;;1;;;sans-ref;famille:machine;REF:DCM849|1X5.0+CHARGEUR;référence;1X5.0+CHARGEUR;2;;
Électro portatif;meulage;DCM849P2;DeWalt DCM 849 P2 Polisseuse excentrique sans fil 18 V 180 mm Brushless + 2x batterie 5,0 Ah + chargeur;418,03;pack;polisseuse;18;AUCUN;5;;2;;;sans-ref;famille:machine;REF:DCM849|2X5.0+CHARGEUR;référence;2X5.0+CHARGEUR;2;;
Électro portatif;percage;;SDS-Max Tarière Ø55x550mm;415,97;seul;tarière;;AUCUN;;;;;;sans-ref;famille:machine;TIT:sds max tari re 55x550mm;titre;NU;1;;
Électro portatif;fixation;DCE581P1K;DeWalt DCE 581 P1K Pistolet à cartouche sans fil 18 V 310 ml + 1x batterie 5,0 Ah + chargeur + coffret;415,21;pack;pistolet à mastic;18;GENERIQUE;5;;1;;;sans-ref;famille:machine;REF:DCE581|CHARGEUR;référence;CHARGEUR;2;;
Électro portatif;combo;DWK205;DeWALT DWK205 — DWK205;447,00;pack;pack d'outils;18;TSTAK;2;;2;;;reconnu;famille:machine;REF:DWK205|NU;référence;NU;1;DWK205;577,15
Électro portatif;bois;DWE627KT-QS;DeWALT DWE627KT-QS — DWE627KT-QS;446,30;seul;défonceuse;;AUCUN;;;;;;reconnu;famille:machine;REF:DWE627|NU;référence;NU;1;DWE627KT-QS;594,91
Électro portatif;perforation;D25334K-QS;DeWALT D25334K-QS — D25334K-QS;444,95;seul;marteau perforateur;;AUCUN;;;;;;reconnu;famille:machine;REF:D25334|NU;référence;NU;1;D25334K-QS;593,12
Électro portatif;combo;DWK207;DeWALT DWK207 — DWK207;440,00;pack;pack d'outils;18;TSTAK;2;;2;;;reconnu;famille:machine;REF:DWK207|NU;référence;NU;1;DWK207;568,66
Électro portatif;fixation;DCN682;DeWALT DCN682N — DCN682N;439,00;seul;agrafeuse;;AUCUN;;;;;;reconnu;famille:machine;REF:DCN682|NU;référence;NU;2;DCN682N;567,31
Électro portatif;fixation;DEWDCN680N;DeWALT DEWDCN680N — DEWDCN680N;438,84;seul;cloueur;;AUCUN;;;0;;;reconnu;famille:machine;REF:DEWDCN680|NU;référence;NU;1;DEWDCN680N;589,94
Électro portatif;perforation;DCH416NT-XJ;DeWALT DCH416NT-XJ — DCH416NT-XJ;438,65;pack;marteau perforateur;;TSTAK;;;1;;;reconnu;famille:machine;REF:DCH416|NU;référence;NU;1;DCH416NT-XJ;585,60
Électro portatif;batterie;DCB118Y2-QW;DeWALT DCB118Y2-QW — Pack énergie 54V/18V FLEXVOLT (2x12,0 Ah) + chargeur rapide DCB118;437,16;pack;batterie;54;;12;;1;;;reconnu;famille:energie;REF:DCB118|2X12.0+CHARGEUR;référence;2X12.0+CHARGEUR;1;DCB118Y2-QW;607,21
Électro portatif;sciage;DCS777N;DeWALT DCS777N — DCS777N;432,32;seul;scie circulaire;;AUCUN;;;0;;;reconnu;famille:machine;REF:DCS777|NU;référence;NU;1;DCS777N;577,58
Électro portatif;percage;DCD792P2B;DEWALT DCD792P2B;449,45;seul;perceuse-visseuse;;AUCUN;;;;;;inconnu;famille:machine;REF:DCD792|2X5;référence;2X5;1;;
Électro portatif;sciage;DCS572P2-QW;DEWALT DCS572P2-QW;433,20;pack;scie circulaire;;AUCUN;5;;2;;;inconnu;famille:machine;REF:DCS572|2X5;référence;2X5;3;;
Électro portatif;sciage;DCS380M2;DEWALT DCS380M2;445,74;pack;scie sabre;18;AUCUN;4;;2;;;inconnu;famille:machine;REF:DCS380|2X4;référence;2X4;1;;
Électro portatif;perforation;DCH273E2;DEWALT DCH273E2;444,84;pack;marteau perforateur;;AUCUN;1.7;;2;;;inconnu;famille:machine;REF:DCH273|2X1.7;référence;2X1.7;1;;
Électro portatif;perforation;DCH274P1T;DEWALT DCH274P1T;443,00;pack;marteau perforateur;;TSTAK;5;;1;;;inconnu;famille:machine;REF:DCH274|1X5;référence;1X5;1;;
Électro portatif;combo;DCK2050H2T-QW;DEWALT DCK2050H2T-QW;442,08;pack;pack d'outils;18;TSTAK;5;;2;;;inconnu;famille:machine;REF:DCK2050|2X5;référence;2X5;1;;
Électro portatif;mesure;DCLE34031D1-QW;DEWALT DCLE34031D1-QW;441,58;pack;niveau laser;;AUCUN;2;;1;;;inconnu;famille:machine;REF:DCLE34031|1X2;référence;1X2;1;;
Électro portatif;fixation;DCN660D1-QW;Dewalt DCN660D1-QW Cloueur de finition à batterie 16Ga XR 18V 1X2.0Ah Li-Ion chargeur en coffret;439,81;pack;cloueur de finition;18;GENERIQUE;2;;1;;;inconnu;famille:machine;REF:DCN660|1X2.0+CHARGEUR;référence;1X2.0+CHARGEUR;1;;
Électro portatif;sciage;DCS572M2;DEWALT DCS572M2;437,05;pack;;;TSTAK;4;;2;;;inconnu;famille:machine;REF:DCS572|2X4;référence;2X4;1;;
Électro portatif;perforation;DCH253P2;DEWALT DCH253P2;436,00;pack;marteau perforateur;18;AUCUN;5;;2;;;inconnu;famille:machine;REF:DCH253|2X5;référence;2X5;1;;
Électro portatif;bois;DCW220P2;DEWALT DCW220P2;433,32;pack;;18;AUCUN;5;;2;;;inconnu;famille:machine;REF:DCW220|2X5;référence;2X5;1;;
Électro portatif;sciage;DCS367P2-QW;DeWALT DCS367P2-QW Kit De Scie Sabre Sans Fil Li-ion XR 18 V (2 Batteries 5,0 Ah) Dans Un Coffret TSTAK - Sans Balais;446,27;pack;scie sabre;18;TSTAK;5;;2;;;sans-ref;famille:machine;REF:DCS367|1X5.0;référence;1X5.0;2;;
Électro portatif;vissage-choc;DCF99MP2T;DeWalt McLaren F1 Team DCF99MP2T 2x 5,0 Ah + Ladegerät;446,24;pack;visseuse à chocs;;TSTAK;5;;2;;oui;sans-ref;famille:machine;REF:DCF99|2X5.0;référence;2X5.0;1;;
Électro portatif;percage;;DeWalt 18V XR Brushless Twin Kit;446,08;pack;perceuse-visseuse;18;AUCUN;;;;;;sans-ref;famille:machine;TIT:18v xr brushless twin kit;titre;NU;1;;
Électro portatif;percage;DCD805H2T;DeWalt DCD 805 H2T Perceuse-visseuse à percussion sans fil 18 V 90 Nm Brushless + 2x batterie Powerstack 5,0 Ah + charge;441,87;pack;perceuse-visseuse;18;TSTAK;5;;2;;;sans-ref;famille:machine;REF:DCD805|2X5.0;référence;2X5.0;1;;
Électro portatif;bois;DCW604P1-QW;Dewalt DCW604P1-QW Affleureuse-défonceuse XR 18V 1 x 5Ah Li-ion en coffret Tstak avec chargeur + accessoires;438,62;pack;affleureuse;18;TSTAK;5;;1;;;sans-ref;famille:machine;REF:DCW604|1X5+CHARGEUR;référence;1X5+CHARGEUR;1;;
Électro portatif;meulage;DCG409VSX1-QW;Dewalt DCG409VSX1-QW Meuleuse dangle Accu Flexvolt Advantage 125 mm vitesse variable 18V avec 1 X 9 Ah batterie + charge;438,29;pack;meuleuse;18;TSTAK;9;;1;;;sans-ref;famille:machine;REF:DCG409|1X9;référence;1X9;1;;
Électro portatif;mesure;;DeWalt - Laser Multilignes 3x360° 12V Li-Ion 2Ah - Niveau Laser Autonivelant 4° sans Fil & Stanley FATMAX Cisaille Aviat;437,77;seul;niveau laser;12;AUCUN;2;;;;;sans-ref;famille:machine;TIT:laser multilignes 3x360 12v li ion 2ah niveau laser autonivelant 4 sans fil stanley fatmax cisaille aviat;titre;1X2;1;;
Électro portatif;vissage-choc;DCF961P1T;DeWalt DCF 961 P1T Clé à choc 18 V 1632 Nm 1/2'' Brushless + 1x batterie 5,0 Ah + chargeur + TSTAK;437,61;pack;clé à chocs;18;TSTAK;5;;1;;;sans-ref;famille:machine;REF:DCF961|1X5.0+CHARGEUR;référence;1X5.0+CHARGEUR;2;;
Électro portatif;percage;DCD791P2A;DeWALT - Set perceuse-visseuse et clé à choc sans fil 18V, 2 batteries 5,0 Ah Li-Ion, chargeur DCD791P2A;437,04;pack;perceuse-visseuse;18;AUCUN;5;;2;;;sans-ref;famille:machine;REF:DCD791|CHARGEUR;référence;CHARGEUR;1;;
Électro portatif;aspiration;DCE590P1;Aspirateur sans fil DeWalt DCE 590 P1 18 V 120 kg + 1 batterie 5,0 Ah + chargeur;436,33;pack;aspirateur;18;AUCUN;5;;1;;;sans-ref;famille:machine;REF:DCE590|1X5.0+CHARGEUR;référence;1X5.0+CHARGEUR;2;;
Électro portatif;jardin;DCMCS565N-XJ;Tronçonneuse 18V 30cm DCMCS565N-XJ + 2 batteries 18V 5 Ah + chargeur DCB1104-QW DEWALT;434,90;pack;tronçonneuse;18;AUCUN;5;;2;;;sans-ref;famille:machine;REF:DCMCS565|1X5+CHARGEUR;référence;1X5+CHARGEUR;1;;
Électro portatif;vissage-choc;DCF961E1T;DeWalt DCF 961 E1T Clé à choc 18 V 1632 Nm 1/2'' Brushless + 1x batterie Powerstack 1,7 Ah + chargeur + TSTAK;434,40;pack;clé à chocs;18;TSTAK;1.7;;1;;;sans-ref;famille:machine;REF:DCF961|1X1.7+CHARGEUR;référence;1X1.7+CHARGEUR;1;;
Électro portatif;mesure;;DeWalt - Laser Multilignes 3x360° 12V Li-Ion 2Ah - Niveau Laser Autonivelant 4° sans Fil & Stanley 0-10-425 Cutter 25 mm;433,88;seul;niveau laser;12;AUCUN;2;;;;;sans-ref;famille:machine;TIT:laser multilignes 3x360 12v li ion 2ah niveau laser autonivelant 4 sans fil stanley 0 10 425 cutter 25 mm;titre;1X2;1;;
Électro portatif;vissage-choc;DCF961M1T;DeWalt DCF 961 M1T Clé à choc 18 V 1632 Nm 1/2'' Brushless + 1x batterie 4,0 Ah + chargeur + TSTAK;432,79;pack;clé à chocs;18;TSTAK;4;;1;;;sans-ref;famille:machine;REF:DCF961|1X4.0+CHARGEUR;référence;1X4.0+CHARGEUR;1;;
Électro portatif;vissage-choc;DCF899P3T;Clé à chocs DeWALT DCF899P3T (3 x 5,0 Ah + DCB115 + TSTAK II);432,00;pack;clé à chocs;;TSTAK;5;;3;;;sans-ref;famille:machine;REF:DCF899|3X5.0;référence;3X5.0;1;;
Électro portatif;mesure;;DeWalt - Laser Multilignes 3x360° 12V Li-Ion 2Ah - Niveau Laser Autonivelant 4° sans Fil & STANLEY FATMAX Mètre à Ruban ;431,51;seul;niveau laser;12;AUCUN;2;;;;;sans-ref;famille:machine;TIT:laser multilignes 3x360 12v li ion 2ah niveau laser autonivelant 4 sans fil stanley fatmax m tre ruban;titre;1X2;1;;
Électro portatif;percage;DCD796;DeWalt - Kit perceuse DCD796 + visseuse à Impact DCF887 + 2 batteries 5Ah + chargeur DCB115 + mallette Tstak & Perforate;429,92;pack;perceuse;18;TSTAK;5;;2;;;sans-ref;famille:machine;REF:DCD796|1X5+CHARGEUR;référence;1X5+CHARGEUR;1;;
Électro portatif;chargeur;DCBPSC0550-QW;DeWALT DCBPSC0550-QW — Chargeur Powershift™ 550W - DCBPSC0550-QW DEWALT;469,90;pack;chargeur;;;;;;;;reconnu;famille:energie;REF:DCBPSC0550|CHARGEUR;référence;CHARGEUR;1;DCBPSC0550-QW;624,02
Électro portatif;sciage;DCS388N;DeWALT DCS388N — DCS388N;467,69;seul;scie sabre;;AUCUN;;;0;;;reconnu;famille:machine;REF:DCS388|NU;référence;NU;2;DCS388N;621,10
Électro portatif;jardin;DCMW564N-XJ;DeWALT DCMW564N-XJ — DCMW564N-XJ;461,29;pack;tondeuse;;AUCUN;;;1;;;reconnu;famille:machine;REF:DCMW564|NU;référence;NU;2;DCMW564N-XJ;613,51
Électro portatif;sciage;DWE7485-QS;DeWALT DWE7485-QS — DWE7485-QS;459,37;seul;scie circulaire;;AUCUN;;;;;;reconnu;famille:machine;REF:DWE7485|NU;référence;NU;3;DWE7485-QS;610,97
Électro portatif;perforation;DCH254M2;DeWALT DCH254M2 — DCH254M2;458,62;pack;perforateur;;AUCUN;4;;2;;;reconnu;famille:machine;REF:DCH254|2X4;référence;2X4;1;DCH254M2;609,96
Électro portatif;combo;DWK202;DeWALT DWK202 — DWK202;458,00;pack;pack d'outils;18;TSTAK;2;;2;;;reconnu;famille:machine;REF:DWK202|NU;référence;NU;1;DWK202;590,96
Électro portatif;combo;DWK203;DeWALT DWK203 — DWK203;458,00;pack;pack d'outils;18;TSTAK;2;;2;;;reconnu;famille:machine;REF:DWK203|NU;référence;NU;1;DWK203;590,96
Électro portatif;combo;DCK2101L2T;DeWALT DCK2101L2T — DCK2101L2T;455,21;pack;pack d'outils;12;TSTAK;3;;2;;;reconnu;famille:machine;REF:DCK2101|2X3;référence;2X3;1;DCK2101L2T;605,84
Électro portatif;combo;DCK200MP2T;DeWALT DCK200MP2T — DCK200MP2T;452,90;pack;pack d'outils;18;TSTAK;5;;2;;;reconnu;famille:machine;REF:DCK200|2X5;référence;2X5;1;DCK200MP2T;584,59
Électro portatif;fixation;DCN950N-XJ;DeWALT DCN950N-XJ — DCN950N-XJ;452,69;seul;cloueur;;AUCUN;;;0;;;reconnu;famille:machine;REF:DCN950|NU;référence;NU;2;DCN950N-XJ;585,16
Électro portatif;sciage;DCS383N-XJ;DeWALT DCS383N-XJ — Scie circulaire 18V Ø184 mm DCS383N-XJ;450,23;seul;scie circulaire;;AUCUN;;;0;;;reconnu;famille:machine;REF:DCS383|NU;référence;NU;1;DCS383N-XJ;605,62
Électro portatif;chantier;DPC17PS;DeWALT DPC17PS — DPC17PS;449,97;seul;gonfleur;;AUCUN;;;;;;reconnu;famille:machine;REF:DPC17|NU;référence;NU;2;DPC17PS;588,30
Électro portatif;bois;DCW604P2;DEWALT DCW604P2;467,15;pack;;18;AUCUN;5;;2;;;inconnu;famille:machine;REF:DCW604|2X5;référence;2X5;1;;
Électro portatif;fixation;DCN680D2;DEWALT DCN680D2;465,97;pack;cloueur;;AUCUN;2;;2;;;inconnu;famille:machine;REF:DCN680|2X2;référence;2X2;1;;
Électro portatif;jardin;DCMCS574X1-QW;DEWALT DCMCS574X1-QW;464,09;seul;tronçonneuse;54;AUCUN;9;;0;;;inconnu;famille:machine;REF:DCMCS574|1X9;référence;1X9;1;;
Électro portatif;perforation;DCD996T2;DEWALT DCD996T2;462,00;pack;marteau perforateur;18;TSTAK;6;;2;;;inconnu;famille:machine;REF:DCD996|2X6;référence;2X6;1;;
Électro portatif;meulage;DCW682P2-QW;DEWALT DCW682P2-QW;459,90;pack;rainureuse;;AUCUN;5;;2;;;inconnu;famille:machine;REF:DCW682|2X5;référence;2X5;1;;
Électro portatif;percage;DCD791P3A-QW;DEWALT DCD791P3A-QW;450,01;seul;perceuse-visseuse;;AUCUN;;;;;;inconnu;famille:machine;REF:DCD791|3X5;référence;3X5;2;;
Électro portatif;jardin;DCM565P2-QW;DeWALT Tronçonneuse sans fil DCM565P2-QW 18 V avec lame de 30 cm de longueur avec 2 batteries 5 Ah 18 V et chargeur;451,35;pack;tronçonneuse;18;AUCUN;5;;2;;;inconnu;famille:machine;REF:DCM565|1X5+CHARGEUR;référence;1X5+CHARGEUR;1;;
Électro portatif;fixation;DCN660D2-QW;DEWALT DCN660D2-QW;450,64;pack;cloueur;;AUCUN;2;;2;;;inconnu;famille:machine;REF:DCN660|2X2;référence;2X2;1;;
Électro portatif;percage;DCD999H2T;DEWALT DCD999H2T;449,74;pack;perceuse-visseuse;;TSTAK;5;;2;;;inconnu;famille:machine;REF:DCD999|2X5;référence;2X5;1;;
Électro portatif;bois;DCW604P1;DeWalt DCW 604 P1 (1 x batterie 5 Ah);468,28;pack;affleureuse;;AUCUN;5;;1;;;sans-ref;famille:machine;REF:DCW604|1X5;référence;1X5;2;;
Électro portatif;percage;GBH18V;Bosch Professional 18V System Perceuse sans fil GBH 18V-21 & 18V System Akku Kreissäge GKS 18V-57 G (Sägeblatt-Ø: 165 mm;464,68;pack;perceuse;18;LBOXX;;;;;;sans-ref;famille:machine;REF:GBH18|NU;référence;NU;1;;
Électro portatif;chantier;DCGG571H1K;Pompe à graisse sans fil DeWalt DCGG 571 H1K 18 V + 1x Powerstack batterie 5,0 Ah + chargeur;463,31;pack;pompe à graisse;18;AUCUN;5;;1;;;sans-ref;famille:machine;REF:DCGG571|1X5.0+CHARGEUR;référence;1X5.0+CHARGEUR;1;;
Électro portatif;combo;DCH253M2-QW;DEWALT - Perforateur SDS-PLUS Brushless 2.1J 18V 4Ah Li-Ion - DCH253M2-QW & Jeu de 3 Burins SDS-PLUS - DT60330-QZ - 2 Bu;462,04;pack;pack d'outils;18;AUCUN;4;;2;3;;sans-ref;famille:machine;REF:DCH253|1X4;référence;1X4;1;;
Électro portatif;bois;;DeWalt Défonceuse combinée batterie 18 V 55 mm incl. 1x batterie 4,0 Ah + 1x chargeur rapide;457,93;pack;défonceuse;18;AUCUN;4;;1;;;sans-ref;famille:machine;TIT:d fonceuse combin e batterie 18 v 55 mm incl 1x batterie 4 0 ah 1x chargeur rapide;titre;1X4.0+CHARGEUR;1;;
Électro portatif;chargeur;;Chargeur Véhicule Électrique Portable DEWALT, 3.7kW, Type 2 + Prise Schuko, 7m Câble, 16A, 230V AC;457,25;pack;chargeur;;;;;;;;sans-ref;famille:energie;TIT:chargeur v hicule lectrique portable 3 7kw type 2 prise schuko 7m c ble 16a 230v ac;titre;CHARGEUR;1;;
Électro portatif;sciage;;DeWalt Dewalt Scie à onglets XPS pour Coupe transversale;457,04;seul;scie à onglet;;AUCUN;;;;;;sans-ref;famille:machine;TIT:scie onglets xps pour coupe transversale;titre;NU;3;;
Électro portatif;sciage;DCS579NT;DeWalt DCS 579 NT Cordless circular saw 54 V FlexVolt 190 mm brushless + 1× 6.0 Ah battery + TSTAK without charger;454,86;pack;scie circulaire;54;TSTAK;6;;1;;;sans-ref;famille:machine;REF:DCS579|1X6.0;référence;1X6.0;1;;
Électro portatif;perforation;DCH481N;DeWalt FlexVolt DCH 481 N;452,08;seul;marteau perforateur;;AUCUN;;;;;;sans-ref;famille:machine;REF:DCH481|NU;référence;NU;1;;
Électro portatif;aspiration;DCE590M1;Aspirateur sans fil DeWalt DCE 590 M1 18 V 120 kg + 1 batterie 4,0 Ah + chargeur;451,51;pack;aspirateur;18;AUCUN;4;;1;;;sans-ref;famille:machine;REF:DCE590|1X4.0+CHARGEUR;référence;1X4.0+CHARGEUR;2;;
Électro portatif;meulage;DCG430N-XJ;Meuleuse compacte 76mm XR 18V DCG430N-XJ + 2 batteries 18V 1,7 Ah PowerStack + 1 Chargeur DCB1102-QW DEWALT;449,90;pack;meuleuse;18;AUCUN;1.7;;2;;;sans-ref;famille:machine;REF:DCG430|1X1.7+CHARGEUR;référence;1X1.7+CHARGEUR;2;;
Électro portatif;perforation;DCG406NT-XJ;DEWALT - Perforateur-Burineur SDS-PLUS Brushless 2.6J 18V 4Ah Li-Ion - Sans Fil avec Coffret TSTAK & Meuleuse Brushless ;449,66;pack;perforateur;18;TSTAK;5;;0;;;sans-ref;famille:machine;REF:DCG406|1X4;référence;1X4;1;;
Électro portatif;combo;DWK210;DeWALT DWK210 — DWK210;495,00;pack;pack d'outils;18;TSTAK;2;;2;;;reconnu;famille:machine;REF:DWK210|NU;référence;NU;1;DWK210;636,48
Électro portatif;sciage;DCS520NT;DeWALT DCS520NT-XJ — Scie circulaire plongeante 18/54V XR FlexVolt Ø165 mm (machine seule, coffret TSTAK);494,58;pack;scie circulaire;;TSTAK;;;2;;;reconnu;famille:machine;REF:DCS520|NU;référence;NU;2;DCS520NT-XJ;693,59
Électro portatif;jardin;DW872;DeWALT DW872 — DW872;493,78;seul;tronçonneuse;;AUCUN;;;;;;reconnu;famille:machine;REF:DW872|NU;référence;NU;1;DW872;653,42
Électro portatif;combo;DCK207P2T-QW;DeWALT DCK207P2T-QW — DCK207P2T-QW;490,00;pack;pack d'outils;18;TSTAK;5;;2;;;reconnu;famille:machine;REF:DCK207|2X5;référence;2X5;1;DCK207P2T-QW;648,76
Électro portatif;combo;DCK308DM;DeWALT DCK308DM — DCK308DM;485,56;pack;pack d'outils;18;AUCUN;;;;;;reconnu;famille:machine;REF:DCK308|NU;référence;NU;1;DCK308DM;649,40
Électro portatif;bois;DCMASED57X1;DeWALT DCMASED57X1 — DCMASED57X1;482,96;pack;outil multifonctions;54;AUCUN;9;;1;;;reconnu;famille:machine;REF:DCMASED57|1X9;référence;1X9;1;DCMASED57X1;639,92
Électro portatif;bois;DWE7800-QS;DeWALT DWE7800-QS — DWE7800-QS;482,42;seul;ponceuse;;AUCUN;;;;;;reconnu;famille:machine;REF:DWE7800|NU;référence;NU;1;DWE7800-QS;643,42
Électro portatif;sciage;DCS374N;DeWALT DCS374N — DCS374N;480,13;seul;scie à ruban;18;AUCUN;;;0;;;reconnu;famille:machine;REF:DCS374|NU;référence;NU;1;DCS374N;636,48
Électro portatif;perforation;D25832K-QS;DeWALT D25832K-QS — D25832K-QS;474,52;seul;marteau de démolition;;AUCUN;;;;;;reconnu;famille:machine;REF:D25832|NU;référence;NU;1;D25832K-QS;629,69
Électro portatif;combo;DCK2052H2T-QW;DeWALT DCK2052H2T-QW — DCK2052H2T-QW;470,09;pack;pack d'outils;18;TSTAK;5;;2;;;reconnu;famille:machine;REF:DCK2052|2X5;référence;2X5;1;DCK2052H2T-QW;624,28
Électro portatif;perforation;DCH832XN-XJ;DeWALT DCH832XN-XJ — DCH832XN-XJ;469,99;seul;marteau perforateur;;AUCUN;;;0;;;reconnu;famille:machine;REF:DCH832|NU;référence;NU;2;DCH832XN-XJ;605,59
Électro portatif;fixation;DCN660P1-QW;Dewalt DCN660P1-QW Cloueur de finition à batterie 16Ga XR 18V 1 X 5,0Ah Li-Ion (sans charbon);498,24;pack;cloueur de finition;18;AUCUN;5;;1;;;inconnu;famille:machine;REF:DCN660|ACCESSOIRE;référence;ACCESSOIRE;1;;
Électro portatif;sciage;DCS573H2T;DEWALT DCS573H2T;492,85;pack;scie circulaire;;TSTAK;5;;2;;;inconnu;famille:machine;REF:DCS573|2X5;référence;2X5;2;;
Électro portatif;percage;DCD1007H2T-QW;DEWALT DCD1007H2T-QW;491,29;pack;perceuse-visseuse;;TSTAK;5;;2;;;inconnu;famille:machine;REF:DCD1007|2X5;référence;2X5;1;;
Électro portatif;perforation;DCH274P2T-QW;DEWALT DCH274P2T-QW;489,10;pack;marteau perforateur;;TSTAK;5;;2;;;inconnu;famille:machine;REF:DCH274|2X5;référence;2X5;2;;
Électro portatif;fixation;DCN662D1-QW;Dewalt DCN662D1-QW Finisseuse sans balais 16GA XR 18V 1 x 2.0Ah Batterie, Chargeur avec coffret;488,91;pack;;18;GENERIQUE;2;;1;;;inconnu;famille:machine;REF:DCN662|1X2.0+CHARGEUR;référence;1X2.0+CHARGEUR;1;;
Électro portatif;perforation;DCH273P3;DEWALT DCH273P3;488,46;pack;marteau perforateur;;AUCUN;5;;3;;;inconnu;famille:machine;REF:DCH273|3X5;référence;3X5;2;;
Électro portatif;fixation;DCN660P1;DEWALT DCN660P1;483,64;pack;cloueur;;AUCUN;5;;1;;;inconnu;famille:machine;REF:DCN660|1X5;référence;1X5;1;;
Électro portatif;mesure;DCE089D1G18-QW;DEWALT DCE089D1G18-QW;478,92;seul;niveau laser;;AUCUN;;;;;;inconnu;famille:machine;REF:DCE089|1X2_1X3;référence;1X2_1X3;2;;
Électro portatif;sciage;DCS579T1-QW;Dewalt DCS579T1-QW Scie circulaire Ø190mm 54V Brushless - 1X6.0Ah Batterie FlexVolt + chargeur en T-STAK;498,32;pack;scie circulaire;54;TSTAK;6;;1;;;sans-ref;famille:machine;REF:DCS579|1X6.0+CHARGEUR;référence;1X6.0+CHARGEUR;2;;
Électro portatif;fixation;DCF403D1-QW;Dewalt DCF403D1-QW Riveteuse sans fil 18 V 2.4-4.8mm - 1X2.0Ah Batterie + chargeur en T-STAK;498,15;pack;riveteuse;18;TSTAK;2;;1;;;sans-ref;famille:machine;REF:DCF403|1X2.0+CHARGEUR;référence;1X2.0+CHARGEUR;1;;
Électro portatif;meulage;DCG430E2T-QW;Meuleuse compacte 76 mm XR 18V 1.7ah li-ion brushless powerstack - DEWALT - DCG430E2T-QW;494,39;pack;meuleuse;18;TSTAK;1.7;;2;;;sans-ref;famille:machine;REF:DCG430|1X1.7;référence;1X1.7;2;;
Électro portatif;combo;DCK278P2T-QW;DeWalt DCK278P2T-QW Kit Outils 18 V Jaune/Noir;493,91;pack;pack d'outils;18;TSTAK;5;;2;;;sans-ref;famille:machine;REF:DCK278|2X5;référence;2X5;2;;
Électro portatif;vissage-choc;DCF961M2T;DeWalt DCF 961 M2T Clé à choc 18 V 1632 Nm 1/2'' Brushless + 2x batterie 4,0 Ah + chargeur + TSTAK;493,84;pack;clé à chocs;18;TSTAK;4;;2;;;sans-ref;famille:machine;REF:DCF961|2X4.0+CHARGEUR;référence;2X4.0+CHARGEUR;1;;
Électro portatif;chantier;DCMPW1000N-XJ;Nettoyeur à pression 54V DCMPW1000N-XJ + 1 batterie 18/54V 9-3Ah + 1 chargeur DCB118-QW DEWALT;487,90;pack;nettoyeur;54;AUCUN;3;;1;;;sans-ref;famille:machine;REF:DCMPW1000|1X3+CHARGEUR;référence;1X3+CHARGEUR;2;;
Électro portatif;combo;;DEWALT Pack de 2 outils xr 18 V dcd791+dcf887 + 2 batteries 5Ah + chargeur + coffret T-stak;485,79;pack;pack d'outils;18;TSTAK;5;2;2;2;;sans-ref;famille:machine;TIT:pack de 2 outils xr 18 v dcd791 dcf887 2 batteries 5ah chargeur coffret t stak;titre;1X5+CHARGEUR;1;;
Électro portatif;aspiration;DWV010;DEWALT DWV010 HEPA Dust Extractor with Automatic Filter Cleaning, 8-Gallon by;483,10;seul;aspirateur;;AUCUN;;;;;;sans-ref;famille:machine;REF:DWV010|NU;référence;NU;1;;
Électro portatif;percage;DCD999NT-XJ;Perceuse-visseuse à percussion 18V DCD999NT-XJ + 2 batteries POWERSTACK 18V 5 Ah + 1 Chargeur DCB1104-QW DEWALT;477,90;pack;perceuse-visseuse;18;TSTAK;5;;2;;;sans-ref;famille:machine;REF:DCD999|1X5+CHARGEUR;référence;1X5+CHARGEUR;1;;
Électro portatif;chantier;DCE531N-XJ;Vibrateur à béton DCE531N-XJ + 1 batterie 18V 5 Ah + 1 Chargeur DCB1104-QW DEWALT;474,90;pack;vibrateur;18;AUCUN;5;;1;;;sans-ref;famille:machine;REF:DCE531|1X5+CHARGEUR;référence;1X5+CHARGEUR;2;;
Électro portatif;chantier;DXCMB2M50HE;DeWALT DXCMB2M50HE — DXCMB2M50HE;529,98;seul;compresseur;;AUCUN;;;;;;reconnu;famille:machine;REF:DXCMB2|5X4;référence;5X4;2;DXCMB2M50HE;697,98
Électro portatif;jardin;DCMBC823N-XJ;DeWALT DCMBC823N-XJ — DCMBC823N-XJ;529,00;seul;;54;AUCUN;;;0;;;reconnu;famille:machine;REF:DCMBC823|NU;référence;NU;1;DCMBC823N-XJ;678,48
Électro portatif;perforation;D25614K;DeWALT D25614K — D25614K;525,00;seul;marteau perforateur;;AUCUN;;;;;;reconnu;famille:machine;REF:D25614|NU;référence;NU;1;D25614K;691,96
Électro portatif;vissage-choc;PPACK0002;DeWALT PPACK0002 — Pack visseuse à chocs et perfo-burineur SDS+ (2x5,0 Ah) Dewalt PPACK0002;524,32;pack;visseuse à chocs;;AUCUN;5;;2;;;reconnu;famille:machine;REF:PPACK0002|2X5.0;référence;2X5.0;1;PPACK0002;691,06
Électro portatif;combo;DCK440P2T;DeWALT DCK440P2T — Ensemble d'outils sans fil Dewalt 18 V, quatre pièces DCK440P2T;521,92;pack;pack d'outils;18;TSTAK;5;;2;;;reconnu;famille:machine;REF:DCK440|2X5;référence;2X5;2;DCK440P2T;688,16
Électro portatif;combo;DCK2068P2T;DeWALT DCK2068P2T — DCK2068P2T;520,64;pack;pack d'outils;18;TSTAK;5;;2;;;reconnu;famille:machine;REF:DCK2068|2X5;référence;2X5;1;DCK2068P2T;686,72
Électro portatif;sciage;DWS778;DeWALT DWS778 — DWS778;513,26;seul;scie à onglet;;AUCUN;;;;;;reconnu;famille:machine;REF:DWS778|NU;référence;NU;1;DWS778;677,51
Électro portatif;combo;DWK224;DeWALT DWK224 — DWK224;509,00;pack;pack d'outils;18;TSTAK;5;;2;;;reconnu;famille:machine;REF:DWK224|NU;référence;NU;1;DWK224;657,53
Électro portatif;combo;DCK384P2T-QW;DeWALT DCK384P2T-QW — DCK384P2T-QW;507,14;pack;pack d'outils;18;TSTAK;5;;2;;;reconnu;famille:machine;REF:DCK384|2X5;référence;2X5;1;DCK384P2T-QW;626,88
Électro portatif;combo;DCK276P2;DeWALT DCK276P2 — DCK276P2;505,59;pack;pack d'outils;;AUCUN;5;;2;;;reconnu;famille:machine;REF:DCK276|2X5;référence;2X5;1;DCK276P2;649,50
Électro portatif;combo;DCK355P2T-QW;DeWALT DCK355P2T-QW — DCK355P2T-QW;505,19;pack;pack d'outils;18;TSTAK;5;;2;;;reconnu;famille:machine;REF:DCK355|2X5;référence;2X5;1;DCK355P2T-QW;678,37
Électro portatif;perforation;D25413K;DeWALT D25413K — D25413K;505,13;seul;perforateur;;AUCUN;;;;;;reconnu;famille:machine;REF:D25413|NU;référence;NU;1;D25413K;667,27
Électro portatif;sciage;DCS387M2;DeWALT DCS387M2 — DCS387M2;504,30;pack;scie sabre;18;AUCUN;4;;2;;;reconnu;famille:machine;REF:DCS387|2X4;référence;2X4;1;DCS387M2;666,18
Électro portatif;combo;DWK219;DeWALT DWK219 — DWK219;504,00;pack;pack d'outils;18;TSTAK;5;;2;;;reconnu;famille:machine;REF:DWK219|NU;référence;NU;1;DWK219;651,41
Électro portatif;meulage;DCS691;DeWALT DCS691N — Découpeuse sans fil 54V XR FLEXVOLT Ø230 mm (machine seule);503,62;seul;meuleuse d'angle;54;AUCUN;;;;;;reconnu;famille:machine;REF:DCS691|NU;référence;NU;2;DCS691N;726,22
Électro portatif;combo;DCK2016T2T;DeWALT DCK2016T2T — DCK2016T2T;499,90;pack;pack d'outils;54;TSTAK;6;;2;;;reconnu;famille:machine;REF:DCK2016|2X6;référence;2X6;1;DCK2016T2T;660,86
Électro portatif;combo;DCK2023M2T;DeWALT DCK2023M2T — DCK2023M2T;499,00;pack;pack d'outils;18;TSTAK;4;;2;;;reconnu;famille:machine;REF:DCK2023|2X4;référence;2X4;1;DCK2023M2T;641,30
Électro portatif;vissage-choc;DCF921H2T-XJ;"Boulonneuse à chocs 18V XR 1/2"" 406 Nm (2x5,0 Ah Powerstack) en TSTAK - DEWALT DCF921H2T-XJ";528,47;pack;clé à chocs;18;TSTAK;5;;2;;;inconnu;famille:machine;REF:DCF921|2X5.0;référence;2X5.0;1;;
Électro portatif;jardin;DCMCST635X1;DEWALT DCMCST635X1;519,42;pack;tronçonneuse;54;AUCUN;9;;1;;;inconnu;famille:machine;REF:DCMCST635|1X9;référence;1X9;1;;
Électro portatif;bois;DCW604M2;DEWALT DCW604M2;518,98;pack;défonceuse;;AUCUN;4;;2;;;inconnu;famille:machine;REF:DCW604|2X4;référence;2X4;1;;
Électro portatif;jardin;DCMCS575X1;DeWALT - Tronçonneuse 54V AKU 50 cm, 1x batterie 9,0 Ah FLEXVOLT, chargeur DCMCS575X1;517,92;pack;tronçonneuse;54;AUCUN;9;;1;;;inconnu;famille:machine;REF:DCMCS575|1X9.0+CHARGEUR;référence;1X9.0+CHARGEUR;1;;
Électro portatif;jardin;DCMCS575X1-QW;DEWALT DCMCS575X1-QW;517,63;pack;tronçonneuse;54;AUCUN;9;;1;;;inconnu;famille:machine;REF:DCMCS575|1X9;référence;1X9;1;;
Électro portatif;;DCN701D2;Dewalt zszywacz 18v 2x2,0ah dcn701d2;515,94;seul;;18;;2;;;;;inconnu;titre;REF:DCN701|2X2.0;référence;2X2.0;1;;
Électro portatif;sciage;DCS565T2;DEWALT DCS565T2;515,00;pack;scie circulaire;54;AUCUN;6;;2;;;inconnu;famille:machine;REF:DCS565|2X6;référence;2X6;1;;
Électro portatif;sciage;DCS386H2T;DeWALT - Scie sabre à batterie 18 V, 2 batteries 5,0 Ah DCS386H2T;513,94;pack;scie sabre;18;TSTAK;5;;2;;;inconnu;famille:machine;REF:DCS386|1X5.0;référence;1X5.0;1;;
Électro portatif;vissage-choc;DCF961E2T;DEWALT DCF961E2T;513,12;pack;visseuse à chocs;;TSTAK;1.7;;2;;;inconnu;famille:machine;REF:DCF961|2X1.7;référence;2X1.7;1;;
Électro portatif;sciage;DCS386H2T;DEWALT DCS386H2T;509,48;pack;scie sabre;;TSTAK;5;;2;;;inconnu;famille:machine;REF:DCS386|2X5;référence;2X5;2;;
Électro portatif;fixation;DCN681D2;DEWALT DCN681D2;505,76;pack;agrafeuse;;AUCUN;2;;2;;;inconnu;famille:machine;REF:DCN681|2X2;référence;2X2;1;;
Électro portatif;percage;DCD991T2-QW;DEWALT DCD991T2-QW;504,02;pack;perceuse-visseuse;;AUCUN;6;;2;;;inconnu;famille:machine;REF:DCD991|2X6;référence;2X6;1;;
Électro portatif;perforation;DCH253P3;DEWALT DCH253P3;503,00;pack;marteau perforateur;18;TSTAK;5;;3;;;inconnu;famille:machine;REF:DCH253|3X5;référence;3X5;1;;
Électro portatif;combo;DCK2052H1E1T-QW;DEWALT DCK2052H1E1T-QW;502,08;pack;pack d'outils;18;TSTAK;1.7;;1;;;inconnu;famille:machine;REF:DCK2052|1X1.7_1X5;référence;1X1.7_1X5;1;;
Électro portatif;mesure;DCLE14361;DEWALT DCLE14361;499,90;seul;niveau laser;;AUCUN;;;;;;inconnu;famille:machine;REF:DCLE14361|NU;référence;NU;1;;
Électro portatif;fixation;DCN662D2-QW;DEWALT DCN662D2-QW;499,75;pack;cloueur;;AUCUN;2;;2;;;inconnu;famille:machine;REF:DCN662|2X2;référence;2X2;1;;
Électro portatif;bois;DCW604D1;DEWALT DCW604D1;498,80;pack;défonceuse;;AUCUN;2;;1;;;inconnu;famille:machine;REF:DCW604|1X2;référence;1X2;1;;
Électro portatif;vissage-choc;DCF961NT-XJ;"Boulonneuse 18V 1/2"" DCF961NT-XJ + 1 batterie 18V 5 Ah POWERSTACK + 1 chargeur DCB1104-QW DEWALT";529,90;pack;boulonneuse;18;TSTAK;5;;1;;;sans-ref;famille:machine;REF:DCF961|1X5+CHARGEUR;référence;1X5+CHARGEUR;1;;
Électro portatif;sciage;DCS570H2T;DeWalt DCS 570 H2T Scie circulaire sans fil 18 V 184 mm sans balais + 2x batterie Powerstack 5,0 Ah + chargeur + TSTAK;528,38;pack;scie circulaire;18;TSTAK;5;;2;;;sans-ref;famille:machine;REF:DCS570|CHARGEUR;référence;CHARGEUR;1;;
Électro portatif;jardin;DCMCS575N;DeWalt DCMCS 575 N 54V FlexVolt 50 cm Brushless + 1x 6.0 Ah Battery – without Charger;528,06;pack;tronçonneuse;54;AUCUN;6;;1;;;sans-ref;famille:machine;REF:DCMCS575|1X6.0;référence;1X6.0;1;;
Électro portatif;perforation;DCH273P2;Perforateur SDS Plus 18V XR + 2 batteries 5Ah + chargeur + coffret T-Stak DEWALT DCH273P2;528,00;pack;perforateur;18;TSTAK;5;;2;;;sans-ref;famille:machine;REF:DCH273|1X5+CHARGEUR;référence;1X5+CHARGEUR;1;;
Électro portatif;batterie;DCBP518H4;DeWalt Kit batterie DCBP 518 H4 4x batteries Powerstack 18 V 5,0 Ah / 5000 mAh XR Li-Ion - avec indicateur de charge;522,19;pack;batterie;18;;5;;4;;;sans-ref;famille:energie;REF:DCBP518|1X5.0;référence;1X5.0;1;;
Électro portatif;sciage;DWS774-QS;DEWALT - Scie à Onglet Radiale 230V - DWS774-QS - Scie Haute Performance avec Système XPS & Piètement Polyvalent pour Sc;521,87;seul;scie à onglet;;AUCUN;;;;;;sans-ref;famille:machine;REF:DWS774|ACCESSOIRE;référence;ACCESSOIRE;1;;
Électro portatif;fixation;DCN930P1-QW;Dewalt DCN930P1-QW Cloueur sans fil brushless 18V XR - 1 X 5 Ah Batterie + Chargeur;519,42;pack;;18;AUCUN;5;;1;;;sans-ref;famille:machine;REF:DCN930|1X5+CHARGEUR;référence;1X5+CHARGEUR;1;;
Électro portatif;perforation;DCH273P3T;Marteau combiné DeWALT DCH273P3T (3 x 5,0 Ah + DCB115 + TSTAK II);510,00;pack;marteau perforateur;;TSTAK;5;;3;;;sans-ref;famille:machine;REF:DCH273|3X5.0;référence;3X5.0;1;;
Électro portatif;vissage-choc;DCF964P1T;Dewalt DCF964P1T Clé à chocs sans fil 18V Brushless 3/4 - 1 batterie 5.0Ah + chargeur + coffret T-STAK;508,95;pack;clé à chocs;18;TSTAK;5;;1;;;sans-ref;famille:machine;REF:DCF964|CHARGEUR;référence;CHARGEUR;3;;
Électro portatif;vissage-choc;DCF961P2T;DeWalt DCF 961 P2T Clé à choc 18 V 1632 Nm 1/2'' Brushless + 2x batterie 5,0 Ah + chargeur + TSTAK;503,48;pack;clé à chocs;18;TSTAK;5;;2;;;sans-ref;famille:machine;REF:DCF961|2X5.0+CHARGEUR;référence;2X5.0+CHARGEUR;2;;
Électro portatif;chantier;;Compresseur électrique DeWalt 17L 230V;499,99;seul;compresseur;;AUCUN;;;;;;sans-ref;famille:machine;TIT:compresseur lectrique 17l 230v;titre;NU;1;;
Électro portatif;fixation;DCN45;DeWALT DCN45 — DCN45;558,67;seul;cloueur;;AUCUN;;;;;;reconnu;famille:machine;REF:DCN45|NU;référence;NU;3;DCN45;746,38
Électro portatif;combo;DWK216;DeWALT DWK216 — DWK216;556,00;pack;pack d'outils;18;TSTAK;5;;2;;;reconnu;famille:machine;REF:DWK216|NU;référence;NU;1;DWK216;714,05
Électro portatif;combo;DCK304P2-QW;DeWALT DCK304P2-QW — DCK304P2-QW;549,90;pack;pack d'outils;18;AUCUN;5;;2;;;reconnu;famille:machine;REF:DCK304|2X5;référence;2X5;1;DCK304P2-QW;722,57
Électro portatif;bois;DW622KT-QS;DeWALT DW622KT-QS — DW622KT-QS;547,95;seul;défonceuse;;AUCUN;;;;;;reconnu;famille:machine;REF:DW622|NU;référence;NU;1;DW622KT-QS;720,01
Électro portatif;;DCF414NT-XJ;DeWALT DCF414 — DCF414;545,00;seul;;18;TSTAK;;;0;;;reconnu;famille:machine;REF:DCF414|NU;référence;NU;2;DCF414;716,68
Électro portatif;combo;DWK213;DeWALT DWK213 — DWK213;544,00;pack;pack d'outils;18;TSTAK;5;;2;;;reconnu;famille:machine;REF:DWK213|NU;référence;NU;1;DWK213;699,32
Électro portatif;combo;DWK217;DeWALT DWK217 — DWK217;544,00;pack;pack d'outils;18;TSTAK;5;;2;;;reconnu;famille:machine;REF:DWK217|NU;référence;NU;1;DWK217;699,32
Électro portatif;combo;DWK214;DeWALT DWK214 — DWK214;544,00;pack;pack d'outils;18;TSTAK;5;;2;;;reconnu;famille:machine;REF:DWK214|NU;référence;NU;1;DWK214;699,32
Électro portatif;combo;DCK327P2T;DeWALT DCK327P2T — DCK327P2T;538,37;pack;pack d'outils;;TSTAK;5;;1;;;reconnu;famille:machine;REF:DCK327|2X5;référence;2X5;1;DCK327P2T;708,49
Électro portatif;jardin;DCMST901N-XJ;DeWALT DCMST901N-XJ — DCMST901N-XJ;537,10;seul;coupe-bordure;54;AUCUN;;;0;;;reconnu;famille:machine;REF:DCMST901|NU;référence;NU;1;DCMST901N-XJ;692,87
Électro portatif;combo;DWK225;DeWALT DWK225 — DWK225;537,00;pack;pack d'outils;18;TSTAK;5;;2;;;reconnu;famille:machine;REF:DWK225|NU;référence;NU;1;DWK225;690,64
Électro portatif;jardin;DCMWP500N-XJ;DeWALT DCMWP500N-XJ — DCMWP500N-XJ;537,00;pack;tondeuse;;AUCUN;;;1;;;reconnu;famille:machine;REF:DCMWP500|NU;référence;NU;1;DCMWP500N-XJ;688,00
Électro portatif;combo;DWK221;DeWALT DWK221 — DWK221;535,00;pack;pack d'outils;18;TSTAK;5;;2;;;reconnu;famille:machine;REF:DWK221|NU;référence;NU;1;DWK221;688,00
Électro portatif;fixation;DCN660P2;DEWALT DCN660P2;549,50;pack;cloueur;;AUCUN;5;;2;;;inconnu;famille:machine;REF:DCN660|2X5;référence;2X5;2;;
Électro portatif;fixation;DCF403D2GT;DEWALT DCF403D2GT;548,45;seul;riveteuse;18;AUCUN;;;;;;inconnu;famille:machine;REF:DCF403|2X2;référence;2X2;1;;
Électro portatif;sciage;DCS373M2;DEWALT DCS373M2;547,05;seul;scie circulaire;;AUCUN;4;;0;;;inconnu;famille:machine;REF:DCS373|2X4;référence;2X4;1;;
Électro portatif;meulage;DCM849H2;DEWALT DCM849H2;546,85;pack;polisseuse;18;AUCUN;5;;2;;;inconnu;famille:machine;REF:DCM849|2X5;référence;2X5;1;;
Électro portatif;jardin;DCMCS575X1;Tronçonneuse sans fil DeWALT 50 cm, XR FlexVolt 54 V (1x9,0 Ah) DCMCS575X1;545,50;pack;tronçonneuse;54;AUCUN;9;;1;;;inconnu;famille:machine;REF:DCMCS575|1X9.0;référence;1X9.0;1;;
Électro portatif;sciage;DCS386T1;DEWALT DCS386T1;540,16;pack;scie sabre;;AUCUN;6;;1;;;inconnu;famille:machine;REF:DCS386|1X6;référence;1X6;1;;
Électro portatif;sciage;DCS573T1-QW;DEWALT DCS573T1-QW;535,66;pack;scie circulaire;;AUCUN;6;;1;;;inconnu;famille:machine;REF:DCS573|1X6;référence;1X6;1;;
Électro portatif;jardin;DCMW564P2;DEWALT DCMW564P2;531,72;pack;tondeuse;;AUCUN;5;;1;;;inconnu;famille:machine;REF:DCMW564|2X5;référence;2X5;1;;
Électro portatif;meulage;DCG404NT-XJ;Meuleuse Ø125 mm 18V DCG404NT-XJ + 2 batteries 18V 3,5 Ah PowerStack + 1 Chargeur DCB1104-QW DEWALT;549,90;pack;meuleuse;18;TSTAK;3.5;;2;;;sans-ref;famille:machine;REF:DCG404|1X3.5+CHARGEUR;référence;1X3.5+CHARGEUR;2;;
Électro portatif;sciage;DCS579X1-QW;Dewalt DCS579X1-QW Scie circulaire Ø190mm 54V Brushless - 1X9.0Ah Batterie FlexVolt + chargeur en T-STAK;554,16;pack;scie circulaire;54;TSTAK;9;;1;;;sans-ref;famille:machine;REF:DCS579|1X9.0+CHARGEUR;référence;1X9.0+CHARGEUR;2;;
Électro portatif;chantier;DXPW003CE;DeWalt DXPW 003CE Nettoyeur Haute Pression à Eau Froide 150bar, 630l/h (26775);553,81;seul;nettoyeur haute pression;;AUCUN;;;;;;sans-ref;famille:machine;REF:DXPW003|NU;référence;NU;14;;
Électro portatif;sciage;DCS572H2-QW;Dewalt DCS572H2-QW Scie circulaire XR 18V 184 mm - 2 X 5.0 Ah batteries Powerstack + chargeur en coffret;548,29;pack;scie circulaire;18;GENERIQUE;5;;2;;;sans-ref;famille:machine;REF:DCS572|2X5.0+CHARGEUR;référence;2X5.0+CHARGEUR;1;;
Électro portatif;bois;;DeWalt - Laser Multilignes 3x360° 12V Li-Ion 2Ah - Niveau Laser Autonivelant 4° sans Fil avec Faisceaux Rouges & Outil O;547,99;seul;outil multifonctions;18;AUCUN;2;;;;;sans-ref;famille:machine;TIT:laser multilignes 3x360 12v li ion 2ah niveau laser autonivelant 4 sans fil avec faisceaux rouges outil o;titre;1X2;1;;
Électro portatif;vissage-choc;DCF964H1T;Dewalt DCF964H1T Clé à chocs sans fil 18V Brushless 3/4 - 1 X 5.0Ah batterie PowerStack + chargeur + coffret T-STAK;547,85;pack;clé à chocs;18;TSTAK;5;;1;;;sans-ref;famille:machine;REF:DCF964|1X5.0+CHARGEUR;référence;1X5.0+CHARGEUR;1;;
Électro portatif;batterie;DCBP518H4;DeWalt DCBP 518 H4 4 x 5,0 Ah;547,05;pack;batterie;18;;5;;4;;;sans-ref;famille:energie;REF:DCBP518|4X5.0;référence;4X5.0;1;;
Électro portatif;combo;DCK2223MP2T;DeWalt 18V Combopack DCK2223MP2T 2x5Ah battery (DCD86M+DCG45M) in TSTAK;544,90;pack;pack d'outils;18;TSTAK;5;;2;;;sans-ref;famille:machine;REF:DCK2223|2X5;référence;2X5;1;;
Électro portatif;bois;DCW620NT-XJ;Défonceuse XR 18V DCW620NT-XJ + 1 batterie 18V 5 Ah + 1 Chargeur DCB1104-QW DEWALT;539,90;pack;défonceuse;18;TSTAK;5;;1;;;sans-ref;famille:machine;REF:DCW620|1X5+CHARGEUR;référence;1X5+CHARGEUR;2;;
Électro portatif;fixation;DCN660M2;Cloueuse sans fil DeWalt DCN 660 M2 18 V 32 - 63 mm sans balais + 2 batteries 4,0 Ah + chargeur + coffret;539,86;pack;cloueur;18;GENERIQUE;4;;2;;;sans-ref;famille:machine;REF:DCN660|CHARGEUR;référence;CHARGEUR;1;;
Électro portatif;fixation;DCF403E1GT;DeWalt Pistolet à riveter 18V 1x1,7Ah POWERSTACK avec chargeur et TSTAK (DCF403E1GT);539,62;pack;riveteuse;18;TSTAK;1.7;;1;;;sans-ref;famille:machine;REF:DCF403|1X1.7+CHARGEUR;référence;1X1.7+CHARGEUR;1;;
Électro portatif;fixation;DCF403D2-QW;Dewalt DCF403D2-QW Riveteuse sans fil 18 V 2.4-4.8mm - 2X2.0Ah Batteries + chargeur en T-STAK;537,96;pack;riveteuse;18;TSTAK;2;;2;;;sans-ref;famille:machine;REF:DCF403|2X2.0+CHARGEUR;référence;2X2.0+CHARGEUR;1;;
Électro portatif;perforation;DCH614N;DeWALT DCH614N — DCH614N;593,39;pack;perforateur;;AUCUN;;;1;;;reconnu;famille:machine;REF:DCH614|NU;référence;NU;1;DCH614N;776,16
Électro portatif;jardin;DCMWSP550N-XJ;DeWALT DCMWSP550N-XJ — DCMWSP550N-XJ;592,00;pack;tondeuse;;AUCUN;;;1;;;reconnu;famille:machine;REF:DCMWSP550|NU;référence;NU;1;DCMWSP550N-XJ;774,34
Électro portatif;perforation;D25335K-QS;DeWALT D25335K-QS — D25335K-QS;588,77;seul;marteau perforateur;;AUCUN;;;;;;reconnu;famille:machine;REF:D25335|NU;référence;NU;1;D25335K-QS;758,14
Électro portatif;percage;DCD990M2;DeWALT DCD990M2 — DCD990M2;574,15;pack;perceuse-visseuse;;AUCUN;4;;2;;;reconnu;famille:machine;REF:DCD990|2X4;référence;2X4;1;DCD990M2;752,14
Électro portatif;combo;DWK218;DeWALT DWK218 — DWK218;571,00;pack;pack d'outils;18;TSTAK;5;;2;;;reconnu;famille:machine;REF:DWK218|NU;référence;NU;1;DWK218;731,34
Électro portatif;aspiration;DWV905M-QS;DeWALT DWV905M-QS — DWV905M-QS;570,00;seul;aspirateur;;AUCUN;;;;;;reconnu;famille:machine;REF:DWV905|NU;référence;NU;6;DWV905M-QS;747,28
Électro portatif;combo;DCK383P2T;DeWALT DCK383P2T — DCK383P2T;569,00;pack;pack d'outils;18;TSTAK;5;;2;;;reconnu;famille:machine;REF:DCK383|2X5;référence;2X5;1;DCK383P2T;745,96
Électro portatif;sciage;DCS7485N;DeWALT DCS7485 — DCS7485;568,02;seul;scie circulaire;54;AUCUN;;;0;;;reconnu;famille:machine;REF:DCS7485|NU;référence;NU;2;DCS7485;744,67
Électro portatif;perforation;D25330K;DeWALT D25330K — D25330K;565,50;seul;marteau perforateur;;AUCUN;;;;;;reconnu;famille:machine;REF:D25330|NU;référence;NU;1;D25330K;741,94
Électro portatif;combo;DCK2012P2T-QW;DeWALT DCK2012P2T-QW — DCK2012P2T-QW;564,98;pack;pack d'outils;18;TSTAK;5;;2;;;reconnu;famille:machine;REF:DCK2012|2X5;référence;2X5;1;DCK2012P2T-QW;746,20
Électro portatif;combo;DWK222;DeWALT DWK222 — DWK222;561,00;pack;pack d'outils;18;TSTAK;5;;2;;;reconnu;famille:machine;REF:DWK222|NU;référence;NU;1;DWK222;717,44
Électro portatif;combo;DWK215;DeWALT DWK215 — DWK215;559,00;pack;pack d'outils;18;TSTAK;2;;2;;;reconnu;famille:machine;REF:DWK215|NU;référence;NU;1;DWK215;717,44
Électro portatif;combo;DWK220;DeWALT DWK220 — DWK220;559,00;pack;pack d'outils;18;TSTAK;5;;2;;;reconnu;famille:machine;REF:DWK220|NU;référence;NU;1;DWK220;717,44
Électro portatif;meulage;DCG404S2T-QW;Meuleuse compacte 125 mm XR 18V 3,5 Ah Li-Ion Brushless powerstack - DEWALT - DCG404S2T-QW;567,44;seul;meuleuse;18;AUCUN;3.5;;;;;sans-ref;famille:machine;REF:DCG404|1X3.5;référence;1X3.5;4;;
Électro portatif;fixation;DCN890N;DEWALT DCN890N;583,12;seul;cloueur;18;AUCUN;;;0;;;inconnu;famille:machine;REF:DCN890|NU;référence;NU;1;;
Électro portatif;perforation;DCH333T1;DEWALT DCH333T1;582,00;pack;perforateur;54;TSTAK;6;;1;;;inconnu;famille:machine;REF:DCH333|1X6;référence;1X6;1;;
Électro portatif;;DCE560D1-QW;DEWALT DCE560D1-QW;581,99;pack;;18;AUCUN;2;;1;;;inconnu;famille:machine;REF:DCE560|1X2;référence;1X2;1;;
Électro portatif;vissage-choc;DCF961H2T;DEWALT DCF961H2T;566,00;pack;visseuse à chocs;;TSTAK;5;;2;;;inconnu;famille:machine;REF:DCF961|2X5;référence;2X5;2;;
Électro portatif;percage;DCD990;DEWALT DCD990;574,15;seul;perceuse-visseuse;;AUCUN;;;;;;inconnu;famille:machine;REF:DCD990|NU;référence;NU;1;;
Électro portatif;meulage;DCG418X2;DEWALT DCG418X2;560,40;pack;meuleuse d'angle;54;AUCUN;9;;2;;;inconnu;famille:machine;REF:DCG418|2X9;référence;2X9;1;;
Électro portatif;sciage;DCS389T2-QW;DEWALT DCS389T2-QW;559,01;pack;scie sabre;54;TSTAK;6;;2;;;inconnu;famille:machine;REF:DCS389|2X6;référence;2X6;2;;
Électro portatif;aspiration;DCV584L-QW;Aspirateur DCV584L-QW + 2 batteries 18V/54V 9Ah-3Ah + 1 chargeur DCB118-QW DEWALT;593,90;pack;aspirateur;54;AUCUN;9;;2;;;sans-ref;famille:machine;REF:DCV584|1X9+CHARGEUR;référence;1X9+CHARGEUR;1;;
Électro portatif;chantier;DCMPW1600N-XJ;Nettoyeur haute pression XR 2 X 18V DCMPW1600N-XJ + 2 batterie 18V 5 Ah + 1 Chargeur DCB1104-QW DEWALT;589,90;pack;nettoyeur haute pression;18;AUCUN;5;;2;;;sans-ref;famille:machine;REF:DCMPW1600|1X5+CHARGEUR;référence;1X5+CHARGEUR;1;;
Électro portatif;jardin;DCMCST635N-XJ;Tronçonneuse 54V 35 cm DCMCST635N-XJ + 1 batterie 54V 9 Ah + 1 chargeur DCB118-QW DEWALT;587,90;pack;tronçonneuse;54;AUCUN;9;;1;;;sans-ref;famille:machine;REF:DCMCST635|1X9+CHARGEUR;référence;1X9+CHARGEUR;2;;
Électro portatif;vissage-choc;DCF964P2T;Clé à chocs DeWALT DCF964P2T (2 x 5,0 Ah + DCB115 + TSTAK II);585,00;pack;clé à chocs;;TSTAK;5;;2;;;sans-ref;famille:machine;REF:DCF964|2X5.0;référence;2X5.0;1;;
Électro portatif;bois;DCW620P1T;DeWalt DCW 620 P1T Défonceuse sans fil 18 V 12 mm Brushless + 1 batterie 5,0 Ah + chargeur + TSTAK;572,56;pack;défonceuse;18;TSTAK;5;;1;;;sans-ref;famille:machine;REF:DCW620|CHARGEUR;référence;CHARGEUR;4;;
Électro portatif;sciage;DCS383N-XJ;Scie circulaire 18V Ø184 mm DCS383N-XJ + 1 batterie 18V 5 Ah + 1 chargeur DCB1104-QW DEWALT;574,90;pack;scie circulaire;18;AUCUN;5;;1;;;sans-ref;famille:machine;REF:DCS383|1X5+CHARGEUR;référence;1X5+CHARGEUR;2;;
Électro portatif;jardin;DCMWSP156N-XJ;Tondeuse 2 x 18V DCMWSP156N-XJ + 2 batteries 18V 5 Ah + 1 chargeur DCB1104-QW DEWALT;569,90;pack;tondeuse;18;AUCUN;5;;2;;;sans-ref;famille:machine;REF:DCMWSP156|1X5+CHARGEUR;référence;1X5+CHARGEUR;1;;
Électro portatif;aspiration;DCV584L-QW;Aspirateur DCV584L-QW + 2 batteries 18V/54V 6Ah-2Ah + 1 chargeur DCB118-QW DEWALT;564,90;pack;aspirateur;54;AUCUN;6;;2;;;sans-ref;famille:machine;REF:DCV584|1X6+CHARGEUR;référence;1X6+CHARGEUR;1;;
Électro portatif;combo;DCK276P3T;DeWALT - Set perceuse à percussion et clé à chocs sans fil 18V, 3 batteries 5,0 Ah XR, chargeur DCK276P3T;559,39;pack;pack d'outils;18;TSTAK;5;;3;;;sans-ref;famille:machine;REF:DCK276|CHARGEUR;référence;CHARGEUR;1;;
Électro portatif;combo;DWK223;DeWALT DWK223 — DWK223;649,00;pack;pack d'outils;18;TSTAK;5;;2;;;reconnu;famille:machine;REF:DWK223|NU;référence;NU;1;DWK223;826,10
Électro portatif;combo;DCK329P2T-QW;DeWALT DCK329P2T-QW — DCK329P2T-QW;648,42;pack;pack d'outils;18;TSTAK;5;;2;;;reconnu;famille:machine;REF:DCK329|2X5;référence;2X5;1;DCK329P2T-QW;843,60
Électro portatif;perforation;DCH735;DeWALT DCH735 — DCH735;645,25;pack;marteau perforateur;;AUCUN;;;1;;;reconnu;famille:machine;REF:DCH735|NU;référence;NU;2;DCH735;840,12
Électro portatif;combo;DCK305P3T;DeWALT DCK305P3T — DCK305P3T;634,99;pack;pack d'outils;18;TSTAK;5;;3;;;reconnu;famille:machine;REF:DCK305|3X5;référence;3X5;1;DCK305P3T;827,39
Électro portatif;perforation;D25899K;DeWALT D25899K — D25899K;633,59;seul;marteau de démolition;;AUCUN;;;;;;reconnu;famille:machine;REF:D25899|NU;référence;NU;1;D25899K;825,56
Électro portatif;combo;DCK3222MP2T-QW;DeWALT DCK3222MP2T-QW — DCK3222MP2T-QW;621,12;pack;pack d'outils;18;TSTAK;5;;2;;oui;reconnu;famille:machine;REF:DCK3222|2X5;référence;2X5;1;DCK3222MP2T-QW;810,26
Électro portatif;combo;DCK2077P2T-QW;DeWALT DCK2077P2T-QW — DCK2077P2T-QW;617,17;pack;pack d'outils;18;TSTAK;5;;2;;;reconnu;famille:machine;REF:DCK2077|2X5;référence;2X5;1;DCK2077P2T-QW;805,40
Électro portatif;sciage;DWE7492-QS;DeWALT DWE7492-QS — Scie sur table DWE7492-QS Ø250 mm;609,70;seul;scie circulaire;;AUCUN;;;;;;reconnu;famille:machine;REF:DWE7492|NU;référence;NU;2;DWE7492-QS;777,22
Électro portatif;mesure;DE0772;DeWALT DE0772 — DE0772;608,35;seul;niveau laser;;AUCUN;;;;;;reconnu;famille:machine;REF:DE0772|NU;référence;NU;1;DE0772;794,51
Électro portatif;aspiration;DCMBBL800N;DeWALT DCMBBL800N — DCMBBL800N;607,89;pack;souffleur;54;AUCUN;;;1;;;reconnu;famille:machine;REF:DCMBBL800|NU;référence;NU;1;DCMBBL800N;781,58
Électro portatif;bois;DW733;DeWALT DW733 — DW733;603,56;seul;rabot;;AUCUN;;;;;;reconnu;famille:machine;REF:DW733|NU;référence;NU;2;DW733;788,24
Électro portatif;chantier;DCC2520B;DeWALT DCC2520B — DCC2520B Compresseur d'air sans fil sans balais 20 V MAX 9,46 L (outil uniquement);599,74;seul;compresseur;20;AUCUN;;;;;;reconnu;famille:machine;REF:DCC2520|NU;référence;NU;1;DCC2520B;801,84
Électro portatif;jardin;DCMBC723N-XJ;DeWALT DCMBC723N-XJ — Débroussailleuse forestière Dewalt DCMBC723N-XJ XR FLEXVOLT 54V Brushless - sans batterie ni chargeur;599,59;pack;débroussailleuse;54;AUCUN;;;0;;;reconnu;famille:machine;REF:DCMBC723|NU;référence;NU;2;DCMBC723N-XJ;783,53
Électro portatif;combo;DCK2200H2T-QW;DeWALT DCK2200H2T-QW — DCK2200H2T-QW;599,06;pack;pack d'outils;18;TSTAK;5;;2;;;reconnu;famille:machine;REF:DCK2200|2X5;référence;2X5;1;DCK2200H2T-QW;798,28
Électro portatif;meulage;D27113;DeWALT D27113 — D27113;598,25;seul;meuleuse;;AUCUN;;;;;;reconnu;famille:machine;REF:D27113|NU;référence;NU;1;D27113;781,91
Électro portatif;combo;DCG4610T2-QW;DeWALT DCG4610T2-QW — DCG4610T2-QW;597,42;pack;pack d'outils;54;AUCUN;6;;2;;;reconnu;famille:machine;REF:DCG4610|2X6;référence;2X6;1;DCG4610T2-QW;776,34
Électro portatif;combo;DCK2224MP2T-QW;DeWALT DCK2224MP2T-QW — DCK2224MP2T-QW -Clé à chocs sans fil;595,00;pack;pack d'outils;;TSTAK;5;;2;;;reconnu;famille:machine;REF:DCK2224|2X5;référence;2X5;1;DCK2224MP2T-QW;790,13
Électro portatif;perforation;D25881K-QS;DeWALT D25881K-QS — D25881K-QS;594,99;seul;marteau de démolition;;AUCUN;;;;;;reconnu;famille:machine;REF:D25881|NU;référence;NU;1;D25881K-QS;756,60
Électro portatif;fixation;DCN682D2;DEWALT DCN682D2;649,00;pack;agrafeuse;;AUCUN;2;;2;;;inconnu;famille:machine;REF:DCN682|2X2;référence;2X2;1;;
Électro portatif;sciage;DCS579T2;DEWALT DCS579T2;639,74;pack;scie circulaire;;AUCUN;6;;2;;;inconnu;famille:machine;REF:DCS579|2X6;référence;2X6;1;;
Électro portatif;sciage;DCS389X2-QW;DEWALT DCS389X2-QW;636,18;pack;scie sabre;54;AUCUN;9;;2;;;inconnu;famille:machine;REF:DCS389|2X9;référence;2X9;2;;
Électro portatif;aspiration;DCV586MT2;DEWALT DCV586MT2;636,18;pack;aspirateur;;AUCUN;6;;2;;;inconnu;famille:machine;REF:DCV586|2X6;référence;2X6;2;;
Électro portatif;jardin;DCMCST632X1;DEWALT DCMCST632X1;617,90;pack;tronçonneuse;54;AUCUN;9;;1;;;inconnu;famille:machine;REF:DCMCST632|1X9;référence;1X9;1;;
Électro portatif;fixation;DCN650P2;DEWALT DCN650P2;595,89;pack;cloueur;;AUCUN;5;;2;;;inconnu;famille:machine;REF:DCN650|2X5;référence;2X5;2;;
Électro portatif;bois;DCW620H1T;Défonceuse sans fil DeWalt DCW 620 H1T 18 V 12 mm Brushless + 1 batterie Powerstack 5,0 Ah + chargeur + TSTAK;646,46;pack;défonceuse;18;TSTAK;5;;1;;;sans-ref;famille:machine;REF:DCW620|1X5.0+CHARGEUR;référence;1X5.0+CHARGEUR;1;;
Électro portatif;fixation;DCN930M2;Cloueuse sans fil DeWalt DCN 930 M2 18 V 50 - 90 mm sans balais + 2 batteries 4,0 Ah + chargeur;627,18;pack;cloueur;18;AUCUN;4;;2;;;sans-ref;famille:machine;REF:DCN930|CHARGEUR;référence;CHARGEUR;4;;
Électro portatif;combo;DCK229P2T;DeWalt - Kit 2 Outils Perceuse Visseuse et Perforateur SDS-Plus 18V 5AH - DCK229P2T G;641,64;pack;pack d'outils;18;TSTAK;5;2;2;;;sans-ref;famille:machine;REF:DCK229|1X5;référence;1X5;2;;
Électro portatif;combo;DCK368P3T;DEWALT DCK368P3T Triple Kit, 18 V, Jaune, 27 x 32 x 15;640,79;pack;pack d'outils;18;TSTAK;5;;3;;;sans-ref;famille:machine;REF:DCK368|3X5;référence;3X5;2;;
Électro portatif;batterie;DCB184P10;Dewalt DCB184P10 Lot de batteries 10 x DCB184 18V Li-Ion XR - 10 X 5.0Ah;638,45;pack;batterie;18;;5;;10;;;sans-ref;famille:energie;REF:DCB184|0X5.0;référence;0X5.0;1;;
Électro portatif;batterie;DCB548;Dewalt DCB548 Lot de 2 batteries XR Flexvolt 12 Ah 18 V/54 V + chargeur DCB118 Flev Volt;629,00;pack;batterie;54;;12;;2;2;;sans-ref;famille:energie;REF:DCB548|1X12+CHARGEUR;référence;1X12+CHARGEUR;1;;
Électro portatif;sciage;DCS579T2T;DeWalt DCS 579 T2T Cordless circular saw 54 V FlexVolt 190 mm brushless + 2× 6.0 Ah batteries + charger + TSTAK;628,37;pack;scie circulaire;54;TSTAK;6;;2;;;sans-ref;famille:machine;REF:DCS579|2X6.0+CHARGEUR;référence;2X6.0+CHARGEUR;1;;
Électro portatif;combo;DCK330P2T-QW;DeWalt 18V battery combo pack 3 pcs. (DCK330P2T-QW);621,00;pack;pack d'outils;18;TSTAK;5;;2;;;sans-ref;famille:machine;REF:DCK330|2X5;référence;2X5;1;;
Électro portatif;bois;DCW604P2;DeWalt DCW 604 P2 Fraiseuse combinée sans fil 18V 55mm + 2x batteries 5,0 Ah + 1x chargeur rapide + set de fraises 12 pc;604,83;pack;fraiseuse;18;TSTAK;5;;2;;;sans-ref;famille:machine;REF:DCW604|CHARGEUR;référence;CHARGEUR;2;;
Électro portatif;meulage;XR18V;Meuleuse compacte XR 18V 1.7Ah brushless 76 mm;605,78;seul;meuleuse;18;AUCUN;1.7;;;;;sans-ref;famille:machine;REF:XR18|1X1.7;référence;1X1.7;1;;
Électro portatif;fixation;DCN662P2-SK;DeWalt Cloueur DCN662P2-SK, 2x 5,0Ah, avec DCB1104 (DCN662P2-SK);605,00;pack;cloueur;;AUCUN;5;;2;;;sans-ref;famille:machine;REF:DCN662|2X5.0;référence;2X5.0;1;;
Électro portatif;fixation;DCFS950N-XJ;DeWALT DCFS950N-XJ — DCFS950N-XJ;699,99;seul;cloueur;;AUCUN;;;0;;;reconnu;famille:machine;REF:DCFS950|NU;référence;NU;3;DCFS950N-XJ;907,19
Électro portatif;perforation;DCH892N;DeWALT DCH892N — DCH892N;697,55;pack;perforateur;;AUCUN;;;1;;;reconnu;famille:machine;REF:DCH892|NU;référence;NU;2;DCH892N;904,02
Électro portatif;jardin;DCMWSP660N-XJ;DeWALT DCMWSP660N-XJ — DCMWSP660N-XJ;694,00;pack;tondeuse;;AUCUN;;;1;;;reconnu;famille:machine;REF:DCMWSP660|NU;référence;NU;1;DCMWSP660N-XJ;918,16
Électro portatif;fixation;DCN910N;DeWALT DCN910N — DCN910N;679,00;seul;cloueur;18;AUCUN;;;0;;;reconnu;famille:machine;REF:DCN910|NU;référence;NU;1;DCN910N;863,20
Électro portatif;combo;DCK422P3T;DeWALT DCK422P3T — DCK422P3T;675,41;pack;pack d'outils;18;TSTAK;5;;3;;;reconnu;famille:machine;REF:DCK422|3X5;référence;3X5;3;DCK422P3T;876,68
Électro portatif;chantier;DXGNI20E;DeWALT DXGNI20E — DXGNI20E;673,67;seul;groupe électrogène;;AUCUN;;;;;;reconnu;famille:machine;REF:DXGNI20|NU;référence;NU;1;DXGNI20E;856,27
Électro portatif;perforation;DCH275P2;DeWALT DCH275P2 — DCH275P2;665,41;pack;marteau perforateur;;AUCUN;5;;2;;;reconnu;famille:machine;REF:DCH275|2X5;référence;2X5;1;DCH275P2;847,43
Électro portatif;combo;DWK300;DeWALT DWK300 — DWK300;660,00;pack;pack d'outils;18;TSTAK;5;;2;;;reconnu;famille:machine;REF:DWK300|NU;référence;NU;1;DWK300;839,80
Électro portatif;perforation;DCH333T2T;DEWALT DCH333T2T;700,00;pack;marteau perforateur;;TSTAK;6;;2;;;inconnu;famille:machine;REF:DCH333|2X6;référence;2X6;1;;
Électro portatif;fixation;DCN890P2;DEWALT DCN890P2;699,83;pack;cloueur;;AUCUN;5;;2;;;inconnu;famille:machine;REF:DCN890|2X5;référence;2X5;1;;
Électro portatif;percage;DCD240X2-QW;DEWALT DCD240X2-QW;694,00;pack;malaxeur;;AUCUN;9;;2;;;inconnu;famille:machine;REF:DCD240|2X9;référence;2X9;2;;
Électro portatif;sciage;DCS520T1-QW;Dewalt DCS520T1-QW Scie circulaire plongeante 54V XR FLEXVOLT - 1 batterie 54V 6.0Ah, chargeur, coffret;692,89;pack;scie circulaire;54;GENERIQUE;6;;1;;;inconnu;famille:machine;REF:DCS520|1X6.0+CHARGEUR;référence;1X6.0+CHARGEUR;1;;
Électro portatif;sciage;DCS575T2;DEWALT DCS575T2;686,16;pack;scie circulaire;;AUCUN;6;;2;;;inconnu;famille:machine;REF:DCS575|2X6;référence;2X6;1;;
Électro portatif;bois;DCW620H2-QW;DEWALT DCW620H2-QW;684,08;pack;défonceuse;;AUCUN;5;;2;;;inconnu;famille:machine;REF:DCW620|2X5;référence;2X5;1;;
Électro portatif;jardin;DCMWSP156W2;DEWALT DCMWSP156W2;663,61;pack;tondeuse;;AUCUN;8;;2;;;inconnu;famille:machine;REF:DCMWSP156|2X8;référence;2X8;1;;
Électro portatif;sciage;DCS579X2-QW;DEWALT DCS579X2-QW;657,96;pack;scie circulaire;;AUCUN;9;;2;;;inconnu;famille:machine;REF:DCS579|2X9;référence;2X9;1;;
Électro portatif;meulage;DCG460X2-QW;DEWALT DCG460X2-QW;654,14;pack;meuleuse d'angle;54;AUCUN;9;;2;;;inconnu;famille:machine;REF:DCG460|2X9;référence;2X9;2;;
Électro portatif;fixation;DCN45RND2-QW;DEWALT DCN45RND2-QW;651,53;pack;cloueur;;AUCUN;2;;2;;;inconnu;famille:machine;REF:DCN45|2X2;référence;2X2;1;;
Électro portatif;chantier;DXCMB2M100HE;DEWALT DXCMB2M100HE - Compresseur d'air électrique monophasé à courroie - Moteur 2 CV 100 L;650,29;seul;compresseur;;AUCUN;;;;;;inconnu;famille:machine;REF:DXCMB2|ACCESSOIRE;référence;ACCESSOIRE;1;;
Électro portatif;chantier;;Compresseur électrique DeWalt 90L 230V;699,99;seul;compresseur;;AUCUN;;;;;;sans-ref;famille:machine;TIT:compresseur lectrique 90l 230v;titre;NU;1;;
Électro portatif;combo;DCK2225MP2T;Kit DeWALT DCK2225MP2T McLaren (DCF99M + DCG45M + 2 batteries de 5,0 Ah + DCB1104 + TSTAK VI);698,17;pack;pack d'outils;;TSTAK;5;;2;;oui;sans-ref;famille:machine;REF:DCK2225|1X5.0;référence;1X5.0;1;;
Électro portatif;jardin;DCMST922N-XJ;Débroussailleuse 54V DCMST922N-XJ + 1 batterie 54V 12 Ah + 1 chargeur DCB118 DEWALT;694,90;pack;débroussailleuse;54;AUCUN;12;;1;;;sans-ref;famille:machine;REF:DCMST922|1X12+CHARGEUR;référence;1X12+CHARGEUR;2;;
Électro portatif;fixation;DCF414D1-QW;Dewalt DCF414D1-QW Riveteuse sans fil 18 V 4.8-6.4mm - 1X2.0Ah Batterie + chargeur en T-STAK;693,49;pack;riveteuse;18;TSTAK;2;;1;;;sans-ref;famille:machine;REF:DCF414|1X2.0+CHARGEUR;référence;1X2.0+CHARGEUR;1;;
Électro portatif;aspiration;DCV586MT2;Dewalt DCV 586 MT2 Aspirateur eau et poussière sans fil 54V 11L sans balais + 2x Batteries FlexVolt 6.0Ah + Chargeur;689,83;pack;aspirateur;54;AUCUN;6;;2;;;sans-ref;famille:machine;REF:DCV586|CHARGEUR;référence;CHARGEUR;1;;
Électro portatif;chantier;;Borne de recharge murale véhicule électrique 7,4 kW - monophasée avec câble Type 2;689,03;seul;borne de recharge;;AUCUN;;;;;;sans-ref;famille:machine;TIT:borne de recharge murale v hicule lectrique 7 4 kw monophas e avec c ble type 2;titre;NU;1;;
Électro portatif;bois;DCE800H1-SK;DeWalt Drywall sander DCE800H1-SK (1 x 5.0 Ah Powerstack + DCB1104);689,00;pack;ponceuse;;AUCUN;5;;1;;;sans-ref;famille:machine;REF:DCE800|1X5.0;référence;1X5.0;1;;
Électro portatif;combo;DCK424M3-QW;DEWALT Kit Combiné 18V 4 Outils (Perceuse à Percussion Compacte, Visseuse à Impact, Marteau Rotatif SDS-Plus 18V, Meuleu;686,27;pack;pack d'outils;18;AUCUN;4;4;3;;;sans-ref;famille:machine;REF:DCK424|3X4;référence;3X4;1;;
Électro portatif;combo;DCK327P2T;DEWALT 18V XR DCK327P2T - Coffret TSTAK - 2x 5Ah + chargeur;679,61;pack;pack d'outils;18;TSTAK;5;;2;;;sans-ref;famille:machine;REF:DCK327|2X5+CHARGEUR;référence;2X5+CHARGEUR;1;;
Électro portatif;chantier;;DEWALT Borne de recharge murale 7,4kW Type 2 5m 32A 380V AC;649,50;seul;borne de recharge;;AUCUN;;;;;;sans-ref;famille:machine;TIT:borne de recharge murale 7 4kw type 2 5m 32a 380v ac;titre;NU;1;;
Électro portatif;combo;DCS570;Kit DeWALT DCS570 + DCS334 (2 x 5.0 Ah + DCB115 + TSTAK II + TSTAK VI);649,00;pack;pack d'outils;;TSTAK;5;;2;;;sans-ref;famille:machine;REF:DCS570|2X5.0;référence;2X5.0;1;;
Électro portatif;chantier;DXGNP35E;DeWALT DXGNP35E — DXGNP35E;778,40;seul;groupe électrogène;;AUCUN;;;;;;reconnu;famille:machine;REF:DXGNP35|NU;référence;NU;1;DXGNP35E;1004,14
Électro portatif;sciage;DW712N;DeWALT DW712N — DW712N;776,39;seul;scie à onglet;;AUCUN;;;0;;;reconnu;famille:machine;REF:DW712|NU;référence;NU;2;DW712N;1001,95
Électro portatif;perforation;D25773K;DeWALT D25773K — D25773K;770,89;seul;marteau de démolition;;AUCUN;;;;;;reconnu;famille:machine;REF:D25773|NU;référence;NU;1;D25773K;994,45
Électro portatif;fixation;DGN9033-XJ;DeWALT DGN9033-XJ — DGN9033-XJ Agrafeuse sans fil Gaz 50-90 mm;748,72;seul;agrafeuse;;AUCUN;;;;;;reconnu;famille:machine;REF:DGN9033|NU;référence;NU;1;DGN9033-XJ;967,34
Électro portatif;combo;DCK209P2;DeWALT DCK209P2 — DCK209P2;746,72;pack;pack d'outils;18;AUCUN;5;;1;;;reconnu;famille:machine;REF:DCK209|2X5;référence;2X5;1;DCK209P2;964,76
Électro portatif;chantier;DXCMB3M100HE;DeWALT DXCMB3M100HE — DXCMB3M100HE - Compresseur d'air électrique monophasé à courroie - Moteur 3 CV 100 L;714,74;seul;compresseur;;AUCUN;;;;;;reconnu;famille:machine;REF:DXCMB3|ACCESSOIRE;référence;ACCESSOIRE;6;DXCMB3M100HE;925,58
Électro portatif;combo;DCK212D2T-QW;DeWALT DCK212D2T-QW — DCK212D2T-QW;744,18;pack;pack d'outils;12;TSTAK;2;;2;;;reconnu;famille:machine;REF:DCK212|2X2;référence;2X2;1;DCK212D2T-QW;961,87
Électro portatif;perforation;DCH775N-XJ;DeWALT DCH775N-XJ — DCH775N-XJ;742,19;seul;perforateur;;AUCUN;;;0;;;reconnu;famille:machine;REF:DCH775|NU;référence;NU;2;DCH775N-XJ;974,82
Électro portatif;combo;DCK285M2;DeWALT DCK285M2 — DCK285M2;739,96;pack;pack d'outils;18;AUCUN;4;;1;;;reconnu;famille:machine;REF:DCK285|2X4;référence;2X4;1;DCK285M2;1468,98
Électro portatif;perforation;D25733K-QS;DeWALT D25733K-QS — D25733K-QS;725,26;seul;perforateur;;AUCUN;;;;;;reconnu;famille:machine;REF:D25733|NU;référence;NU;1;D25733K-QS;925,91
Électro portatif;combo;DCK551P3T;DeWALT DCK551P3T — DCK551P3T;723,91;pack;pack d'outils;18;TSTAK;5;;3;;;reconnu;famille:machine;REF:DCK551|3X5;référence;3X5;1;DCK551P3T;936,74
Électro portatif;combo;DCK377P3T;DeWALT DCK377P3T — DCK377P3T;719,00;pack;pack d'outils;18;TSTAK;5;;3;;;reconnu;famille:machine;REF:DCK377|3X5;référence;3X5;1;DCK377P3T;930,38
Électro portatif;sciage;DWS727;DeWALT DWS727 — DWS727;718,25;seul;scie;;AUCUN;;;;;;reconnu;famille:machine;REF:DWS727|NU;référence;NU;1;DWS727;925,27
Électro portatif;sciage;D27112;DeWALT D27112 — D27112;715,40;seul;scie à onglet;;AUCUN;;;;;;reconnu;famille:machine;REF:D27112|NU;référence;NU;2;D27112;926,45
Électro portatif;combo;DCK611P1D2;DeWALT DCK611P1D2 — DCK611P1D2;714,06;pack;pack d'outils;12;AUCUN;2;;2;;;reconnu;famille:machine;REF:DCK611|1X5_2X2;référence;1X5_2X2;1;DCK611P1D2;924,83
Électro portatif;combo;DCK2095D2T-QW;DeWALT DCK2095D2T-QW — DCK2095D2T-QW;704,47;pack;pack d'outils;18;TSTAK;2;;2;;;reconnu;famille:machine;REF:DCK2095|2X2;référence;2X2;1;DCK2095D2T-QW;797,08
Électro portatif;combo;DWK301;DeWALT DWK301 — DWK301;704,00;pack;pack d'outils;18;TSTAK;5;;2;;;reconnu;famille:machine;REF:DWK301|NU;référence;NU;1;DWK301;893,63
Électro portatif;fixation;DCFS950P2-QW;DEWALT DCFS950P2-QW;778,38;pack;cloueur;;AUCUN;5;;2;;;inconnu;famille:machine;REF:DCFS950|2X5;référence;2X5;1;;
Électro portatif;sciage;DCS365P2;DEWALT DCS365P2;774,05;pack;;;AUCUN;5;;2;;;inconnu;famille:machine;REF:DCS365|2X5;référence;2X5;1;;
Électro portatif;sciage;DCS520T2;DEWALT DCS520T2;771,73;pack;scie circulaire;;AUCUN;6;;2;;;inconnu;famille:machine;REF:DCS520|2X6;référence;2X6;2;;
Électro portatif;sciage;DCS520X1-QW;Dewalt DCS520X1-QW Scie circulaire plongeante 54V XR FLEXVOLT - 1 batterie 54V 9.0Ah, chargeur, coffret;767,42;pack;scie circulaire;54;GENERIQUE;9;;1;;;inconnu;famille:machine;REF:DCS520|1X9.0+CHARGEUR;référence;1X9.0+CHARGEUR;2;;
Électro portatif;sciage;DCS365M2;DEWALT DCS365M2;751,12;pack;scie à onglet;18;AUCUN;4;;2;;;inconnu;famille:machine;REF:DCS365|2X4;référence;2X4;1;;
Électro portatif;bois;DCE800T2;DEWALT DCE800T2;748,94;pack;ponceuse;18;AUCUN;6;;2;;;inconnu;famille:machine;REF:DCE800|2X6;référence;2X6;1;;
Électro portatif;sciage;DCS578X2-QW;DEWALT DCS578X2-QW;746,67;pack;scie circulaire;;AUCUN;9;;2;;;inconnu;famille:machine;REF:DCS578|2X9;référence;2X9;1;;
Électro portatif;meulage;DCG418NTA;DeWALT - Meuleuse d'angle sans fil 54 V, 125 mm, avec accessoires, 3 batteries Li-Ion 9,0 Ah et chargeur. DCG418NTA;744,29;pack;meuleuse d'angle;54;AUCUN;9;;3;;;inconnu;famille:machine;REF:DCG418|1X9.0+CHARGEUR;référence;1X9.0+CHARGEUR;1;;
Électro portatif;jardin;DCMWP134W2-QW;DEWALT DCMWP134W2-QW;739,90;pack;tondeuse;;AUCUN;;;1;;;inconnu;famille:machine;REF:DCMWP134|2X8;référence;2X8;1;;
Électro portatif;;DCF414E2GT;DEWALT DCF414E2GT;739,28;seul;;18;AUCUN;1.7;;;;;inconnu;famille:machine;REF:DCF414|2X1.7;référence;2X1.7;1;;
Électro portatif;meulage;DCG200T2;DEWALT DCG200T2;706,94;pack;rainureuse;;AUCUN;6;;2;;;inconnu;famille:machine;REF:DCG200|2X6;référence;2X6;1;;
Électro portatif;perforation;DCH333X2-QW;DEWALT DCH333X2-QW;701,71;pack;marteau perforateur;;AUCUN;9;;2;;;inconnu;famille:machine;REF:DCH333|2X9;référence;2X9;1;;
Électro portatif;sciage;DCS578T2;DEWALT DCS578T2;701,06;pack;scie circulaire;;AUCUN;6;;2;;;inconnu;famille:machine;REF:DCS578|2X6;référence;2X6;1;;
Électro portatif;chantier;DCMPW1600N-XJ;Nettoyeur haute pression XR 2 X 18V DCMPW1600N-XJ + 2 batteries 18/54V 9-3Ah + 1 chargeur DCB118-QW DEWALT;779,90;pack;nettoyeur haute pression;54;AUCUN;3;;2;;;sans-ref;famille:machine;REF:DCMPW1600|1X3+CHARGEUR;référence;1X3+CHARGEUR;1;;
Électro portatif;jardin;DCMCST632N-XJ;Tronçonneuse 54V 30 cm DCMCST632N-XJ + 2 batteries 54V 9 Ah + 1 chargeur DCB118-QW DEWALT;769,90;pack;tronçonneuse;54;AUCUN;9;;2;;;sans-ref;famille:machine;REF:DCMCST632|1X9+CHARGEUR;référence;1X9+CHARGEUR;1;;
Électro portatif;combo;DCK422P3T;DEWALT Kit 4 Outils XR 18V Brushless + 3 Batteries 5Ah + 1 Chargeur + 2 Coffrets TSTAK DCK422P3T & Coffret de 100 Pièces;759,18;pack;pack d'outils;18;TSTAK;5;4;3;100;;sans-ref;famille:machine;REF:DCK422|1X5+CHARGEUR;référence;1X5+CHARGEUR;1;;
Électro portatif;aspiration;DCV584L-QW;Aspirateur DCV584L-QW + 2 batteries 18V/54V 12Ah-4Ah + 1 chargeur DCB118-QW DEWALT;754,90;pack;aspirateur;54;AUCUN;12;;2;;;sans-ref;famille:machine;REF:DCV584|1X12+CHARGEUR;référence;1X12+CHARGEUR;1;;
Électro portatif;sciage;DCS383H2-QW;Dewalt DCS383H2-QW Scie circulaire à métaux 18V XR 190mm - 2 x 5,0Ah Batterie Powerstack + Chargeur + Coffret T-STAK;744,91;pack;scie circulaire;18;TSTAK;5;;2;;;sans-ref;famille:machine;REF:DCS383|2X5.0+CHARGEUR;référence;2X5.0+CHARGEUR;1;;
Électro portatif;fixation;DCF414D2-QW;Dewalt DCF414D2-QW Riveteuse sans fil 18 V 4.8-6.4mm - 2X2.0Ah Batteries + chargeur en T-STAK;736,41;pack;riveteuse;18;TSTAK;2;;2;;;sans-ref;famille:machine;REF:DCF414|2X2.0+CHARGEUR;référence;2X2.0+CHARGEUR;1;;
Électro portatif;chantier;;Aiguille vibrante PS Diamètre 38mm - Longueur 2m DEWALT;724,90;seul;vibrateur;;AUCUN;;;;;;sans-ref;famille:machine;TIT:aiguille vibrante ps diam tre 38mm longueur 2m;titre;NU;1;;
Électro portatif;perforation;DCH333Y1;DeWalt FlexVolt DCH333Y1;700,00;pack;marteau perforateur;;AUCUN;12;;1;;;sans-ref;famille:machine;REF:DCH333|1X12;référence;1X12;1;;
Électro portatif;sciage;DCS781;DeWALT DCS781N-XJ — Scie à onglet radiale Ø305 mm DCS781N-XJ;899,00;seul;scie à onglet;;AUCUN;;;;;;reconnu;famille:machine;REF:DCS781|NU;référence;NU;3;DCS781N-XJ;1134,17
Électro portatif;combo;DWK304PS;DeWALT DWK304PS — DWK304PS;891,00;pack;pack d'outils;18;GENERIQUE;1.7;;2;;;reconnu;famille:machine;REF:DWK304|NU;référence;NU;1;DWK304PS;1123,91
Électro portatif;meulage;DCS690N-XJ;DeWALT DCS690N-XJ — DCS690N-XJ;883,79;seul;meuleuse;54;AUCUN;;;0;;;reconnu;famille:machine;REF:DCS690|NU;référence;NU;1;DCS690N-XJ;1133,90
Électro portatif;combo;DWK403;DeWALT DWK403 — DWK403;876,00;pack;pack d'outils;18;TSTAK;5;;2;;;reconnu;famille:machine;REF:DWK403|NU;référence;NU;1;DWK403;1105,52
Électro portatif;combo;DWK306PS;DeWALT DWK306PS — DWK306PS;869,00;pack;pack d'outils;18;GENERIQUE;1.7;;2;;;reconnu;famille:machine;REF:DWK306|NU;référence;NU;1;DWK306PS;1096,54
Électro portatif;fixation;DGN845D1;DeWALT DGN845D1 — Cloueuse à gaz Dewalt C6 TRAK 1x2 Ah DGN845D1;864,40;pack;cloueur;;AUCUN;2;;1;;;reconnu;famille:machine;REF:DGN845|1X2;référence;1X2;1;DGN845D1;1110,35
Électro portatif;sciage;D27111;DeWALT D27111 — D27111;857,34;seul;scie à onglet;;AUCUN;;;;;;reconnu;famille:machine;REF:D27111|NU;référence;NU;2;D27111;1102,96
Électro portatif;combo;DCK607M2-QW;DeWALT DCK607M2-QW — DCK607M2-QW;849,99;pack;pack d'outils;18;AUCUN;4;;2;;;reconnu;famille:machine;REF:DCK607|2X4;référence;2X4;1;DCK607M2-QW;1073,80
Électro portatif;combo;DCK246P2-QW;DeWALT DCK246P2-QW — DCK246P2-QW;846,53;pack;pack d'outils;18;AUCUN;5;;2;;;reconnu;famille:machine;REF:DCK246|2X5;référence;2X5;2;DCK246P2-QW;1088,24
Électro portatif;combo;DWK303PS;DeWALT DWK303PS — DWK303PS;843,00;pack;pack d'outils;18;GENERIQUE;1.7;;2;;;reconnu;famille:machine;REF:DWK303|NU;référence;NU;1;DWK303PS;1064,81
Électro portatif;fixation;DCN692N;DeWALT DCN692N — DCN692N;842,28;seul;cloueur;;AUCUN;;;0;;;reconnu;famille:machine;REF:DCN692|NU;référence;NU;2;DCN692N;1076,33
Électro portatif;perforation;D25911K-QS;DeWALT D25911K-QS — D25911K-QS;826,99;seul;marteau perforateur;;AUCUN;;;;;;reconnu;famille:machine;REF:D25911|NU;référence;NU;1;D25911K-QS;1063,51
Électro portatif;combo;DWK305PS;DeWALT DWK305PS — DWK305PS;821,00;pack;pack d'outils;18;GENERIQUE;1.7;;2;;;reconnu;famille:machine;REF:DWK305|NU;référence;NU;1;DWK305PS;1038,13
Électro portatif;sciage;DWS780;DeWALT DWS780-QS — Scie à onglet radiale Ø305 mm DWS780-QS;812,30;seul;scie à onglet;;AUCUN;;;;;;reconnu;famille:machine;REF:DWS780|NU;référence;NU;3;DWS780-QS;1045,43
Électro portatif;sciage;DCS727N-XJ;DeWALT DCS727N — DCS727N;798,80;seul;scie à onglet;;AUCUN;;;0;;;reconnu;famille:machine;REF:DCS727|NU;référence;NU;3;DCS727N;987,60
Électro portatif;mesure;DCLE34035D1-QW;DeWALT DCLE34035D1-QW — DCLE34035D1-QW;792,11;pack;niveau laser;;AUCUN;2;;1;;;reconnu;famille:machine;REF:DCLE34035|1X2;référence;1X2;1;DCLE34035D1-QW;1036,85
Électro portatif;combo;DWK402;DeWALT DWK402 — DWK402;792,00;pack;pack d'outils;18;AUCUN;5;;2;;;reconnu;famille:machine;REF:DWK402|NU;référence;NU;1;DWK402;1002,34
Électro portatif;chargeur;DCB118Y3-QW;DeWALT DCB118Y3-QW — Pack énergie 54V/18V FLEXVOLT (3x12,0 Ah) + chargeur rapide DCB118;787,48;pack;chargeur;54;;;;;;;reconnu;famille:energie;REF:DCB118|3X12.0+CHARGEUR;référence;3X12.0+CHARGEUR;1;DCB118Y3-QW;1038,68
Électro portatif;meulage;DCS691X2-QW;DEWALT DCS691X2-QW;885,78;pack;meuleuse d'angle;54;AUCUN;9;;2;;;inconnu;famille:machine;REF:DCS691|2X9;référence;2X9;2;;
Électro portatif;perforation;DCH481X2-QW;DEWALT DCH481X2-QW;882,45;pack;perforateur;;AUCUN;9;;2;;;inconnu;famille:machine;REF:DCH481|2X9;référence;2X9;1;;
Électro portatif;sciage;DCS777T2;DEWALT DCS777T2;867,10;pack;scie à onglet;;AUCUN;6;;2;;;inconnu;famille:machine;REF:DCS777|2X6;référence;2X6;1;;
Électro portatif;chantier;59MM-;Aiguille vibrante PS Diamètre 59mm- Longueur 2m DEWALT;862,90;seul;vibrateur;;AUCUN;;;;;;inconnu;famille:machine;REF:59MM-|NU;référence;NU;1;;
Électro portatif;fixation;DCN692P2;DEWALT DCN692P2;859,00;pack;cloueur;;AUCUN;5;;2;;;inconnu;famille:machine;REF:DCN692|2X5;référence;2X5;1;;
Électro portatif;mesure;DCLE34035B;DEWALT DCLE34035B;824,04;seul;niveau laser;;AUCUN;;;;;;inconnu;famille:machine;REF:DCLE34035|NU;référence;NU;1;;
Électro portatif;combo;DCK694P3;Pack 6 outils 18V XR (3x5,0 Ah) avec 2 coffrets TSTAK - DEWALT DCK694P3;810,00;pack;pack d'outils;18;TSTAK;5;6;3;;;inconnu;famille:machine;REF:DCK694|3X5.0;référence;3X5.0;2;;
Électro portatif;meulage;DCG418SHDX2;Dewalt Meuleuse d'Angle 125Mm 18V Dcg418Shdx2 2X9.0Ah Fv Blade Switch Tstak;805,99;pack;meuleuse d'angle;18;TSTAK;9;;2;;;inconnu;famille:machine;REF:DCG418|2X9.0;référence;2X9.0;1;;
Électro portatif;sciage;DCS578NTA;DeWALT - Scie circulaire sans fil 54 V, 190 mm, avec accessoires, 3 batteries Li-Ion 9,0 Ah et chargeur. DCS578NTA;789,69;pack;scie circulaire;54;AUCUN;9;;3;;;inconnu;famille:machine;REF:DCS578|1X9.0+CHARGEUR;référence;1X9.0+CHARGEUR;1;;
Électro portatif;sciage;DCS577T2;DEWALT DCS577T2;784,14;pack;scie circulaire;;AUCUN;6;;2;;;inconnu;famille:machine;REF:DCS577|2X6;référence;2X6;1;;
Électro portatif;perforation;D25902K;Marteau piqueur DEWALT SDS MAX 1550W 19 joules - D25902K - Marteau piqueur électrique noir;897,99;seul;marteau de démolition;;AUCUN;;;;;;sans-ref;famille:machine;REF:D25902|NU;référence;NU;1;;
Électro portatif;jardin;DCM575X1;DeWalt Tronçonneuse sans fil DCM575X1-Qw (40 cm);843,22;pack;tronçonneuse;54;AUCUN;9;;1;;;sans-ref;famille:machine;REF:DCM575|1X9;référence;1X9;1;;
Électro portatif;bois;DCE800H2-SK;DeWalt Drywall sander DCE800H2-SK (2 x 5.0 Ah Powerstack + DCB1104);825,00;pack;ponceuse;;AUCUN;5;;2;;;sans-ref;famille:machine;REF:DCE800|2X5.0;référence;2X5.0;1;;
Électro portatif;meulage;DCG200X2-QW;Dewalt DCG200X2-QW Rainureuse à béton XR Flexvolt 54V Li-Ion Brushless 2x 9.0Ah + chargeur en Tstak;824,38;pack;rainureuse;54;TSTAK;9;;2;;;sans-ref;famille:machine;REF:DCG200|2X9.0+CHARGEUR;référence;2X9.0+CHARGEUR;1;;
Électro portatif;combo;DCK327P2T;Pack de 3 outils 18V DCK327P2T (DCH263/DCG405/DCD791) + 2 batteries 5 Ah + chargeur en coffret TSTAK - DEWALT;808,15;pack;pack d'outils;18;TSTAK;5;3;2;3;;sans-ref;famille:machine;REF:DCK327|1X5+CHARGEUR;référence;1X5+CHARGEUR;1;;
Électro portatif;sciage;DCS398T2;DeWalt Alligator FLEXVOLT DCS398T2 (2 x 2 Ah + charger);784,99;pack;scie égoïne;54;AUCUN;2;;2;;;sans-ref;famille:machine;REF:DCS398|2X2+CHARGEUR;référence;2X2+CHARGEUR;1;;
Électro portatif;combo;DCK421P3T;DeWALT DCK421P3T — DCK421P3T;1045,00;pack;pack d'outils;18;TSTAK;5;;3;;;reconnu;famille:machine;REF:DCK421|3X5;référence;3X5;1;DCK421P3T;1313,26
Électro portatif;sciage;DW739;DeWALT DW739 — DW739;1035,66;seul;scie à ruban;;AUCUN;;;;;;reconnu;famille:machine;REF:DW739|NU;référence;NU;1;DW739;1320,20
Électro portatif;;D24000;DeWALT D24000 — D24000;1024,49;seul;;;;;;;;;reconnu;hérité du doublon classé;REF:D24000|NU;référence;NU;2;D24000;1295,64
Électro portatif;combo;DWK405PS;DeWALT DWK405PS — DWK405PS;1023,00;pack;pack d'outils;18;GENERIQUE;1.7;;2;;;reconnu;famille:machine;REF:DWK405|NU;référence;NU;1;DWK405PS;1286,21
Électro portatif;combo;DCK502P3;DeWALT DCK502P3 — Ensemble combiné Dewalt 18 V 6 pièces dans un sac 3 x 5,0 Ah DCK502P3;1016,26;pack;pack d'outils;18;AUCUN;5;;3;;;reconnu;famille:machine;REF:DCK502|3X5.0;référence;3X5.0;1;DCK502P3;1297,30
Électro portatif;chantier;DXCMB4T200HE;DeWALT DXCMB4T200HE — DXCMB4T200HE - Compresseur d'air électrique triphasé par courroie - Moteur 4 CV 200 L;993,15;seul;compresseur;;AUCUN;;;;;;reconnu;famille:machine;REF:DXCMB4|ACCESSOIRE;référence;ACCESSOIRE;3;DXCMB4T200HE;1268,26
Électro portatif;combo;DWK404PS;DeWALT DWK404PS — DWK404PS;990,00;pack;pack d'outils;18;GENERIQUE;1.7;;2;;;reconnu;famille:machine;REF:DWK404|NU;référence;NU;1;DWK404PS;1246,06
Électro portatif;perforation;DCH911NK-XJ;DeWALT DCH911NK-XJ — DCH911NK-XJ;978,97;pack;marteau perforateur;;AUCUN;;;1;;;reconnu;famille:machine;REF:DCH911|NU;référence;NU;1;DCH911NK-XJ;1251,04
Électro portatif;combo;DWK308PS;DeWALT DWK308PS — DWK308PS;968,00;pack;pack d'outils;18;GENERIQUE;1.7;;2;;;reconnu;famille:machine;REF:DWK308|NU;référence;NU;1;DWK308PS;1218,89
Électro portatif;perforation;D25871K;DeWALT D25871K — D25871K;959,49;seul;marteau perforateur;;AUCUN;;;;;;reconnu;famille:machine;REF:D25871|NU;référence;NU;1;D25871K;1226,23
Électro portatif;perforation;D25961K;DeWALT D25961K — D25961K;952,56;seul;marteau de démolition;;AUCUN;;;;;;reconnu;famille:machine;REF:D25961|NU;référence;NU;1;D25961K;1218,32
Électro portatif;sciage;DW743N;DeWALT DW743N-QS — Scie sur table et à onglets retournable DW743N-QS Ø250 mm;949,90;seul;scie circulaire;;AUCUN;;;0;;;reconnu;famille:machine;REF:DW743|NU;référence;NU;1;DW743N-QS;1214,93
Électro portatif;combo;DWK401;DeWALT DWK401 — DWK401;946,00;pack;pack d'outils;18;TSTAK;5;;2;;;reconnu;famille:machine;REF:DWK401|NU;référence;NU;1;DWK401;1191,68
Électro portatif;sciage;DW876;DeWALT DW876 — DW876;944,99;seul;scie à ruban;;AUCUN;;;;;;reconnu;famille:machine;REF:DW876|NU;référence;NU;1;DW876;1208,64
Électro portatif;combo;DCK500P3T-QW;DeWALT DCK500P3T-QW — DCK500P3T-QW;943,92;pack;pack d'outils;18;TSTAK;5;;3;;;reconnu;famille:machine;REF:DCK500|3X5;référence;3X5;1;DCK500P3T-QW;1183,96
Électro portatif;mesure;DCLE05211R;DeWALT DCLE05211R — DCLE05211R;930,00;pack;niveau laser;;TSTAK;;;;;;reconnu;famille:machine;REF:DCLE05211|NU;référence;NU;5;DCLE05211R;1190,40
Électro portatif;percage;DCD460T2;DeWALT DCD460T2 — DCD460T2;924,95;pack;perceuse d'angle;;AUCUN;6;;2;;;reconnu;famille:machine;REF:DCD460|2X6;référence;2X6;1;DCD460T2;1183,93
Électro portatif;combo;DWK307PS;DeWALT DWK307PS — DWK307PS;924,00;pack;pack d'outils;18;GENERIQUE;1.7;;2;;;reconnu;famille:machine;REF:DWK307|NU;référence;NU;1;DWK307PS;1164,43
Électro portatif;sciage;DCS782N;DeWALT DCS782N — DCS782N;918,25;pack;scie circulaire;18;AUCUN;;;0;;;reconnu;famille:machine;REF:DCS782|NU;référence;NU;1;DCS782N;1176,28
Électro portatif;combo;DCK623P3;DeWALT DCK623P3 — DCK623P3;913,60;pack;pack d'outils;18;AUCUN;5;;3;;;reconnu;famille:machine;REF:DCK623|3X5;référence;3X5;1;DCK623P3;1170,32
Électro portatif;combo;DWK400;DeWALT DWK400 — DWK400;913,00;pack;pack d'outils;18;TSTAK;5;;2;;;reconnu;famille:machine;REF:DWK400|NU;référence;NU;1;DWK400;1151,23
Électro portatif;bois;DW650E;DeWALT DW650E — DW650E;910,00;seul;ponceuse;;AUCUN;;;;;;reconnu;famille:machine;REF:DW650|NU;référence;NU;1;DW650E;1165,72
Électro portatif;perforation;DCH335-QW;DeWALT DCH335 — DCH335;901,92;seul;marteau perforateur;;AUCUN;;;;;;reconnu;famille:machine;REF:DCH335|NU;référence;NU;2;DCH335;1200,34
Électro portatif;combo;DCK428P3T;DeWALT DCK428P3T — DCK428P3T;899,99;pack;pack d'outils;18;TSTAK;5;;3;;;reconnu;famille:machine;REF:DCK428|3X5;référence;3X5;1;DCK428P3T;1153,79
Électro portatif;sciage;DCS383H2-QW;Scie circulaire métal XR 18V Brushless Powerstack - Lame 184 mm - DCS383H2-QW;1034,26;pack;scie circulaire;18;AUCUN;5;;2;;;inconnu;famille:machine;REF:DCS383|2X5;référence;2X5;1;;
Électro portatif;sciage;DCS383H2-QW;Scie circulaire métal 184mm xr 18V 5AH li-ion brushless powerstack - DEWALT - DCS383H2-QW;1013,98;pack;scie circulaire;18;AUCUN;5;;2;;;inconnu;famille:machine;REF:DCS383|1X5;référence;1X5;2;;
Électro portatif;sciage;DCS7485T2;DEWALT DCS7485T2;1011,49;pack;scie circulaire;54;AUCUN;6;;2;;;inconnu;famille:machine;REF:DCS7485|2X6;référence;2X6;1;;
Électro portatif;vissage-choc;DCF964H2G-QW;Boulonneuse à chocs 3/4 pouces 18V - POWERSTACK - PACK GFN - DEWALT - DCF964H2G-QW;958,80;pack;clé à chocs;18;AUCUN;;;;;;inconnu;famille:machine;REF:DCF964|2X5;référence;2X5;2;;
Électro portatif;fixation;DGN845N;DEWALT DGN845N;991,44;seul;cloueur;18;AUCUN;;;0;;;inconnu;famille:machine;REF:DGN845|NU;référence;NU;1;;
Électro portatif;vissage-choc;DCF964H2G-QW;Boulonneuse à chocs DCF964H2G-QW 18V 3/4 pouces POWERSTACK 2 batteries chargeur;977,98;pack;clé à chocs;18;AUCUN;;;2;;;inconnu;famille:machine;REF:DCF964|2X5+CHARGEUR;référence;2X5+CHARGEUR;1;;
Électro portatif;sciage;DCS727T2-QW;DEWALT DCS727T2-QW;975,11;pack;;;AUCUN;6;;2;;;inconnu;famille:machine;REF:DCS727|2X6;référence;2X6;1;;
Électro portatif;perforation;DCH333Y2;DEWALT DCH333Y2;936,00;pack;marteau perforateur;;AUCUN;12;;2;;;inconnu;famille:machine;REF:DCH333|2X12;référence;2X12;1;;
Électro portatif;combo;DCK276P3;DEWALT DCK276P3;925,05;pack;pack d'outils;18;AUCUN;5;;3;;;inconnu;famille:machine;REF:DCK276|3X5;référence;3X5;1;;
Électro portatif;percage;DCD460;DEWALT DCD460;924,95;seul;perceuse d'angle;;AUCUN;;;;;;inconnu;famille:machine;REF:DCD460|NU;référence;NU;1;;
Électro portatif;meulage;DCG200X2-QW;DEWALT DCG200X2-QW;906,89;pack;rainureuse;;AUCUN;9;;2;;;inconnu;famille:machine;REF:DCG200|2X9;référence;2X9;1;;
Électro portatif;perforation;DCH832X2-QW;DEWALT DCH832X2-QW;899,90;pack;marteau perforateur;;AUCUN;9;;2;;;inconnu;famille:machine;REF:DCH832|2X9;référence;2X9;1;;
Électro portatif;combo;DCD800/DCF887/DCH273/DCG405/DCL182-XJ;PACK 5 OUTILS DEWALT ,4 batteries 5Ah 18v,2 chargeurs + disque.DCD800/DCF887/DCH273/DCG405/DCL182-XJ;990,00;pack;pack d'outils;18;AUCUN;5;5;4;;;sans-ref;famille:machine;REF:DCD800|1X5+CHARGEUR;référence;1X5+CHARGEUR;1;;
Électro portatif;vissage-choc;DCF964H2G;DEWALT DCF964H2G DCF964H2G-QW Clé à chocs sans fil 18 V Nombre d’accus fournis 2 5 Ah Li-Ion + 2 batteries, + chargeur;985,05;pack;clé à chocs;18;AUCUN;5;;2;;;sans-ref;famille:machine;REF:DCF964|1X5+CHARGEUR;référence;1X5+CHARGEUR;1;;
Électro portatif;combo;DCK2055T2T-QW;DeWalt Combo pack DCK2055T2T-QW;965,39;pack;pack d'outils;54;TSTAK;6;;2;;;sans-ref;famille:machine;REF:DCK2055|2X6;référence;2X6;1;;
Électro portatif;percage;;DeWalt Bâti de forage & collier de serrage;961,65;seul;perceuse;;AUCUN;;;;;;sans-ref;famille:machine;TIT:b ti de forage collier de serrage;titre;NU;1;;
Électro portatif;percage;;DeWalt Bâti de forage & collier de serrage (60 mm);961,65;seul;perceuse;;AUCUN;;;;;;sans-ref;famille:machine;TIT:b ti de forage collier de serrage 60 mm;titre;NU;1;;
Électro portatif;batterie;DCBPS0554-XJ;DeWalt Powershift battery 554 Wh 10 Ah (DCBPS0554-XJ);924,00;pack;batterie;4;;10;;1;;;sans-ref;famille:energie;REF:DCBPS0554|1X10;référence;1X10;1;;
Électro portatif;mesure;DCE080D1RS;DeWALT DCE080D1RS — DCE080D1RS;1259,99;seul;niveau laser;;AUCUN;;;;;;reconnu;famille:machine;REF:DCE080|1X2;référence;1X2;2;DCE080D1RS;1578,65
Électro portatif;chantier;AR-DXPW008E;DeWALT AR-DXPW008E — AR-DXPW008E;1234,00;seul;nettoyeur haute pression;;AUCUN;;;;;;reconnu;famille:machine;REF:AR-DXPW008E|NU;référence;NU;1;AR-DXPW008E;1564,72
Électro portatif;combo;DCK755P3T;DeWALT DCK755P3T — DCK755P3T;1210,99;pack;pack d'outils;18;TSTAK;5;;3;;;reconnu;famille:machine;REF:DCK755|3X5;référence;3X5;1;DCK755P3T;1536,74
Électro portatif;combo;DCK706P3T-QW;DeWALT DCK706P3T-QW — DCK706P3T-QW;1203,30;pack;pack d'outils;18;TSTAK;5;;3;;;reconnu;famille:machine;REF:DCK706|3X5;référence;3X5;1;DCK706P3T-QW;1526,99
Électro portatif;mesure;DCLE15211RL-QW;DeWALT DCLE15211R-QW — Niveau laser rotatif double pente faisceaux rouges USB-C 600m IP66 DCLE15211R-QW;1199,00;pack;niveau laser;;AUCUN;;;;;;reconnu;famille:machine;REF:DCLE15211|NU;référence;NU;6;DCLE15211R-QW;1521,53
Électro portatif;perforation;D25966-QS;DeWALT D25966-QS — D25966-QS;1199,00;seul;marteau de démolition;;AUCUN;;;;;;reconnu;famille:machine;REF:D25966|NU;référence;NU;1;D25966-QS;1521,53
Électro portatif;combo;DCK665P3T;DeWALT DCK665P3T — DCK665P3T;1198,75;pack;pack d'outils;18;TSTAK;5;;3;;;reconnu;famille:machine;REF:DCK665|3X5;référence;3X5;1;DCK665P3T;1521,22
Électro portatif;percage;DCD150NK-XJ;DeWALT DCD150NK-XJ — DCD150NK-XJ;1189,40;pack;;;AUCUN;;;1;;;reconnu;famille:machine;REF:DCD150|NU;référence;NU;1;DCD150NK-XJ;1509,35
Électro portatif;chantier;DXPW006E;DeWALT DXPW006E — DXPW 006E - Nettoyeur haute pression Triphasé professionnel - 170 bars max- 900 l/h;1163,62;seul;nettoyeur haute pression;;AUCUN;;;;;;reconnu;famille:machine;REF:DXPW006|NU;référence;NU;6;DXPW006E;1477,80
Électro portatif;percage;DWE1622K;DeWALT DWE1622K — DWE1622K;1159,99;seul;perceuse;;AUCUN;;;;;;reconnu;famille:machine;REF:DWE1622|NU;référence;NU;1;DWE1622K;1473,19
Électro portatif;combo;DCK690P3T-QW;DeWALT DCK690P3T-QW — DCK690P3T-QW;1152,85;pack;pack d'outils;18;TSTAK;5;;3;;;reconnu;famille:machine;REF:DCK690|3X5;référence;3X5;1;DCK690P3T-QW;1465,58
Électro portatif;;DXWDCUT40E;DeWALT DXWDCUT40E — DXWDCUT40E - Découpeur plasma à Inverter;1113,52;seul;;;;;;;;;reconnu;titre;REF:DXWDCUT40|NU;référence;NU;1;DXWDCUT40E;1416,40
Électro portatif;sciage;DW711;DeWALT DW711 — DW711;1105,55;seul;scie à onglet;;AUCUN;;;;;;reconnu;famille:machine;REF:DW711|NU;référence;NU;1;DW711;1287,82
Électro portatif;mesure;DCE079D1R;DeWALT DCE079D1R-QW — Laser rotatif faisceau rouge 18V DCE079D1R-QW;1098,88;seul;niveau laser;;AUCUN;;;;;;reconnu;famille:machine;REF:DCE079|1X2+ROUGE;référence;1X2+ROUGE;1;DCE079D1R-QW;1397,77
Électro portatif;perforation;D25872K-QS;DeWALT D25872K-QS — D25872K-QS;1082,09;seul;marteau de démolition;;AUCUN;;;;;;reconnu;famille:machine;REF:D25872|NU;référence;NU;1;D25872K-QS;1377,50
Électro portatif;chantier;DXPW004E;DeWALT DXPW004E — DXPW004E;1081,79;seul;nettoyeur haute pression;;AUCUN;;;;;;reconnu;famille:machine;REF:DXPW004|NU;référence;NU;1;DXPW004E;1377,23
Électro portatif;combo;DCK685P3T-QW;DeWALT DCK685P3T-QW — DCK685P3T-QW;1064,27;pack;pack d'outils;18;TSTAK;5;;3;;;reconnu;famille:machine;REF:DCK685|3X5;référence;3X5;1;DCK685P3T-QW;1355,88
Électro portatif;perforation;DCH775X2;DEWALT DCH775X2;1234,00;pack;perforateur;;AUCUN;9;;2;;;inconnu;famille:machine;REF:DCH775|2X9;référence;2X9;1;;
Électro portatif;meulage;DCS690X2-XJ;DEWALT DCS690X2-XJ;1188,15;pack;meuleuse;54;AUCUN;9;;2;;;inconnu;famille:machine;REF:DCS690|2X9;référence;2X9;1;;
Électro portatif;perforation;DCH735X2;DEWALT DCH735X2;1180,57;pack;marteau perforateur;;AUCUN;9;;1;;;inconnu;famille:machine;REF:DCH735|2X9;référence;2X9;1;;
Électro portatif;combo;CHARGEURS.DCD800/DCF887/DCH273/DCG405/DCS572/DCL182-XJ;PACK 6 OUTILS DEWALT ,4 batteries 5Ah 18v,2 chargeurs.DCD800/DCF887/DCH273/DCG405/DCS572/DCL182-XJ;1170,00;pack;pack d'outils;18;AUCUN;5;6;4;;;inconnu;famille:machine;REF:CHARGEURS.DCD800/DCF887/DCH273/DCG405/DCS572/DCL182-XJ|1X5+CHARGEUR;référence;1X5+CHARGEUR;1;;
Électro portatif;perforation;DCH911X3-QW;DEWALT DCH911X3-QW;1163,97;pack;perforateur;;AUCUN;9;;3;;;inconnu;famille:machine;REF:DCH911|3X9;référence;3X9;1;;
Électro portatif;perforation;DCH892X2;DEWALT DCH892X2;1102,49;pack;perforateur;;AUCUN;9;;1;;;inconnu;famille:machine;REF:DCH892|2X9;référence;2X9;1;;
Électro portatif;meulage;DCG414T2;DEWALT DCG414T2;1054,95;pack;meuleuse d'angle;54;AUCUN;6;;2;;;inconnu;famille:machine;REF:DCG414|2X6;référence;2X6;1;;
Électro portatif;;FVK381TSX2HD-QW;DeWalt Kit FVK381TSX2HD-QW 54V/18V (3086);1257,00;pack;;54;;;;;;;sans-ref;titre;REF:FVK381|2X9;référence;2X9;1;;
Électro portatif;;FVK381T2HD-QW;DeWalt Kit FVK381T2HD-QW 54V/18V (3060);1195,00;pack;;54;;;;;;;sans-ref;titre;REF:FVK381|2X6;référence;2X6;1;;
Électro portatif;sciage;DCS781N-XJ;Scie à onglet radiale Ø305 mm DCS781N-XJ + 1 batterie 54V 9 Ah + 1 chargeur DCB118-QW DEWALT;1149,90;pack;scie à onglet;54;AUCUN;9;;1;;;sans-ref;famille:machine;REF:DCS781|1X9+CHARGEUR;référence;1X9+CHARGEUR;2;;
Électro portatif;combo;DCK663P3;Kit DeWALT DCK663P3 (DCD796 + DCF887 + DCS570 + DCS334 + DCG405 + DCL050 + 3 x 5.0 Ah + DCB1104 + 2 x DS300);1148,00;pack;pack d'outils;;AUCUN;5;;3;;;sans-ref;famille:machine;REF:DCK663|3X5.0;référence;3X5.0;1;;
Électro portatif;combo;DCK699M3T;DeWalt Kit DCK699M3T;1099,00;pack;pack d'outils;18;TSTAK;4;;3;;;sans-ref;famille:machine;REF:DCK699|3X4;référence;3X4;2;;
Électro portatif;chantier;DXPW005E;DeWalt DXPW 005E;1122,40;seul;nettoyeur haute pression;;AUCUN;;;;;;sans-ref;famille:machine;REF:DXPW005|NU;référence;NU;1;;
Électro portatif;;FVK271X2-QW;DeWalt Kit FVK271X2-QW 54V/18V (3071);1098,00;pack;;54;;9;;2;;;sans-ref;titre;REF:FVK271|2X9;référence;2X9;1;;
Électro portatif;batterie;DSET1;Dewalt DSET1 DCS391N + DCS331N + DCG405N + DCD796N + DCF887N + DCH273N - 6 ENSEMBLE DOUTILS ÉLECTRIQUES 18V XR - fournit;1097,86;pack;batterie;18;;5;;3;;;sans-ref;famille:energie;REF:DSET1|NU;référence;NU;1;;
Électro portatif;;D271055;DeWalt Table coulissante D271055;1076,95;seul;;;AUCUN;;;;;;sans-ref;famille:machine;REF:D271055|NU;référence;NU;1;;
Électro portatif;combo;DWK804T;DeWALT DWK804T — DWK804T;1694,00;pack;pack d'outils;18;TSTAK;5;;3;;;reconnu;famille:machine;REF:DWK804|NU;référence;NU;2;DWK804T;2112,18
Électro portatif;combo;DWK801T;DeWALT DWK801T — DWK801T;1690,00;pack;pack d'outils;18;TSTAK;5;;3;;;reconnu;famille:machine;REF:DWK801|NU;référence;NU;2;DWK801T;2107,15
Électro portatif;combo;DWK802T;DeWALT DWK802T — DWK802T;1595,00;pack;pack d'outils;18;TSTAK;5;;3;;;reconnu;famille:machine;REF:DWK802|NU;référence;NU;2;DWK802T;1990,80
Électro portatif;combo;DWK701T;DeWALT DWK701T — DWK701T;1679,00;pack;pack d'outils;18;TSTAK;5;;3;;;reconnu;famille:machine;REF:DWK701|NU;référence;NU;2;DWK701T;2093,32
Électro portatif;bois;D27300;DeWALT D27300 — D27300;1464,44;seul;rabot;;AUCUN;;;;;;reconnu;famille:machine;REF:D27300|NU;référence;NU;2;D27300;1848,12
Électro portatif;chantier;DXCMB75T270HCE;DeWALT DXCMB75T270HCE — DXCMB75T270HCE - Compresseur d'air électrique triphasé par courroie - Moteur 7,5 CV 270 L;1673,19;seul;compresseur;;AUCUN;;;;;;reconnu;famille:machine;REF:DXCMB75|ACCESSOIRE;référence;ACCESSOIRE;2;DXCMB75T270HCE;2104,87
Électro portatif;perforation;D25981;DeWALT D25981 — D25981;1599,00;seul;marteau de démolition;;AUCUN;;;;;;reconnu;famille:machine;REF:D25981|NU;référence;NU;2;D25981;2013,14
Électro portatif;combo;DWK601T;DeWALT DWK601T — DWK601T;1525,00;pack;pack d'outils;18;TSTAK;;;;;;reconnu;famille:machine;REF:DWK601|NU;référence;NU;2;DWK601T;1904,11
Électro portatif;;DCPS330N-XJ;DeWALT DCPS330N-XJ — Règle vibrante Dewalt Powershift™ - DCPS330N-XJ - Solo DEWALT;1659,90;seul;;;;;;0;;;reconnu;titre;REF:DCPS330|NU;référence;NU;1;DCPS330N-XJ;2088,16
Électro portatif;combo;DWK702T;DeWALT DWK702T — DWK702T;1551,00;pack;pack d'outils;18;TSTAK;5;;3;;;reconnu;famille:machine;REF:DWK702|NU;référence;NU;2;DWK702T;1936,90
Électro portatif;combo;DWK800T;DeWALT DWK800T — DWK800T;1601,00;pack;pack d'outils;18;TSTAK;5;;3;;;reconnu;famille:machine;REF:DWK800|NU;référence;NU;2;DWK800T;1998,36
Électro portatif;chantier;DXCMB55T271HCE;DeWALT DXCMB55T271HCE — DXCMB55T271HCE - Compresseur d'air électrique triphasé à courroie - Moteur 5,5 CV 270 L;1593,19;seul;compresseur;;AUCUN;;;;;;reconnu;famille:machine;REF:DXCMB55|ACCESSOIRE;référence;ACCESSOIRE;1;DXCMB55T271HCE;2007,42
Électro portatif;combo;DWK700T;DeWALT DWK700T — DWK700T;1525,00;pack;pack d'outils;18;TSTAK;5;;3;;;reconnu;famille:machine;REF:DWK700|NU;référence;NU;2;DWK700T;1904,11
Électro portatif;combo;DCK853P4;DeWALT DCK853P4 — DCK853P4;1503,67;pack;pack d'outils;18;AUCUN;5;;4;;;reconnu;famille:machine;REF:DCK853|4X5;référence;4X5;3;DCK853P4;1896,13
Électro portatif;sciage;D27107XPS;DeWALT D27107XPS — D27107XPS;1336,24;seul;scie circulaire;;AUCUN;;;;;;reconnu;famille:machine;REF:D27107|NU;référence;NU;2;D27107XPS;1599,55
Électro portatif;combo;DWK600T;DeWALT DWK600T — DWK600T;1331,00;pack;pack d'outils;18;TSTAK;;;;;;reconnu;famille:machine;REF:DWK600|NU;référence;NU;2;DWK600T;1666,06
Électro portatif;perforation;DCH323T2-QW;DeWALT DCH323T2-QW — DCH323T2-QW;1435,59;pack;marteau perforateur;;AUCUN;6;;2;;;reconnu;famille:machine;REF:DCH323|2X6;référence;2X6;1;DCH323T2-QW;1813,15
Électro portatif;combo;DCK654P3T-QW;DeWALT DCK654P3T-QW — DCK654P3T-QW;1417,00;pack;pack d'outils;18;TSTAK;5;;3;;;reconnu;famille:machine;REF:DCK654|3X5;référence;3X5;1;DCK654P3T-QW;1627,19
Électro portatif;perforation;D25960K;DeWALT D25960K — D25960K;1303,69;seul;marteau de démolition;;AUCUN;;;;;;reconnu;famille:machine;REF:D25960|NU;référence;NU;1;D25960K;1650,47
Électro portatif;combo;DCK509P3-QW;DeWALT DCK509P3-QW — DCK509P3-QW;1288,52;pack;pack d'outils;18;AUCUN;5;;3;;;reconnu;famille:machine;REF:DCK509|3X5;référence;3X5;1;DCK509P3-QW;1598,36
Électro portatif;percage;DCD1623N-XJ;DeWALT DCD1623N-XJ — DCD1623N-XJ;1287,31;pack;perceuse;;AUCUN;;;1;;;reconnu;famille:machine;REF:DCD1623|NU;référence;NU;1;DCD1623N-XJ;1629,73
Électro portatif;chantier;DXPW007E;DeWALT DXPW007E — DXPW 007E - Nettoyeur haute pression triphasé professionnel - 230 bars max - 840 l/h;1270,17;seul;nettoyeur haute pression;;AUCUN;;;;;;reconnu;famille:machine;REF:DXPW007|NU;référence;NU;6;DXPW007E;1609,32
Électro portatif;perforation;DCH334X2-QW;DEWALT DCH334X2-QW;1441,75;pack;marteau perforateur;;AUCUN;9;;2;;;inconnu;famille:machine;REF:DCH334|2X9;référence;2X9;2;;
Électro portatif;percage;DCD150X2-QW;Carotteuse XR FLEXVOLT 54V Brushless 54V 9Ah- DCD150X2-QW DEWALT;1679,90;pack;carotteuse;54;AUCUN;9;;2;;;sans-ref;famille:machine;REF:DCD150|1X9;référence;1X9;1;;
Électro portatif;combo;DCK624P3T;DeWALT - Set 12 outils sans fil, batteries et chargeur DCK624P3T;1445,06;pack;pack d'outils;;TSTAK;5;12;1;;;sans-ref;famille:machine;REF:DCK624|NU;référence;NU;1;;
Électro portatif;chantier;;DeWalt DXWDTIG 210E - Poste à souder Inverter (TIG HF/LIFT, MMA) - courant continue (DC) - Mallette;1434,98;pack;poste à souder;;GENERIQUE;;;;;;sans-ref;famille:machine;TIT:dxwdtig 210e poste souder inverter tig hf lift mma courant continue dc mallette;titre;NU;1;;
Électro portatif;;FVK381T3HD-QW;DeWalt Kit FVK381T3HD-QW 54V/18V (3062);1327,00;pack;;54;;;;;;;sans-ref;titre;REF:FVK381|3X6;référence;3X6;1;;
Électro portatif;;DCPS660N-XJ;DeWALT DCPS660N-XJ — Pilonneuse 60kg Powershift™ - Solo - DCPS660N-XJ DEWALT;4725,90;seul;;;;;;0;;;reconnu;titre;REF:DCPS660|NU;référence;NU;1;DCPS660N-XJ;5864,84
Électro portatif;sciage;DW721KN;DeWALT DW721KN — DW721KN;3425,69;seul;scie;;AUCUN;;;0;;;reconnu;famille:machine;REF:DW721|NU;référence;NU;1;DW721KN;4247,89
Électro portatif;batterie;DCPS7154N-XJ;DeWALT DCPS7154N-XJ — DCPS7154N-XJ;3048,78;pack;batterie;;;;;1;;;reconnu;famille:energie;REF:DCPS7154|NU;référence;NU;1;DCPS7154N-XJ;3780,08
Électro portatif;combo;DWK1201T;DeWALT DWK1201T — DWK1201T;2486,00;pack;pack d'outils;18;TSTAK;;;;;;reconnu;famille:machine;REF:DWK1201|NU;référence;NU;2;DWK1201T;3086,28
Électro portatif;combo;DWK1203T;DeWALT DWK1203T — DWK1203T;2592,00;pack;pack d'outils;18;TSTAK;;;;;;reconnu;famille:machine;REF:DWK1203|NU;référence;NU;2;DWK1203T;3218,68
Électro portatif;combo;DWK1200T;DeWALT DWK1200T — DWK1200T;2321,00;pack;pack d'outils;;TSTAK;;;1;;;reconnu;famille:machine;REF:DWK1200|NU;référence;NU;2;DWK1200T;2884,81
Électro portatif;combo;DWK1101T;DeWALT DWK1101T — DWK1101T;2273,00;pack;pack d'outils;18;TSTAK;5;;3;;;reconnu;famille:machine;REF:DWK1101|NU;référence;NU;2;DWK1101T;2824,76
Électro portatif;combo;DWK1202T;DeWALT DWK1202T — DWK1202T;2321,00;pack;pack d'outils;18;TSTAK;;;;;;reconnu;famille:machine;REF:DWK1202|NU;référence;NU;2;DWK1202T;2884,81
Électro portatif;combo;DWK1103T;DeWALT DWK1103T — DWK1103T;2310,00;pack;pack d'outils;18;TSTAK;5;;3;;;reconnu;famille:machine;REF:DWK1103|NU;référence;NU;2;DWK1103T;2871,05
Électro portatif;combo;DWK1102T;DeWALT DWK1102T — DWK1102T;2123,00;pack;pack d'outils;18;TSTAK;5;;3;;;reconnu;famille:machine;REF:DWK1102|NU;référence;NU;2;DWK1102T;2641,32
Électro portatif;chantier;DXPW010E;DeWALT DXPW010E — DXPW010E;2347,26;seul;nettoyeur haute pression;;AUCUN;;;;;;reconnu;famille:machine;REF:DXPW010|NU;référence;NU;1;DXPW010E;2934,07
Électro portatif;combo;DWK1100T;DeWALT DWK1100T — DWK1100T;2211,00;pack;pack d'outils;18;TSTAK;5;;3;;;reconnu;famille:machine;REF:DWK1100|NU;référence;NU;2;DWK1100T;2749,39
Électro portatif;chantier;DXPW011E;DeWALT DXPW011E — DXPW011E;2179,15;seul;nettoyeur haute pression;;AUCUN;;;;;;reconnu;famille:machine;REF:DXPW011|NU;référence;NU;1;DXPW011E;2728,30
Électro portatif;perforation;DCH733;DeWALT DCH733N-XJ — DCH733N-XJ;2092,68;seul;marteau perforateur;;AUCUN;;;;;;reconnu;famille:machine;REF:DCH733|NU;référence;NU;2;DCH733N-XJ;2603,33
Électro portatif;mesure;DCE079D1G;DeWALT DCE079D1G-QW — Laser rotatif faisceau vert 18V DCE079D1G-QW;2082,39;seul;niveau laser;;AUCUN;;;;;;reconnu;famille:machine;REF:DCE079|1X2+VERT;référence;1X2+VERT;1;DCE079D1G-QW;1661,10
Électro portatif;combo;DWK901T;DeWALT DWK901T — DWK901T;1884,00;pack;pack d'outils;18;TSTAK;5;;3;;;reconnu;famille:machine;REF:DWK901|NU;référence;NU;2;DWK901T;2345,59
Électro portatif;mesure;DCLE15221G-QW;DeWALT DCLE15221G-QW — Niveau laser rotatif simple pente faisceaux verts USB-C 600m IP66 DCLE15221G-QW;1750,81;seul;niveau laser;;AUCUN;;;;;;reconnu;famille:machine;REF:DCLE15221|NU;référence;NU;4;DCLE15221G-QW;2200,76
Électro portatif;combo;DWK805T;DeWALT DWK805T — DWK805T;1800,00;pack;pack d'outils;18;TSTAK;5;;3;;;reconnu;famille:machine;REF:DWK805|NU;référence;NU;2;DWK805T;2243,75
Électro portatif;perforation;DCH966;DeWALT DCH966 — DCH966;1907,81;pack;perforateur;;AUCUN;;;1;;;reconnu;famille:machine;REF:DCH966|NU;référence;NU;1;DCH966;2394,30
Électro portatif;combo;DWK900T;DeWALT DWK900T — DWK900T;1743,00;pack;pack d'outils;18;TSTAK;5;;3;;;reconnu;famille:machine;REF:DWK900|NU;référence;NU;2;DWK900T;2172,10
Électro portatif;chantier;DXGNP853E;DeWALT DXGNP853E — DXGNP853E;1872,95;seul;groupe électrogène;;AUCUN;;;;;;reconnu;famille:machine;REF:DXGNP853|NU;référence;NU;1;DXGNP853E;2350,55
Électro portatif;chantier;DXPW009E;DeWALT DXPW009E — DXPW009E;1847,40;seul;nettoyeur haute pression;;AUCUN;;;;;;reconnu;famille:machine;REF:DXPW009|NU;référence;NU;1;DXPW009E;2320,33
Électro portatif;combo;DWK803T;DeWALT DWK803T — DWK803T;1714,00;pack;pack d'outils;18;TSTAK;5;;3;;;reconnu;famille:machine;REF:DWK803|NU;référence;NU;2;DWK803T;2137,34
Électro portatif;combo;DWK703;DeWALT DWK703 — DWK703;1790,00;pack;pack d'outils;18;AUCUN;5;;3;;;reconnu;famille:machine;REF:DWK703|NU;référence;NU;2;DWK703;2231,17
Électro portatif;combo;DCK865P4T-QW;DeWALT DCK865P4T-QW — DCK865P4T-QW;1802,34;pack;pack d'outils;18;TSTAK;5;;4;;;reconnu;famille:machine;REF:DCK865|4X5;référence;4X5;1;DCK865P4T-QW;2263,74
Électro portatif;combo;DCK1012P4T-QW;DeWALT DCK1012P4T-QW — DCK1012P4T-QW;1778,33;pack;pack d'outils;18;TSTAK;5;;4;;;reconnu;famille:machine;REF:DCK1012|4X5;référence;4X5;1;DCK1012P4T-QW;2235,36
Électro portatif;combo;DCK856P4;DeWALT DCK856P4 — DCK856P4;1734,06;pack;pack d'outils;18;AUCUN;5;;4;;;reconnu;famille:machine;REF:DCK856|4X5;référence;4X5;1;DCK856P4;2179,72
Électro portatif;percage;DCD1623X2G;DEWALT DCD1623X2G;2399,05;pack;perceuse-visseuse;54;AUCUN;9;;2;;;inconnu;famille:machine;REF:DCD1623|2X9;référence;2X9;1;;
Électro portatif;perforation;DCH966Z2-QW;DEWALT DCH966Z2-QW;1907,81;pack;perforateur;;AUCUN;;;1;;;inconnu;famille:machine;REF:DCH966|2X15;référence;2X15;1;;
Électro portatif;combo;DCK-FR834MP4;DeWALT Kit DCK-FR834MP4 54V/18V (DCD996+DCG418+DCH333+DCS387+DCS391+ DCS331+DCL050+DCF887+2x5,0Ah+2x6,0Ah+DCB118+CADDY);2374,00;pack;pack d'outils;54;AUCUN;6;;2;;;sans-ref;famille:machine;REF:DCK-FR834MP4|2X5.0;référence;2X5.0;1;;
Électro portatif;combo;CPROF367;CPROF367 - KIT = D21583K + D215831 + DT9762 + DT9765 + DT9772;1840,85;pack;pack d'outils;;AUCUN;;;;;;sans-ref;famille:machine;REF:CPROF367|NU;référence;NU;1;;
Électro portatif;combo;DCK897P4-QW;DeWalt DCK897P4-QW Kit Outils 18 V Jaune/Noir;1825,34;pack;pack d'outils;18;AUCUN;5;;4;;;sans-ref;famille:machine;REF:DCK897|4X5;référence;4X5;1;;
Électro portatif;combo;DT71563-QZ;DEWALT Kit Premium 8 Outils XR 18V 5Ah Brushless - Perceuse Visseuse à Percussion, Visseuse à Chocs & Coffret de 100 Piè;1813,87;pack;pack d'outils;18;AUCUN;5;8;;100;;sans-ref;famille:machine;REF:DT71563|1X5;référence;1X5;1;;
Quincaillerie;accessoire;DT6771-QZ;DeWALT DT6771-QZ — DT6771-QZ - Adaptador para corona perforadora SDS-Max 400mm;77,04;seul;adaptateur;;;;;;1;;reconnu;famille:consommable;REF:DT6771|NU;référence;NU;2;DT6771-QZ;139,10
Quincaillerie;accessoire;DT99591-QZ;DeWALT DT99591-QZ — DT99591-QZ;76,98;pack;accessoire;;;;;;1;;reconnu;famille:consommable;REF:DT99591|NU;référence;NU;1;DT99591-QZ;124,38
Quincaillerie;vissage-embout;DT70762-QZ;DeWALT DT70762-QZ — DT70762-QZ Coffret TOUGHCASE 85 Pièces - Forets Béton et Métal et Embouts de Vissage - Pour Perceuse-Visseuse et;75,60;pack;embout de vissage;;GENERIQUE;;;;1;;reconnu;famille:consommable;REF:DT70762|NU;référence;NU;3;DT70762-QZ;206,76
Quincaillerie;;DNW2890E;DeWALT DNW2890E — DNW2890E;74,28;seul;;;;;;;;;reconnu;hérité du doublon classé;REF:DNW2890|NU;référence;NU;4;DNW2890E;126,44
Quincaillerie;fraise;HSS32;DEWALT-fraise à carotter HSS 32 mm;77,26;seul;fraise;;;;;;1;;inconnu;tête du titre (consommable);REF:HSS32|NU;référence;NU;1;;
Quincaillerie;visserie;DNBDA1564GZ;DEWALT DNBDA1564GZ - Clavos 1,8mm x 64mm 15GA GALV , Argent , 64mm;76,98;seul;clou;;;;;;1;;inconnu;famille:consommable;REF:DNBDA1564|NU;référence;NU;1;;
Quincaillerie;burin;DNW31R75E;DeWalt DNW31R75E Pointes en Bande Métal 34° Crantées, 3.1mm x 75mm, Argent;75,05;seul;burin pointu;;;;;;1;;inconnu;famille:consommable;REF:DNW31|7X6;référence;7X6;4;;
Quincaillerie;burin;DNPT31R90Z;DeWalt DNPT31R90Z Pointes en bande papier 33° crantées 3.1x90mm Argent;76,78;seul;burin pointu;;;;;;1;;inconnu;famille:consommable;REF:DNPT31|9X6;référence;9X6;9;;
Quincaillerie;visserie;DNN2040E;DEWALT DNN2040E Coil Clou 2.03-40 Plain 17,5 m;76,54;seul;clou;;;;;;1;;inconnu;tête du titre (consommable);REF:DNN2040|NU;référence;NU;1;;
Quincaillerie;accessoire;DP43-QZ;DEWALT DP43-QZ Petite Boîte d'Accessoires - 25 x T25 25mm - Pour Perceuse-Visseuse;76,31;seul;accessoire;;;;;;1;;inconnu;tête du titre (consommable);REF:DP43|NU;référence;NU;1;;
Quincaillerie;visserie;DRS18100-XJ;DeWalt DRS18100-XJ 25mm Insulated cable staples;76,20;seul;agrafe;;;;;;1;;inconnu;famille:consommable;REF:DRS18100|NU;référence;NU;1;;
Quincaillerie;disque;DW4774;DEWALT - Disque de meulage double rangée, coupe diamant, 11,4 cm (DW4774);75,64;seul;disque à ébarber;;;;;;1;;inconnu;tête du titre (consommable);REF:DW4774|NU;référence;NU;1;;
Quincaillerie;accessoire;DNF2880E;DEWALT PowerCoil ongles DNF 80 mm 6 Kst. lisse, 1 pièce, dnf2880e;75,37;seul;accessoire;;;;;;1;;inconnu;tête du titre (consommable);REF:DNF2880|NU;référence;NU;1;;
Quincaillerie;burin;DNPT28R75G12Z;Dewalt DNPT28R75G12Z Pointes en bande papier 33° crantées éléctro-zinguées 2.8x75mm;74,89;seul;burin pointu;;;;;;1;;inconnu;famille:consommable;REF:DNPT28|1X3_7X6;référence;1X3_7X6;4;;
Quincaillerie;visserie;DNN20R50E;DEWALT DNN20R50E Coil Clou 2.03-50 Ring 14 M;74,66;seul;clou;;;;;;1;;inconnu;tête du titre (consommable);REF:DNN20|5X6;référence;5X6;3;;
Quincaillerie;visserie;DNF25R50E;DEWALT dnf25r50e - Clous tête Ronde Strass en Bobine 2,5 x 50 mm;74,44;seul;clou;;;;;;1;;inconnu;tête du titre (consommable);REF:DNF25|5X6;référence;5X6;5;;
Quincaillerie;accessoire;DE3461;DEWALT DE3461;74,43;seul;accessoire;;;;;;1;;inconnu;famille:consommable;REF:DE3461|NU;référence;NU;1;;
Quincaillerie;foret;DWA1790IR;DEWALT DWA1790IR Lot de 3 forets étagés;77,20;pack;foret étagé;;;;;;3;;sans-ref;tête du titre (consommable);REF:DWA1790|NU;référence;NU;2;;
Quincaillerie;foret;DT9438-QZ;DeWalt SDS-max 35x570x450 mm DT9438-QZ;76,99;seul;foret;;;;;;1;;sans-ref;famille:consommable;REF:DT9438|NU;référence;NU;1;;
Quincaillerie;accessoire;DNBA1644SZ;DEWALT DNBA1644SZ Clous 20, Gris, Taille SS 44mm, Set de 2500 Pièces;76,86;pack;accessoire;;;;;;2500;;sans-ref;tête du titre (consommable);REF:DNBA1644|NU;référence;NU;5;;
Quincaillerie;visserie;;Boîte de 960 Agrafes pour clôture DEWALT;76,00;pack;agrafe;;;;;;960;;sans-ref;tête du titre (consommable);TIT:bo te de 960 agrafes pour cl ture;titre;NU;2;;
Quincaillerie;visserie;DDF6510020;DEWALT DDF6510020 - Clavos 20mm x 2,6 mm para fijación a gas C5 Track-It Nails + Carga de Gas;75,99;pack;clou;;;;;;1;;sans-ref;famille:consommable;REF:DDF6510020|NU;référence;NU;1;;
Quincaillerie;sciage;DT99593-QZ;DeWalt DT99593-QZ Lame de Scie Alligator HSS XR Extreme de 430 mm de longueur pour bois dur, 0 W, 0 V, Noir, 430 mm;75,88;seul;scie sabre;;AUCUN;;;;;;sans-ref;tête du titre (consommable);REF:DT99593|NU;référence;NU;3;;
Quincaillerie;lame-alternative;DT90345-QZ;DeWalt Scie Cloche Extreme Bi-Métal 140mm (DT90345-QZ);75,71;seul;scie-cloche;;;;;;1;;sans-ref;tête du titre (consommable);REF:DT90345|NU;référence;NU;1;;
Quincaillerie;coffret;DNF75;DEWALT dnf28r75e PowerCoil ongles DNF 75 mm 6 KST. Anneau Tige, Lot de 6;75,30;pack;lot;;;;;;6;;sans-ref;tête du titre (consommable);REF:DNF75|NU;référence;NU;1;;
Quincaillerie;foret;DT9439-QZ;DeWalt SDS-max 35x670x550 mm DT9439-QZ;74,99;seul;foret;;;;;;1;;sans-ref;famille:consommable;REF:DT9439|NU;référence;NU;1;;
Quincaillerie;;DWMT75463-0;"DeWalt Clé Dynamométrique 3/8"" 27-135Nm (DWMT75463-0)";74,99;seul;;;;;;;;;sans-ref;famille:consommable;REF:DWMT75463-0|NU;référence;NU;1;;
Quincaillerie;foret;DT60831-QZ;DeWalt Foret béton SDS-Max XLR 28x670mm (DT60831-QZ);74,99;seul;foret béton;;;;;;1;;sans-ref;tête du titre (consommable);REF:DT60831|NU;référence;NU;1;;
Quincaillerie;accessoire;;DEWALT Power Bank magnétique Robuste 5 000 mAh, Chargeur Portable sans Fil, Batterie 18W Charge Rapide, USB-C vers C ave;74,99;pack;adaptateur;;;;;;1;;sans-ref;famille:consommable;TIT:power bank magn tique robuste 5 000 mah chargeur portable sans fil batterie 18w charge rapide usb c vers c ave;titre;CHARGEUR;1;;
Quincaillerie;foret;DT9614-QZ;DeWalt SDS-plus 25x1000x950 mm DT9614-QZ;74,27;seul;foret;;;;;;1;;sans-ref;famille:consommable;REF:DT9614|NU;référence;NU;1;;
Quincaillerie;coffret;AW2484;Dewalt - Boîte à outils « TSTAK II » AW2484 (185 mm x 330 mm x 440 mm) (noir/jaune);74,16;pack;coffret;;TSTAK;;;;;;sans-ref;tête du titre (consommable);REF:AW2484|NU;référence;NU;1;;
Quincaillerie;foret;DT7926-XJ;DeWALT DT7926-XJ — Foret métal HSS-G Coffret 29 pièces - DT7926-XJ & Coffret de 32 Embouts de Vissage de 25mm Robustes et Précis - A;79,03;seul;foret;;;;;;1;;reconnu;tête du titre (consommable);REF:DT7926|NU;référence;NU;5;DT7926-XJ;160,16
Quincaillerie;foret;DT9559-QZ;DeWALT DT9559-QZ — Foret SDS-Plus Extreme 2 taillants 12 x 950 mm - DT9559-QZ;77,88;seul;foret;;;;;;1;;reconnu;tête du titre (consommable);REF:DT9559|NU;référence;NU;4;DT9559-QZ;127,12
Quincaillerie;vissage-embout;DT70748T-QZ;DeWalt DT70748T-QZ Coffret 24 Pièces - Embouts de Vissage Flextorq et Forets - Pour Perceuse-Visseuse Multicolore;79,53;pack;embout de vissage;;GENERIQUE;;;;1;;inconnu;tête du titre (consommable);REF:DT70748|NU;référence;NU;1;;
Quincaillerie;visserie;DNN20R35E;DEWALT DNN20R35E Coil Clou 2.03-35 Ring 21 M;79,05;seul;clou;;;;;;1;;inconnu;tête du titre (consommable);REF:DNN20|3X6;référence;3X6;3;;
Quincaillerie;;DNW28R75E;DeWalt DNW28R75E - Tête ronde brillante pour cadre 2,8 x 75 mm Argent Taille 34 2,8 x 75 mm;78,47;seul;;;;;;;;;inconnu;hérité du doublon classé;REF:DNW28|7X6;référence;7X6;2;;
Quincaillerie;lame-circulaire;DT4338-QZ;DEWALT DT4338-QZ;77,96;seul;lame de scie circulaire;;;;;;1;;inconnu;famille:consommable;REF:DT4338|NU;référence;NU;1;;
Quincaillerie;foret;DT8969-QZ;DEWALT DT8969-QZ;77,57;seul;foret;;;;;;1;;inconnu;famille:consommable;REF:DT8969|NU;référence;NU;1;;
Quincaillerie;lame-circulaire;DT1086-QZ;DEWALT DT1086-QZ;77,54;seul;lame de scie circulaire;;;;;;1;;inconnu;famille:consommable;REF:DT1086|NU;référence;NU;1;;
Quincaillerie;burin;DNPT2863Z;Dewalt DNPT2863Z Pointes en bande papier 33° 2.8x63mm;77,52;seul;burin pointu;;;;;;1;;inconnu;famille:consommable;REF:DNPT2863|NU;référence;NU;1;;
Quincaillerie;foret;DT3886;DEWALT DT3886;77,43;seul;foret;;;;;;1;;inconnu;famille:consommable;REF:DT3886|NU;référence;NU;1;;
Quincaillerie;coffret;DWST83346-1;DeWalt Coffret TSTAK Grande Contenance DWST83346-1 - IP54 - Emplacement Tag Tool Connect & Organiseur TSTAK DWST82968-1 ;79,46;pack;coffret;;TSTAK;;;;;;sans-ref;famille:rangement;REF:DWST83346-1|NU;référence;NU;1;;
Quincaillerie;fixation;DCN660N;Clous à tête refoulé 44mm A2 20° Cloueur sans fil DeWalt DCN660N DCN660NT DC618 DC610 BR-07 2,5M;79,20;seul;cloueur;;AUCUN;;;0;;;sans-ref;tête du titre (consommable);REF:DCN660|NU;référence;NU;1;;
Quincaillerie;foret;DT60840-QZ;DeWalt SDS-max 36x570x440 mm DT60840-QZ;78,98;seul;foret;;;;;;1;;sans-ref;famille:consommable;REF:DT60840|NU;référence;NU;1;;
Quincaillerie;coffret;DNF80;DEWALT dnf28r80e PowerCoil ongles DNF 80 mm 6 KST. Anneau Tige, Lot de 6;78,91;pack;lot;;;;;;6;;sans-ref;tête du titre (consommable);REF:DNF80|NU;référence;NU;1;;
Quincaillerie;vissage-embout;;DEWALT Carlisle Bottes de travail en cuir nubuck pour homme, avec embout en acier de sécurité, légères, stone, 47 EU;78,34;seul;embout de vissage;;;;;;1;;sans-ref;famille:consommable;TIT:carlisle bottes de travail en cuir nubuck pour homme avec embout en acier de s curit l g res stone 47 eu;titre;NU;1;;
Quincaillerie;fixation;DCN890;DeWalt Chasse-clous de rechange pour Cloueur à béton sans fil DCN890 (DCN8901-XJ);78,30;seul;cloueur;18;AUCUN;;;;;;sans-ref;tête du titre (consommable);REF:DCN890|ACCESSOIRE;référence;ACCESSOIRE;2;;
Quincaillerie;foret;DT5562;DeWalt EXTREME 2 HSS-G foret métal 12,5 x 151 x 98 mm grand pack DT5562;78,07;pack;foret métal;;;;;;1;;sans-ref;tête du titre (consommable);REF:DT5562|NU;référence;NU;1;;
Quincaillerie;abrasif;DT3380-QZ;DeWalt Disque de ponçage carbure de silicium K400 125 mm (DT3380-QZ);77,99;seul;disque abrasif;;;;;;1;;sans-ref;tête du titre (consommable);REF:DT3380|NU;référence;NU;1;;
Quincaillerie;burin;DNW31R90E;DeWALT DNW31R90E — DNW31R90E Pointes en Bande Métal 34° Crantées, 3.1mm x 90mm, Argent;81,35;seul;burin pointu;;;;;;1;;reconnu;famille:consommable;REF:DNW31|9X6;référence;9X6;2;DNW31R90E;123,58
Quincaillerie;fixation;DCE5601-XJ;DeWALT DCE5601-XJ — Support cartouche pour pistolet à mastic - - DCE5601-XJ;79,54;seul;pistolet à mastic;;AUCUN;;;;;;reconnu;tête du titre (consommable);REF:DCE5601|ACCESSOIRE;référence;ACCESSOIRE;6;DCE5601-XJ;145,46
Quincaillerie;foret;DT3885;DeWALT DT3885 — DT3885;80,73;seul;foret;;;;;;1;;reconnu;famille:consommable;REF:DT3885|NU;référence;NU;1;DT3885;122,80
Quincaillerie;;DNPT28R63G12Z;DeWALT DNPT28R63G12Z — DNPT28R63G12Z - Cabeza redonda galvanizada 2.8x63mm;80,55;seul;;;;;;;;;reconnu;tête du titre (consommable);REF:DNPT28|1X3_6X6;référence;1X3_6X6;1;DNPT28R63G12Z;122,59
Quincaillerie;burin;DNPT3190G12Z;DeWALT DNPT3190G12Z — DNPT3190G12Z Pointes en bande papier 33° éléctro-zinguées 3.1x90mm;80,36;seul;burin pointu;;;;;;1;;reconnu;famille:consommable;REF:DNPT3190|1X3;référence;1X3;3;DNPT3190G12Z;122,30
Quincaillerie;visserie;DNN2045E;DeWALT DNN2045E — DNN2045E Coil Clou 2.03-45 Plain 17,5 m;80,34;seul;clou;;;;;;1;;reconnu;tête du titre (consommable);REF:DNN2045|NU;référence;NU;1;DNN2045E;122,28
Quincaillerie;lame-circulaire;DT1473-QZ;DeWALT DT1473-QZ — DT1473-QZ;79,99;seul;lame de scie circulaire;;;;;;1;;reconnu;famille:consommable;REF:DT1473|NU;référence;NU;1;DT1473-QZ;121,91
Quincaillerie;burin;DNPT31R90G12Z;DeWALT DNPT31R90G12Z — DNPT31R90G12Z 34° Clous lisses 3,1 x 90 mm 2200 pièces;79,62;seul;burin pointu;;;;;;1;;reconnu;tête du titre (consommable);REF:DNPT31|1X3_9X6;référence;1X3_9X6;14;DNPT31R90G12Z;123,96
Quincaillerie;accessoire;DWHT0-83187;Serre-joint Xl 900 Mm Dewalt Dwht0-83187;80,77;seul;serre-joint;;;;;;1;;inconnu;famille:consommable;REF:DWHT0-83187|NU;référence;NU;1;;
Quincaillerie;lame-circulaire;DT4218-QZ;DEWALT DT4218-QZ;79,99;seul;lame de scie circulaire;;;;;;1;;inconnu;famille:consommable;REF:DT4218|NU;référence;NU;1;;
Quincaillerie;accessoire;DNW2863E;DeWalt DNW2863E Clous, Argent, Taille 34 63mm, Set de 2200 Pièces;80,83;pack;accessoire;;;;;;2200;;sans-ref;tête du titre (consommable);REF:DNW2863|NU;référence;NU;2;;
Quincaillerie;vissage-embout;;DEWALT Carlisle Bottes de travail en cuir nubuck pour homme, avec embout en acier de sécurité, légères, stone, 39 EU;80,08;seul;embout de vissage;;;;;;1;;sans-ref;famille:consommable;TIT:carlisle bottes de travail en cuir nubuck pour homme avec embout en acier de s curit l g res stone 39 eu;titre;NU;1;;
Quincaillerie;vissage-embout;;DEWALT Carlisle Bottes de travail en cuir nubuck pour homme, avec embout en acier de sécurité, légères, stone, 42 2/3 EU;79,99;seul;embout de vissage;;;;;;1;;sans-ref;famille:consommable;TIT:carlisle bottes de travail en cuir nubuck pour homme avec embout en acier de s curit l g res stone 42 2 3 eu;titre;NU;1;;
Quincaillerie;foret;DT20452-QZ;DeWalt EXTREME Full Carbide SDS-plus Set Forets à Percussion 10x160x100mm (DT20452-QZ);79,99;pack;foret;;;;;;1;;sans-ref;famille:consommable;REF:DT20452|NU;référence;NU;1;;
Quincaillerie;foret;DT60826-QZ;DeWalt SDS-max 25x920x790 mm DT60826-QZ;79,99;seul;foret;;;;;;1;;sans-ref;famille:consommable;REF:DT60826|NU;référence;NU;1;;
Quincaillerie;coffret;DS165;DeWALT Coffret toughsystem 2.0 DS165 - DWST83293-1;79,90;pack;coffret modulaire;;TOUGHSYSTEM;;;;;;sans-ref;famille:rangement;REF:DS165|NU;référence;NU;1;;
Quincaillerie;vissage-embout;;DEWALT Carlisle Bottes de travail en cuir nubuck pour homme, avec embout en acier de sécurité, légères, stone, 46 EU;79,74;seul;embout de vissage;;;;;;1;;sans-ref;famille:consommable;TIT:carlisle bottes de travail en cuir nubuck pour homme avec embout en acier de s curit l g res stone 46 eu;titre;NU;1;;
Quincaillerie;visserie;DFS9175B1G-QZ;DeWALT DFS9175B1G-QZ — DFS9175B1G-QZ Grapas 45mm x 960;84,23;seul;agrafe;;;;;;1;;reconnu;famille:consommable;REF:DFS9175|NU;référence;NU;6;DFS9175B1G-QZ;127,10
Quincaillerie;lame-circulaire;305X30;DeWALT 305X30 — 305X30;83,53;seul;lame de scie circulaire;;;;;;1;;reconnu;famille:consommable;REF:305X30|NU;référence;NU;1;305X30;126,22
Quincaillerie;vissage-embout;DWMT74733;DeWALT DWMT74733 — Ensemble de clés mixtes à cliquet SAE, technologie à couple direct, étui verrouillable inclus, 8 pièces (DWMT7473;83,26;pack;clé mixte;;;;;;1;;reconnu;famille:consommable;REF:DWMT74733|NU;référence;NU;1;DWMT74733;125,42
Quincaillerie;visserie;DT9973;DeWALT DT9973 — DT9973;83,10;seul;clou;;;;;;1;;reconnu;famille:consommable;REF:DT9973|NU;référence;NU;1;DT9973;125,74
Quincaillerie;visserie;DNN20R45E;DeWALT DNN20R45E — DNN20R45E Coil Clous 2.03-45 Ring, 17,5 m;82,60;seul;clou;;;;;;1;;reconnu;tête du titre (consommable);REF:DNN20|4X6;référence;4X6;2;DNN20R45E;125,05
Quincaillerie;coffret;DWST60102-1;DeWALT DWST60102-1 — DWST60102-1;82,55;seul;;;;;;;;;reconnu;famille:rangement;REF:DWST60102-1|NU;référence;NU;1;DWST60102-1;125,06
Quincaillerie;coffret;DWST550112;DeWALT DWST550112 — Ceinture à outils en cuir, durable, ceinture professionnelle à 11 poches (DWST550112);81,90;seul;;;;;;;;;reconnu;famille:rangement;REF:DWST550112|NU;référence;NU;4;DWST550112;136,27
Quincaillerie;foret;DT5466;DeWALT DT5466 — DT5466;81,52;seul;foret;;;;;;1;;reconnu;famille:consommable;REF:DT5466|NU;référence;NU;1;DT5466;123,74
Quincaillerie;burin;DNPT28R;Pack de 2200 pointes crantées électro-zinguées 33° DEWALT DNPT28R;83,19;pack;burin pointu;;;;;;2200;;inconnu;famille:consommable;REF:DNPT28|NU;référence;NU;2;;
Quincaillerie;lame-alternative;DW5258;DeWALT Dw5258 6-1/5,1 cm par 48T Ultra Fine Finition Tracksaw Lame;83,04;seul;lame de scie;;;;;;1;;inconnu;famille:consommable;REF:DW5258|NU;référence;NU;2;;
Quincaillerie;accessoire;DNPT3190HDZ;DeWalt Clou en bande DNPT 3,1 x 90 mm 33 degrés lisse galvanisé à chaud (DNPT3190HDZ);84,68;seul;accessoire;;;;;;1;;sans-ref;tête du titre (consommable);REF:DNPT3190|NU;référence;NU;1;;
Quincaillerie;;DE7035;DeWalt DE 7035 Heavy Duty Legstand;84,32;seul;;;;;;;;;sans-ref;tête du titre (consommable);REF:DE7035|ACCESSOIRE;référence;ACCESSOIRE;1;;
Quincaillerie;accessoire;;Dewalt Accessoire pour routeur de rails de guidage;84,24;seul;accessoire;;;;;;1;;sans-ref;famille:consommable;TIT:accessoire pour routeur de rails de guidage;titre;NU;1;;
Quincaillerie;vissage-embout;;DEWALT Carlisle Bottes de travail en cuir nubuck pour homme, avec embout en acier de sécurité, légères, stone, 44 EU;84,02;seul;embout de vissage;;;;;;1;;sans-ref;famille:consommable;TIT:carlisle bottes de travail en cuir nubuck pour homme avec embout en acier de s curit l g res stone 44 eu;titre;NU;1;;
Quincaillerie;coffret;DWST171194;DeWalt TSTAK V (DWST171194);83,40;pack;coffret;;TSTAK;;;;;;sans-ref;famille:rangement;REF:DWST171194|NU;référence;NU;1;;
Quincaillerie;vissage-embout;;DEWALT DWASHRIR Impact Ready Embout pour cisaille à métaux;83,38;seul;embout de vissage;;;;;;1;;sans-ref;tête du titre (consommable);TIT:dwashrir impact ready embout pour cisaille m taux;titre;NU;2;;
Quincaillerie;burin;;DEWALT Carlisle Bottes de travail en cuir nubuck pour homme, pointe de sécurité en acier, légères, stone, 42 EU;83,14;seul;burin pointu;;;;;;1;;sans-ref;famille:consommable;TIT:carlisle bottes de travail en cuir nubuck pour homme pointe de s curit en acier l g res stone 42 eu;titre;NU;1;;
Quincaillerie;vissage-embout;;DEWALT Carlisle Bottes de travail en cuir nubuck pour homme, avec embout en acier de sécurité, légères, stone, 40 2/3 EU;82,49;seul;embout de vissage;;;;;;1;;sans-ref;famille:consommable;TIT:carlisle bottes de travail en cuir nubuck pour homme avec embout en acier de s curit l g res stone 40 2 3 eu;titre;NU;1;;
Quincaillerie;accessoire;DNW28R63G12E;DEWALT DNW28R63G12E Clou, Argent, Taille 34/63 mm, Set de 2200 Pièces;82,37;pack;accessoire;;;;;;2200;;sans-ref;tête du titre (consommable);REF:DNW28|1X3_6X6;référence;1X3_6X6;1;;
Quincaillerie;visserie;;DEWALT Clou en bande DEWALT DNPT 2,8 x 75 mm 33 degrés tige annulaire Galvanisé G12 Quantité:2000;81,99;seul;clou;;;;;;1;;sans-ref;tête du titre (consommable);TIT:clou en bande dnpt 2 8 x 75 mm 33 degr s tige annulaire galvanis g12 quantit 2000;titre;NU;1;;
Quincaillerie;visserie;;Pack de 5000 vis à bande Ø 3,5mm DEWALT;81,90;pack;vis à bande;;;;;;5000;;sans-ref;tête du titre (consommable);TIT:pack de 5000 vis bande 3 5mm;titre;NU;2;;
Quincaillerie;accessoire;DT20775;DeWALT DT20775 — DT20775;85,90;pack;accessoire;;;;;;5;;reconnu;famille:consommable;REF:DT20775|NU;référence;NU;1;DT20775;129,19
Quincaillerie;portage;DWST83522-1;DeWALT DWST83522-1 — DWST83522-1;85,90;seul;sac à outils;;;;;;;;reconnu;famille:rangement;REF:DWST83522-1|NU;référence;NU;1;DWST83522-1;129,19
Quincaillerie;lame-circulaire;DW3112;"DeWALT DW3112 — Lame de scie à onglet 25,4 cm (10"") - ATB - Entaille fine - Mandrin de 1,5 cm - 24 dents (DW3112)";85,60;seul;lame de scie circulaire;;;;;;1;;reconnu;tête du titre (consommable);REF:DW3112|NU;référence;NU;2;DW3112;129,19
Quincaillerie;accessoire;UC4200;DeWALT UC4200 — UC4200;85,05;pack;adaptateur;;;;;;1;;reconnu;famille:consommable;REF:UC4200|NU;référence;NU;1;UC4200;128,09
Quincaillerie;lame-circulaire;DT4281-QZ;DeWALT DT4281-QZ — DT4281-QZ;85,04;seul;lame de scie circulaire;;;;;;1;;reconnu;famille:consommable;REF:DT4281|NU;référence;NU;1;DT4281-QZ;128,08
Quincaillerie;portage;DWST83522-9;DeWALT DWST83522-9 — DWST83522-9;84,98;seul;sac à outils;;;;;;;;reconnu;famille:rangement;REF:DWST83522-9|NU;référence;NU;1;DWST83522-9;127,98
Quincaillerie;accessoire;DNW28R75G12E;DEWALT DNW28R75G12E Clou, Argent, Taille 34/75 mm, Set de 2200 Pièces;85,81;pack;accessoire;;;;;;2200;;sans-ref;tête du titre (consommable);REF:DNW28|1X3_7X6;référence;1X3_7X6;1;;
Quincaillerie;burin;DT8091-QZ;DeWalt 90 x 400 mm (DT8091-QZ);85,61;seul;burin plat;;;;;;1;;sans-ref;famille:consommable;REF:DT8091|NU;référence;NU;1;;
Quincaillerie;accessoire;DNW2870E;DeWalt DNW2870E Clous, Argent, Taille 34 70mm, Set de 2200 Pièces;85,30;pack;accessoire;;;;;;2200;;sans-ref;tête du titre (consommable);REF:DNW2870|NU;référence;NU;2;;
Quincaillerie;foret;DT6762-QZ;DeWalt SDS-max 65x107 mm DT6762-QZ;85,00;seul;foret;;;;;;1;;sans-ref;famille:consommable;REF:DT6762|NU;référence;NU;1;;
Quincaillerie;coffret;DWST60122-1;DeWalt McLaren Sac à dos d'outillage noir/jaune (DWST60122-1);84,94;seul;;;;;;;;oui;sans-ref;famille:rangement;REF:DWST60122-1|NU;référence;NU;1;;
Quincaillerie;foret;DT8972-QZ;DeWALT DT8972-QZ — DT8972-QZ;88,03;seul;foret;;;;;;1;;reconnu;famille:consommable;REF:DT8972|NU;référence;NU;1;DT8972-QZ;131,78
Quincaillerie;burin;DT6946-QZ;DeWALT DT6946-QZ — DT6946-QZ;87,48;seul;burin plat;;;;;;1;;reconnu;famille:consommable;REF:DT6946|NU;référence;NU;1;DT6946-QZ;131,14
Quincaillerie;visserie;DNBDA1538SZ;DeWALT DNBDA1538SZ — DNBDA1538SZ Clavos 1,8mm x 38mm 15GA;87,17;seul;clou;;;;;;1;;reconnu;famille:consommable;REF:DNBDA1538|NU;référence;NU;2;DNBDA1538SZ;130,75
Quincaillerie;accessoire;DT8412-XJ;DeWALT DT8412-XJ — DT8412-XJ;87,12;seul;accessoire;;;;;;1;;reconnu;famille:consommable;REF:DT8412|NU;référence;NU;1;DT8412-XJ;137,45
Quincaillerie;foret;DWA1789IR;"DeWALT DWA1789IR — Jeu de forets étagés, 7/8"" à 1-1/8"" (DWA1789IR)";86,98;seul;foret étagé;;;;;;1;;reconnu;tête du titre (consommable);REF:DWA1789|NU;référence;NU;1;DWA1789IR;130,48
Quincaillerie;coffret;DWST40603-1;DeWALT DWST40603-1 — DWST40603-1;86,82;seul;;;;;;;;;reconnu;famille:rangement;REF:DWST40603-1|NU;référence;NU;1;DWST40603-1;130,32
Quincaillerie;lame-alternative;DT8374-QZ;DeWALT DT8374-QZ — DT8374-QZ;86,76;seul;scie-cloche;;;;;;1;;reconnu;famille:consommable;REF:DT8374|NU;référence;NU;1;DT8374-QZ;130,22
Quincaillerie;coffret;DWST550114;DeWALT DWST550114 — DWST550114 Pochette à Outils en Cuir pour électricien 8 Poches avec Boucles pour Marteau et chaîne à Ruban Marron;86,54;seul;;;;;;;;;reconnu;famille:rangement;REF:DWST550114|NU;référence;NU;1;DWST550114;129,79
Quincaillerie;coffret;DS150;DeWALT DS150 — DS150;86,00;pack;coffret;;;;;;2;;reconnu;famille:rangement;REF:DS150|NU;référence;NU;2;DS150;129,26
Quincaillerie;;DWMT75462-0;DeWALT DWMT75462-0 — DWMT75462-0;85,99;seul;;;;;;;;;reconnu;famille:consommable;REF:DWMT75462-0|NU;référence;NU;1;DWMT75462-0;129,24
Quincaillerie;accessoire;DE3474;DeWALT DE3474 — DE3474;85,98;seul;accessoire;;;;;;1;;reconnu;famille:consommable;REF:DE3474|NU;référence;NU;1;DE3474;128,87
Quincaillerie;;DNW31R90G12E;DEWALT DNW31R90G12E;86,22;seul;;;;;;;;;inconnu;hérité du doublon classé;REF:DNW31|1X3_9X6;référence;1X3_9X6;4;;
Quincaillerie;coffret;;DeWALT Dcs16150 Lot de 2 1-1/5,1 cm en Calibre 16 Finition Vernis à ongles (2 500 par boîte);88,50;pack;lot;;;;;;2;;sans-ref;famille:rangement;TIT:dcs16150 lot de 2 1 1 5 1 cm en calibre 16 finition vernis ongles 2 500 par bo te;titre;NU;1;;
Quincaillerie;vissage-embout;DWMT86090-0;"DeWalt Jeu de douilles à impact 1/2"" 13-24mm, 8 pièces (DWMT86090-0)";88,41;seul;clé mixte;;;;;;1;;sans-ref;tête du titre (consommable);REF:DWMT86090-0|NU;référence;NU;1;;
Quincaillerie;coffret;DT9679-QZ;DEWALT Jeu de 15 forets et burins SDS-plus DT9679-QZ & Coffret de 100 Pièces de Perçage et Vissage Haute Performance - D;88,22;pack;coffret;;;;;;15;;sans-ref;tête du titre (consommable);REF:DT9679|NU;référence;NU;1;;
Quincaillerie;foret;DT9436-QZ;DeWalt SDS-max 32x920x800 mm DT9436-QZ;87,98;seul;foret;;;;;;1;;sans-ref;famille:consommable;REF:DT9436|NU;référence;NU;1;;
Quincaillerie;lame-alternative;DXTT-2-916;DeWalt Lame de lissage 406mm flexible en acier inoxydable (DXTT-2-916);87,84;seul;lame de scie;;;;;;1;;sans-ref;tête du titre (consommable);REF:DXTT-2-916|NU;référence;NU;1;;
Quincaillerie;coffret;DWHT82811-0;DeWalt Coffret Pinces VDE, 3 Pièces (DWHT82811-0);87,53;pack;coffret;;GENERIQUE;;;;;;sans-ref;famille:rangement;REF:DWHT82811-0|NU;référence;NU;1;;
Quincaillerie;fixation;DCN930P2;34° DNW clous en bande 2,8x50mm anneau galvanisé Cloueur sans fil DeWalt DCN930P2 DCN930N DV 2,2M;87,19;pack;cloueur;;AUCUN;5;;2;;;sans-ref;tête du titre (consommable);REF:DCN930|2X5;référence;2X5;1;;
Quincaillerie;lame-alternative;;DEWALT Scie cloche bi-métal extrême 168mm DEWALT Quantité:1;86,99;seul;scie-cloche;;;;;;1;;sans-ref;tête du titre (consommable);TIT:scie cloche bi m tal extr me 168mm quantit 1;titre;NU;1;;
Quincaillerie;visserie;DNR3122GZ;DeWalt Clou en rouleau DNR 22mm 7200 pcs lisse galvanisé (DNR3122GZ);86,90;seul;clou;;;;;;1;;sans-ref;tête du titre (consommable);REF:DNR3122|NU;référence;NU;1;;
Quincaillerie;foret;DT9816-QZ;DeWalt SDS-plus 6x160x100 mm 50 pièces DT9816-QZ;86,58;seul;foret;;;;;;1;;sans-ref;famille:consommable;REF:DT9816|NU;référence;NU;1;;
Quincaillerie;lame-circulaire;DT1668-QZ;DeWalt 184mm x 16mm (DT1668-QZ);86,43;seul;lame de scie circulaire;;;;;;1;;sans-ref;famille:consommable;REF:DT1668|NU;référence;NU;1;;
Quincaillerie;foret;DT6761-QZ;DeWalt HB SDS-max 50x107 mm DT6761-QZ;85,99;seul;foret;;;;;;1;;sans-ref;famille:consommable;REF:DT6761|NU;référence;NU;1;;
Quincaillerie;foret;DT3888;DeWALT DT3888 — DT3888;89,65;seul;foret;;;;;;1;;reconnu;famille:consommable;REF:DT3888|NU;référence;NU;1;DT3888;133,75
Quincaillerie;accessoire;DT9943;DeWALT DT9943 — DT9943;89,62;seul;accessoire;;;;;;1;;reconnu;famille:consommable;REF:DT9943|NU;référence;NU;1;DT9943;133,64
Quincaillerie;portage;DWST60106-1;DeWALT DWST60106-1 — Panier porte-outils 51 cm DWST60106-1;89,00;seul;sac à outils;;;;;;;;reconnu;famille:rangement;REF:DWST60106-1|NU;référence;NU;2;DWST60106-1;130,56
Quincaillerie;lame-alternative;DT2186-QZ;DeWALT DT2186-QZ — DT2186-QZ;88,90;seul;lame de scie sauteuse;;;;;;1;;reconnu;famille:consommable;REF:DT2186|NU;référence;NU;1;DT2186-QZ;132,82
Quincaillerie;vissage-embout;DWMT19261-0;DeWALT DWMT19261-0 — DWMT19261-0 fr Jeu de clés à douilles métriques de cliquet, 7 pcs.;88,72;seul;clé mixte;;;;;;1;;reconnu;tête du titre (consommable);REF:DWMT19261-0|NU;référence;NU;1;DWMT19261-0;132,62
Quincaillerie;accessoire;DW7027;DEWALT Support de scie à onglet (DW7027) - Large - Jaune;90,39;seul;piètement;;;;;;1;;inconnu;tête du titre (consommable);REF:DW7027|ACCESSOIRE;référence;ACCESSOIRE;1;;
Quincaillerie;accessoire;DE0881-XJ;"Dewalt DE0881-XJ Trépied Laser Aluminium, Argent, 1/4""";89,83;seul;trépied;;;;;;1;;inconnu;famille:consommable;REF:DE0881|NU;référence;NU;1;;
Quincaillerie;foret;DT5031-QZ;DeWalt HSS-G 20-34 mm DT5031-QZ;90,36;seul;foret étagé;;;;;;1;;sans-ref;famille:consommable;REF:DT5031|NU;référence;NU;1;;
Quincaillerie;disque;DT20460-QZ;DeWalt Elite Series Meule Diamant Polyvalente 305x25,4mm (DT20460-QZ);90,33;seul;disque à tronçonner;;;;;;1;;sans-ref;famille:consommable;REF:DT20460|NU;référence;NU;1;;
Quincaillerie;coffret;DWST60101-9;DeWalt McLaren sac à dos d'outillage avec roulettes et poignée télescopique (DWST60101-9);90,18;pack;coffret;;GENERIQUE;;;;;oui;sans-ref;famille:rangement;REF:DWST60101-9|NU;référence;NU;1;;
Quincaillerie;accessoire;DEWDE0733;DeWalt Trépied pour DEWDE0733 et DE0733-XJ;90,10;seul;trépied;;;;;;1;;sans-ref;famille:consommable;REF:DEWDE0733|ACCESSOIRE;référence;ACCESSOIRE;1;;
Quincaillerie;;DT3889-QZ;DEWALT DT3889-QZ DT3889-QZ-Coronas de Diamante en Seco;89,58;seul;;;;;;;;;sans-ref;famille:consommable;REF:DT3889|NU;référence;NU;1;;
Quincaillerie;burin;DT6837-QZ;DeWalt 38 x 280mm (DT6837-QZ);89,51;seul;burin;;;;;;1;;sans-ref;famille:consommable;REF:DT6837|NU;référence;NU;1;;
Quincaillerie;lame-circulaire;DT4346-QZ;DeWALT DT4346-QZ — DT4346-QZ;93,98;seul;lame de scie circulaire;;;;;;1;;reconnu;famille:consommable;REF:DT4346|NU;référence;NU;1;DT4346-QZ;140,28
Quincaillerie;coffret;DWST550115;DeWALT DWST550115 — DWST550115 Pochette à outils en cuir et ceinture - Quantité 5;93,46;seul;;;;;;;;;reconnu;famille:rangement;REF:DWST550115|NU;référence;NU;2;DWST550115;138,42
Quincaillerie;lame-alternative;DT8353-QZ;DeWALT DT8353-QZ — DT8353-QZ;93,26;seul;scie-cloche;;;;;;1;;reconnu;famille:consommable;REF:DT8353|NU;référence;NU;1;DT8353-QZ;138,22
Quincaillerie;;DWMT19238;"DeWALT DWMT19238 — Jeu de tournevis DeWalt DWMT19238; 37 unités";92,48;seul;;;;;;;;;reconnu;tête du titre (consommable);REF:DWMT19238|NU;référence;NU;1;DWMT19238;125,51
Quincaillerie;visserie;DFS9200B1G-QZ;DeWALT DFS9200B1G-QZ — DFS9200B1G-QZ Grapas 50mm x 960;90,86;seul;agrafe;;;;;;1;;reconnu;famille:consommable;REF:DFS9200|NU;référence;NU;7;DFS9200B1G-QZ;124,78
Quincaillerie;lame-circulaire;DT4376-QZ;DeWALT DT4376-QZ — DT4376-QZ;90,87;seul;lame de scie circulaire;;;;;;1;;reconnu;famille:consommable;REF:DT4376|NU;référence;NU;1;DT4376-QZ;135,30
Quincaillerie;burin;DNPT28R63Z;Dewalt DNPT28R63Z Pointes en bande papier 33° crantées 2.8x63mm;92,21;seul;burin pointu;;;;;;1;;inconnu;famille:consommable;REF:DNPT28|6X6;référence;6X6;8;;
Quincaillerie;foret;DT70759-QZ;DEWALT DT70759-QZ;91,04;seul;foret;;;;;;1;;inconnu;famille:consommable;REF:DT70759|NU;référence;NU;1;;
Quincaillerie;disque;DT20461-QZ;DeWalt ELITE SERIES™ Disque Diamant All Purpose 355x25,4mm (DT20461-QZ);93,17;seul;disque à tronçonner;;;;;;1;;sans-ref;tête du titre (consommable);REF:DT20461|NU;référence;NU;1;;
Quincaillerie;lame-alternative;;Lame pour scie plongeante - 48 Dents - 165x20 mm DEWALT;92,95;seul;lame de scie;;;;;;1;;sans-ref;tête du titre (consommable);TIT:lame pour scie plongeante 48 dents 165x20 mm;titre;NU;1;;
Quincaillerie;burin;;Dewalt Pointes crantées galvanisées - 2200 pièces;92,84;seul;burin pointu;;;;;;1;;sans-ref;famille:consommable;TIT:pointes crant es galvanis es 2200 pi ces;titre;NU;1;;
Quincaillerie;visserie;;Agrafes crantées électro zinguées DEWALT - DFS;92,45;seul;agrafe;;;;;;1;;sans-ref;famille:consommable;TIT:agrafes crant es lectro zingu es dfs;titre;NU;1;;
Quincaillerie;foret;DT9442-QZ;DeWalt SDS-max 38x570x450 mm DT9442-QZ;91,91;seul;foret;;;;;;1;;sans-ref;famille:consommable;REF:DT9442|NU;référence;NU;1;;
Quincaillerie;accessoire;DNM40R40GZ;DeWALT DNM40R40GZ Clous anneau GAL, Argent, 4x40mm Set de 2000 Pieces;91,27;pack;accessoire;;;;;;2000;;sans-ref;tête du titre (consommable);REF:DNM40|4X6;référence;4X6;2;;
Quincaillerie;lame-alternative;DT2976;DeWalt Lame alligator brique DT2976;91,19;seul;lame de scie;;;;;;1;;sans-ref;tête du titre (consommable);REF:DT2976|NU;référence;NU;1;;
Quincaillerie;foret;DT9444-QZ;DeWalt SDS-max 40x380x250 mm DT9444-QZ;90,99;seul;foret;;;;;;1;;sans-ref;famille:consommable;REF:DT9444|NU;référence;NU;1;;
Quincaillerie;vissage-choc;DWMT19241-1;"DeWalt Coffret 22 pièces douilles et clé à cliquet 1/2"" (DWMT19241-1)";90,77;pack;cliquet;;GENERIQUE;;;;;;sans-ref;tête du titre (consommable);REF:DWMT19241-1|NU;référence;NU;1;;
Quincaillerie;;;"Spachtel DeWalt 2-910; 254 mm";90,73;seul;;;;;;;;;sans-ref;titre-fragment;TIT:spachtel 2 910 254 mm;titre;NU;1;;
Quincaillerie;;;"DEWALT Corona de diamante para perforar en húmedo 52x400mm, acoplamiento 1 1/4"" UNC hembra universal, para materiales es";90,70;seul;;;;;;;;;sans-ref;tête du titre (consommable);TIT:corona de diamante para perforar en h medo 52x400mm acoplamiento 1 1 4 unc hembra universal para materiales es;titre;NU;1;;
Quincaillerie;visserie;DFS9150B1G-QZ;DeWALT DFS9150B1G-QZ — DFS9150B1G-QZ Grapas 40mm x 960;96,24;seul;agrafe;;;;;;1;;reconnu;famille:consommable;REF:DFS9150|NU;référence;NU;5;DFS9150B1G-QZ;141,85
Quincaillerie;foret;DT5929-QZ;DeWALT DT5929-QZ — DT5929-QZ;96,98;seul;foret;;;;;;1;;reconnu;famille:consommable;REF:DT5929|NU;référence;NU;1;DT5929-QZ;135,02
Quincaillerie;foret;DT9687;DeWALT DT9687 — Foret SDS-plus 4 TAILLANTS 22x450x400mm DT9687;96,82;seul;foret;;;;;;1;;reconnu;tête du titre (consommable);REF:DT9687|NU;référence;NU;1;DT9687;142,62
Quincaillerie;foret;DT70620T;DeWALT DT70620T — DT70620T;96,76;seul;foret;;;;;;1;;reconnu;famille:consommable;REF:DT70620|NU;référence;NU;1;DT70620T;142,49
Quincaillerie;;DE1000;DeWALT DE1000 — DE1000 Support universel (Import Grande Bretagne);96,42;seul;;;;;;;;;reconnu;tête du titre (consommable);REF:DE1000|ACCESSOIRE;référence;ACCESSOIRE;1;DE1000;142,13
Quincaillerie;;DXTT-2-942;DeWALT DXTT-2-942 — Ausziehbarer Griff pour Trockenbauwände 94 cm - 160 cm DXTT-2-942;95,75;seul;;;;;;;;;reconnu;tête du titre (consommable);REF:DXTT-2-942|NU;référence;NU;2;DXTT-2-942;141,23
Quincaillerie;lame-alternative;DT8356-QZ;DeWALT DT8356-QZ — DT8356-QZ;95,62;seul;scie-cloche;;;;;;1;;reconnu;famille:consommable;REF:DT8356|NU;référence;NU;1;DT8356-QZ;141,13
Quincaillerie;foret;DT4942-QZ;DeWALT DT4942-QZ — DT4942-QZ;94,72;seul;foret métal;;;;;;1;;reconnu;famille:consommable;REF:DT4942|NU;référence;NU;1;DT4942-QZ;145,49
Quincaillerie;accessoire;DNF23R55E;DEWALT PowerCoil ongles DNF 55 mm 12.6 KST. Bague Tige, 1 pièce, dnf23r55e;96,33;seul;accessoire;;;;;;1;;inconnu;tête du titre (consommable);REF:DNF23|5X6;référence;5X6;1;;
Quincaillerie;accessoire;DT20501-QZ;Dewalt - Renvoi d'angle flexible pour visseuse à chocs - DT20501-QZ;94,04;seul;adaptateur;;;;;;1;;inconnu;famille:consommable;REF:DT20501|ACCESSOIRE;référence;ACCESSOIRE;2;;
Quincaillerie;lame-alternative;DT8266;DeWalt Scie cloche bi-métal 177 mm (DT8266);97,32;seul;scie-cloche;;;;;;1;;sans-ref;tête du titre (consommable);REF:DT8266|NU;référence;NU;1;;
Quincaillerie;visserie;DNBT1850SZ;DEWALT DNBT1850SZ - Puntas Brad 1,25mm x 50mm 18GA Acero inox316;97,24;seul;clou;;;;;;1;;sans-ref;famille:consommable;REF:DNBT1850|NU;référence;NU;1;;
Quincaillerie;coffret;DNF64;DEWALT dnf23r64e PowerCoil ongles DNF 64 mm 10,5 KST. Anneau Tige, Lot de 6;97,12;pack;lot;;;;;;6;;sans-ref;tête du titre (consommable);REF:DNF64|NU;référence;NU;1;;
Quincaillerie;lame-circulaire;DT4358QZ;DeWalt Extreme 315 x 30 x 3,0 72WZ (DT4358QZ);96,21;seul;lame de scie circulaire;;;;;;1;;sans-ref;famille:consommable;REF:DT4358|NU;référence;NU;1;;
Quincaillerie;vissage-embout;DWMT19237-1;DeWalt Jeu de clés mixtes 18 pièces métriques (DWMT19237-1);96,04;seul;clé mixte;;;;;;1;;sans-ref;tête du titre (consommable);REF:DWMT19237-1|NU;référence;NU;1;;
Quincaillerie;;;"Spachtel DeWalt 2-907; 177 8 mm";95,98;seul;;;;;;;;;sans-ref;titre-fragment;TIT:spachtel 2 907 177 8 mm;titre;NU;1;;
Quincaillerie;coffret;AW489;"Dewalt - Caisse à outils ""Tstak IP54"" (pack de 2) AW489 (taille unique) (Noir/Jaune)";95,63;pack;coffret;;TSTAK;;;;2;;sans-ref;tête du titre (consommable);REF:AW489|NU;référence;NU;1;;
Quincaillerie;fixation;DCN692;34° Clous en bande 2,8x70mm lisse brillant pour cloueur sans fil DeWalt DCN692 695 930 950 D 2,2M;95,50;seul;;;AUCUN;;;;;;sans-ref;tête du titre (consommable);REF:DCN692|ACCESSOIRE;référence;ACCESSOIRE;1;;
Quincaillerie;foret;DT20451-QZ;DeWalt EXTREME Full Carbide SDS-plus Set Forets à Percussion 8x160x100mm (DT20451-QZ);94,99;pack;foret;;;;;;1;;sans-ref;famille:consommable;REF:DT20451|NU;référence;NU;1;;
Quincaillerie;accessoire;DNBT1840SZ;DEWALT DNBT1840SZ Clous DNBT, Argent, 40mm, Set de 5000 Pièces;94,87;pack;accessoire;;;;;;5000;;sans-ref;tête du titre (consommable);REF:DNBT1840|NU;référence;NU;1;;
Quincaillerie;accessoire;DNBA1650SZ;DEWALT DNBA1650SZ Clous 20, Gris, Taille SS 50mm, Set de 2500 Pièces;94,80;pack;accessoire;;;;;;2500;;sans-ref;tête du titre (consommable);REF:DNBA1650|NU;référence;NU;5;;
Quincaillerie;accessoire;DNR3125GZ;DeWalt Clou de bobine DNR3125GZ 25mm galvanisé, 7200 pièces (DNR3125GZ);94,66;seul;accessoire;;;;;;1;;sans-ref;tête du titre (consommable);REF:DNR3125|NU;référence;NU;1;;
Quincaillerie;accessoire;DW5891;DeWALT DW5891 — Adaptateur SDS Max vers SDS+ (DW5891);99,15;pack;adaptateur;;;;;;1;;reconnu;famille:consommable;REF:DW5891|ACCESSOIRE;référence;ACCESSOIRE;2;DW5891;146,56
Quincaillerie;coffret;DWST83395-1;DeWALT DWST83395-1 — Boîte à outils vide DEWALT DWST83395-1 noir, jaune 1 pc(s);98,08;seul;coffret;;;;;;;;reconnu;tête du titre (consommable);REF:DWST83395-1|NU;référence;NU;1;DWST83395-1;143,00
Quincaillerie;lame-alternative;DT2979;DeWALT DT2979 — DT2979;97,90;seul;lame de scie;;;;;;1;;reconnu;famille:consommable;REF:DT2979|NU;référence;NU;1;DT2979;143,92
Quincaillerie;;DNN20R35G12E;DEWALT PowerCoil ongles Dnn, galvanisé, 24,5 K Stück, DNN20R35G12E;99,85;seul;;;;;;;;;inconnu;tête du titre (consommable);REF:DNN20|1X3_3X6;référence;1X3_3X6;2;;
Quincaillerie;lame-alternative;DT8267;DeWalt Scie Cloche Bi-Métallique 210 mm (DT8267);99,99;seul;scie-cloche;;;;;;1;;sans-ref;tête du titre (consommable);REF:DT8267|NU;référence;NU;1;;
Quincaillerie;lame-alternative;;Coffret de 10 scies cloches Extreme BIM bois/métal/plastique DeWalt;99,99;pack;scie-cloche;;;;;;10;;sans-ref;tête du titre (consommable);TIT:coffret de 10 scies cloches extreme bim bois m tal plastique;titre;NU;1;;
Quincaillerie;burin;;Pointes en bande papier 33° crantées - acier - 3,1 x 90 mm - par 2200 DEWALT;99,90;seul;burin pointu;;;;;;1;;sans-ref;famille:consommable;TIT:pointes en bande papier 33 crant es acier 3 1 x 90 mm par 2200;titre;NU;1;;
Quincaillerie;foret;DT9445-QZ;DeWalt SDS-max 40x570x450 mm DT9445-QZ;98,99;seul;foret;;;;;;1;;sans-ref;famille:consommable;REF:DT9445|NU;référence;NU;1;;
Quincaillerie;filtration;;DEWALT Enrouleur de tuyau à air manuel, 0,95 cm x 15,2 m, résistant à l'huile et aux torsions avec plomb de 1,2 m, outil;98,27;seul;tuyau d'aspiration;;;;;;1;;sans-ref;tête du titre (consommable);TIT:enrouleur de tuyau air manuel 0 95 cm x 15 2 m r sistant l huile et aux torsions avec plomb de 1 2 m outil;titre;NU;1;;
Quincaillerie;visserie;;DEWALT Clou en bande DNPT 3,1 x 90 mm 33 degrés Lisse Galvanisé G12 DEWALT Quantité:2000;97,99;seul;clou;;;;;;1;;sans-ref;tête du titre (consommable);TIT:clou en bande dnpt 3 1 x 90 mm 33 degr s lisse galvanis g12 quantit 2000;titre;NU;1;;
Quincaillerie;foret;DT6764-QZ;DeWalt HB SDS-max 90x107 mm DT6764-QZ;97,37;seul;foret;;;;;;1;;sans-ref;famille:consommable;REF:DT6764|NU;référence;NU;1;;
Quincaillerie;accessoire;DN275-XJ;DeWALT DN275-XJ — DN275-XJ Clou Duplex 21° (8D) À Liant Plastique - 57/70 X 3,3 Mm - 2000 Pièces;103,69;seul;accessoire;;;;;;1;;reconnu;tête du titre (consommable);REF:DN275|NU;référence;NU;1;DN275-XJ;151,08
Quincaillerie;lame-alternative;DWA4204;DeWALT DWA4204 — Dwa4204 Large Titanium oscillant Lame de bois avec des Clous, DWA4204;103,11;seul;lame de scie;;;;;;1;;reconnu;famille:consommable;REF:DWA4204|NU;référence;NU;1;DWA4204;139,61
Quincaillerie;disque;DT40256-QZ;DeWALT DT40256-QZ — DT40256-QZ;102,99;seul;disque à tronçonner;;;;;;1;;reconnu;famille:consommable;REF:DT40256|NU;référence;NU;1;DT40256-QZ;150,16
Quincaillerie;vissage-embout;DWMT73813;"DeWALT DWMT73813 — DWMT73813, Jeu de Douilles SAE/métrique, 1/2"", 23 pièces";102,59;seul;douille;;;;;;1;;reconnu;tête du titre (consommable);REF:DWMT73813|NU;référence;NU;3;DWMT73813;151,81
Quincaillerie;coffret;DWST60101-1;DeWALT DWST60101-1 — DWST60101-1;102,46;seul;;;;;;;;;reconnu;famille:rangement;REF:DWST60101-1|NU;référence;NU;1;DWST60101-1;152,54
Quincaillerie;accessoire;DE0736;DeWALT DE0736 — DE0736;102,06;seul;trépied;;;;;;1;;reconnu;famille:consommable;REF:DE0736|NU;référence;NU;1;DE0736;138,02
Quincaillerie;;DT20500-QZ;DeWALT DT20500-QZ — Référence DT20500-QZ — descriptif à compléter;102,04;seul;;;;;;;;;reconnu;famille:consommable;REF:DT20500|NU;référence;NU;5;DT20500-QZ;148,98
Quincaillerie;accessoire;DT20562-QZ;DeWALT DT20562-QZ — DT20562-QZ Adaptateur/tête de taraudage Adapté pour (perceuses) Dewalt;102,04;seul;adaptateur;;;;;;1;;reconnu;famille:consommable;REF:DT20562|ACCESSOIRE;référence;ACCESSOIRE;5;DT20562-QZ;148,98
Quincaillerie;lame-circulaire;350/30;DeWALT 350/30 — 350/30;101,92;seul;lame de scie circulaire;;;;;;1;;reconnu;famille:consommable;REF:350/30|NU;référence;NU;1;350/30;148,91
Quincaillerie;foret;DW1361;DeWALT DW1361 — DW1361;101,68;seul;foret;;;;;;1;;reconnu;famille:consommable;REF:DW1361|NU;référence;NU;1;DW1361;148,56
Quincaillerie;foret;DT60809-QZ;DEWALT DT60809-QZ - Broca SDS-Max XLR 16x340mm 4 cortes G;103,85;seul;foret;;;;;;1;;inconnu;famille:consommable;REF:DT60809|NU;référence;NU;1;;
Quincaillerie;accessoire;DNF25R64G12E;DEWALT PowerCoil ongles DNF 64 mm 7.2 KST. Bague Galv., 1 pièce, dnf25r64g12e;102,71;seul;accessoire;;;;;;1;;inconnu;tête du titre (consommable);REF:DNF25|1X3_6X6;référence;1X3_6X6;1;;
Quincaillerie;accessoire;DNF2865E;DEWALT PowerCoil ongles DNF 65 mm 6 Kst. lisse, 1 pièce, dnf2865e;102,60;seul;accessoire;;;;;;1;;inconnu;tête du titre (consommable);REF:DNF2865|NU;référence;NU;1;;
Quincaillerie;foret;DT9684;Dewalt - Forets Béton Sds Longueur Utile 200 Mm - Modèle: Dt9684 G;102,33;seul;foret béton;;;;;;1;;inconnu;tête du titre (consommable);REF:DT9684|NU;référence;NU;1;;
Quincaillerie;foret;DT9443-QZ;DeWalt SDS-max 38x670x550 mm DT9443-QZ;102,45;seul;foret;;;;;;1;;sans-ref;famille:consommable;REF:DT9443|NU;référence;NU;1;;
Quincaillerie;lame-oscillante;DWA427SET;DEWALT Lot de 7 lames oscillantes à usage général pour bois avec clous (DWA427SET);102,14;pack;lame pour outil multifonctions;;;;;;7;;sans-ref;tête du titre (consommable);REF:DWA427|ACCESSOIRE;référence;ACCESSOIRE;1;;
Quincaillerie;burin;DT6934-QZ;DeWalt 127 x 445 mm (DT6934-QZ);100,78;seul;burin plat;;;;;;1;;sans-ref;famille:consommable;REF:DT6934|NU;référence;NU;1;;
Quincaillerie;lame-circulaire;DT4217-QZ;DeWALT DT4217-QZ — DT4217-QZ;106,04;seul;lame de scie circulaire;;;;;;1;;reconnu;famille:consommable;REF:DT4217|NU;référence;NU;1;DT4217-QZ;153,97
Quincaillerie;portage;DWST83542-1;"DeWALT DWST83542-1 — DWST83542-1 Sac À Outils McLaren À Roulettes Pour TOUGHSYSTEM - 22""";104,99;pack;sac à outils;;TOUGHSYSTEM;;;;;oui;reconnu;tête du titre (consommable);REF:DWST83542-1|NU;référence;NU;1;DWST83542-1;152,65
Quincaillerie;lame-circulaire;DT1926-QZ;DeWALT DT1926-QZ — DT1926-QZ;104,58;seul;lame de scie circulaire;;;;;;1;;reconnu;famille:consommable;REF:DT1926|NU;référence;NU;1;DT1926-QZ;152,16
Quincaillerie;;DW777/71/11/07/01/00;Dewalt - Support Plat De Pce Dw777/71/11/07/01/00 Dewalt;107,03;seul;;;;;;;;;inconnu;tête du titre (consommable);REF:DW777|ACCESSOIRE;référence;ACCESSOIRE;1;;
Quincaillerie;accessoire;DNF28R70E;DEWALT PowerCoil ongles DNF 70 mm 6 KST. Bague Tige, 1 pièce, dnf28r70e;106,22;seul;accessoire;;;;;;1;;inconnu;tête du titre (consommable);REF:DNF28|7X6;référence;7X6;1;;
Quincaillerie;burin;DW1969;DeWalt DW1969 Lot de 29 forets à pointe pilote, avec index en métal;107,01;pack;burin pointu;;;;;;29;;sans-ref;tête du titre (consommable);REF:DW1969|NU;référence;NU;1;;
Quincaillerie;;;DEWALT Coilnagel DNF 50mm 9.9kSt. Ringschaft;106,95;seul;;;;;;;;;sans-ref;titre-fragment;TIT:coilnagel dnf 50mm 9 9kst ringschaft;titre;NU;1;;
Quincaillerie;coffret;AW2600;Dewalt - Boîte à outils « Toughsystem 2.0 » AW2600 (taille unique) (noir/jaune);106,94;pack;coffret;;TOUGHSYSTEM;;;;;;sans-ref;tête du titre (consommable);REF:AW2600|NU;référence;NU;1;;
Quincaillerie;accessoire;DNBA1632SZ;DEWALT DNBA1632SZ Clous 20, Gris, Taille SS 32mm, Set de 2500 Pièces;106,84;pack;accessoire;;;;;;2500;;sans-ref;tête du titre (consommable);REF:DNBA1632|NU;référence;NU;1;;
Quincaillerie;accessoire;DXVA13-0801;DEWALT DXVA13-0801 Kit d'accessoires pour tuyau d'aspiration de voiture 8 pièces;105,73;pack;accessoire;;;;;;1;;sans-ref;tête du titre (consommable);REF:DXVA13-0801|NU;référence;NU;1;;
Quincaillerie;;DT20907-QZ;DEWALT DT20907-QZ Kit de conversion;104,99;pack;;;;;;;;;sans-ref;famille:consommable;REF:DT20907|ACCESSOIRE;référence;ACCESSOIRE;1;;
Quincaillerie;foret;DT6763-QZ;DeWalt SDS-max 80x107 mm DT6763-QZ;104,99;seul;foret;;;;;;1;;sans-ref;famille:consommable;REF:DT6763|NU;référence;NU;1;;
Quincaillerie;foret;DT60842-QZ;DeWalt SDS-max 38x570x440 mm DT60842-QZ;104,98;seul;foret;;;;;;1;;sans-ref;famille:consommable;REF:DT60842|NU;référence;NU;1;;
Quincaillerie;foret;DT60836-QZ;DeWalt SDS-max 32x920x790 mm DT60836-QZ;103,99;seul;foret;;;;;;1;;sans-ref;famille:consommable;REF:DT60836|NU;référence;NU;1;;
Quincaillerie;lame-circulaire;DT1474-QZ;DeWALT DT1474-QZ — DT1474-QZ;111,98;seul;lame de scie circulaire;;;;;;1;;reconnu;famille:consommable;REF:DT1474|NU;référence;NU;1;DT1474-QZ;161,26
Quincaillerie;vissage-embout;DWMT19261;"DeWALT DWMT19261 — Jeu de clés DeWalt DWMT19261; 7 unités";109,50;seul;clé mixte;;;;;;1;;reconnu;tête du titre (consommable);REF:DWMT19261|NU;référence;NU;1;DWMT19261;158,23
Quincaillerie;burin;DT6928-QZ;DeWALT DT6928-QZ — DT6928-QZ;109,38;seul;burin plat;;;;;;1;;reconnu;famille:consommable;REF:DT6928|NU;référence;NU;1;DT6928-QZ;157,91
Quincaillerie;visserie;DNBDA38;DeWALT DNBDA38 — Clou à tête refoulé DNBDA 38 mm DEWALT acier inoxydable Quantité:4000;107,99;seul;clou;;;;;;1;;reconnu;tête du titre (consommable);REF:DNBDA38|NU;référence;NU;1;DNBDA38;156,37
Quincaillerie;filtration;DXMH3288;DeWALT DXMH3288 — STANLEY DXMH3288 DEWALT Tuyau d'arrosage robuste de qualité professionnelle, 30,5 m x 1,6 cm, jaune, noir;107,79;seul;tuyau d'aspiration;;;;;;1;;reconnu;famille:consommable;REF:DXMH3288|NU;référence;NU;1;DXMH3288;155,74
Quincaillerie;lame-alternative;DT2977;DeWALT DT2977 — DT2977;107,50;seul;lame de scie;;;;;;1;;reconnu;famille:consommable;REF:DT2977|NU;référence;NU;1;DT2977;155,77
Quincaillerie;vissage-embout;DWMT74739;"DeWALT DWMT74739 — DWMT74739 Coffret de douilles à choc 1/2"" 23 pièces";107,49;pack;douille à chocs;;GENERIQUE;;;;1;;reconnu;tête du titre (consommable);REF:DWMT74739|NU;référence;NU;1;DWMT74739;166,64
Quincaillerie;lame-alternative;DW7666;DeWALT Dw7666 80T Lame non ferreux, 30,5 cm;110,29;seul;lame de scie;;;;;;1;;inconnu;tête du titre (consommable);REF:DW7666|NU;référence;NU;1;;
Quincaillerie;;DW5902;DeWALT Dw5902 2-1/5,1 cm par 10,2 cm Core Bit Corps;109,87;seul;;;;;;;;;inconnu;tête du titre (consommable);REF:DW5902|NU;référence;NU;1;;
Quincaillerie;accessoire;DCT4103;Cable D'Extension Pour Caméra D'Inspection Dewalt - Dct4103 G;109,76;seul;accessoire;;;;;;1;;inconnu;famille:consommable;REF:DCT4103|ACCESSOIRE;référence;ACCESSOIRE;1;;
Quincaillerie;hauteur;DNM50;DEWALT Clou d'ancrage DEWALT DNM 50 mm 33 degrés tige annulaire Galvanisé Quantité:2000;108,99;seul;ligne de vie;;;;;;;;inconnu;tête du titre (consommable);REF:DNM50|NU;référence;NU;1;;
Quincaillerie;accessoire;DWST82823;DEWALT Organiseur d'outils, Support pour Outils électriques, se Monte sur des Rails métalliques, Compatible avec Le système de Rangement d'atelier DEWALT (DWST82823);108,78;seul;rail de guidage;;;;;;1;;inconnu;tête du titre (consommable);REF:DWST82823|ACCESSOIRE;référence;ACCESSOIRE;1;;
Quincaillerie;burin;;Pointes pour cloueur 18GA en inox - 1,02 mm x 50 mm - 5000 pièces DEWALT;110,36;seul;burin pointu;;;;;;1;;sans-ref;famille:consommable;TIT:pointes pour cloueur 18ga en inox 1 02 mm x 50 mm 5000 pi ces;titre;NU;1;;
Quincaillerie;;;DeWalt Taloche plate FLEX acier inoxydable 0,4mm manche cuir 14 pouces (DDW2);110,17;seul;;;;;;;;;sans-ref;tête du titre (consommable);TIT:taloche plate flex acier inoxydable 0 4mm manche cuir 14 pouces ddw2;titre;NU;1;;
Quincaillerie;hauteur;DNM40R60GZ;DeWalt Clous d'ancrage tige annulaire galvanisé 60mm 33 degrés 2000 pièces (DNM40R60GZ);109,99;seul;ligne de vie;;;;;;;;sans-ref;tête du titre (consommable);REF:DNM40|6X6;référence;6X6;1;;
Quincaillerie;lame-alternative;DT99593;Lame Alligator TCT 32 dents DEWALT pour Bois - DT99593 (pour DCS397, DWE397/398/399);109,34;seul;lame de scie;;;;;;1;;sans-ref;tête du titre (consommable);REF:DT99593|ACCESSOIRE;référence;ACCESSOIRE;1;;
Quincaillerie;vissage-embout;DT70775-QZ;DeWalt Toughcase Medium Set de Vissage 80 pièces avec Accouplement Angulaire (DT70775-QZ);109,00;pack;embout de vissage;;;;;;1;;sans-ref;tête du titre (consommable);REF:DT70775|NU;référence;NU;1;;
Quincaillerie;;;"Tige télescopique DeWalt 2-942; 94-160 cm";108,52;seul;;;;;;;;;sans-ref;tête du titre (consommable);TIT:tige t lescopique 2 942 94 160 cm;titre;NU;1;;
Quincaillerie;burin;DT6810-QZ;DeWalt 32 x 200 mm (DT6810-QZ);108,48;seul;burin;;;;;;1;;sans-ref;famille:consommable;REF:DT6810|NU;référence;NU;1;;
Quincaillerie;coffret;DWST83529-1;DeWalt ToughSystem 2.0 (DWST83529-1);107,99;pack;coffret modulaire;;TOUGHSYSTEM;;;;;;sans-ref;famille:rangement;REF:DWST83529-1|NU;référence;NU;1;;
Quincaillerie;portage;DWST50113-1;DeWalt Ceinture porte-outils en cuir (DWST50113-1);107,70;seul;ceinture porte-outils;;;;;;;;sans-ref;famille:rangement;REF:DWST50113-1|NU;référence;NU;1;;
Quincaillerie;foret;DT9617-QZ;DeWalt SDS-plus 26x800x750 mm DT9617-QZ;107,44;seul;foret;;;;;;1;;sans-ref;famille:consommable;REF:DT9617|NU;référence;NU;1;;
Quincaillerie;;DWHT56032-0;DeWALT DWHT56032-0 — DWHT56032-0;115,57;seul;;;;;;;;;reconnu;famille:consommable;REF:DWHT56032-0|NU;référence;NU;1;DWHT56032-0;165,71
Quincaillerie;accessoire;DNW2880E;DeWALT DNW2880E — Clous 34º, lisse, 80 mm, 2200 pièces - DNW2880E;115,23;seul;accessoire;;;;;;1;;reconnu;tête du titre (consommable);REF:DNW2880|NU;référence;NU;1;DNW2880E;156,06
Quincaillerie;visserie;DNW3190E;DeWALT DNW3190E — Clous 34º, lisse, 90 mm, 2200 pièces - DNW3190E;114,38;pack;clou;;;;;;2200;;reconnu;tête du titre (consommable);REF:DNW3190|NU;référence;NU;2;DNW3190E;124,99
Quincaillerie;accessoire;DNF2570E;DeWALT DNF2570E — Clous à rouleau DNF 70 mm, lisse, 7200 pièces - DNF2570E;114,46;seul;accessoire;;;;;;1;;reconnu;tête du titre (consommable);REF:DNF2570|NU;référence;NU;1;DNF2570E;164,36
Quincaillerie;coffret;DWST83295-1;DeWALT DWST83295-1 — DWST83295-1;113,41;pack;coffret;;GENERIQUE;;;;;;reconnu;famille:rangement;REF:DWST83295-1|NU;référence;NU;1;DWST83295-1;161,26
Quincaillerie;accessoire;DNF25R70E;DeWALT DNF25R70S316E — Clou en bobine DNF 70mm 3,6kSt. anneau (DNF25R70S316E);113,38;seul;accessoire;;;;;;1;;reconnu;tête du titre (consommable);REF:DNF25|7X6;référence;7X6;2;DNF25R70S316E;269,74
Quincaillerie;accessoire;DNF28R65G12E;DEWALT PowerCoil ongles DNF 65 mm 6 KST. Bague Galv., 1 pièce, dnf28r65g12e;115,09;seul;accessoire;;;;;;1;;inconnu;tête du titre (consommable);REF:DNF28|1X3_6X6;référence;1X3_6X6;2;;
Quincaillerie;;5KST.;DEWALT Stauchkopfn. DNBT 50mm 5kSt. Edelst;112,15;seul;;;;;;;;;inconnu;titre-fragment;REF:5KST.|NU;référence;NU;1;;
Quincaillerie;foret;DW1369;DeWALT Dw1369 29 Titanium Pilot-point de forets;112,04;seul;foret;;;;;;1;;inconnu;famille:consommable;REF:DW1369|NU;référence;NU;1;;
Quincaillerie;vissage-embout;;Forets & Embouts de vissage;115,60;pack;embout de vissage;;;;;;1;;sans-ref;tête du titre (consommable);TIT:forets embouts de vissage;titre;NU;3;;
Quincaillerie;coffret;DWST08330-1;DeWalt ToughSystem 2.0 DWST08330-1;115,52;pack;coffret;;TOUGHSYSTEM;;;;;;sans-ref;famille:rangement;REF:DWST08330-1|NU;référence;NU;1;;
Quincaillerie;;;"DeWalt Taloche plate FLEX 0,4mm acier inoxydable manche cuir 16"" (EU 2-993)";114,92;seul;;;;;;;;;sans-ref;tête du titre (consommable);TIT:taloche plate flex 0 4mm acier inoxydable manche cuir 16 eu 2 993;titre;NU;1;;
Quincaillerie;;EU2-971;DeWalt Taloche de finition courbée, acier inoxydable doré, 12in (EU2-971);114,64;seul;;;;;;;;;sans-ref;tête du titre (consommable);REF:EU2-971|NU;référence;NU;1;;
Quincaillerie;accessoire;;DEWALT Impact Connect DWACPRIR Coupe-tuyau de cuivre, accessoire de visseuse à percussion;113,17;seul;accessoire;;;;;;1;;sans-ref;tête du titre (consommable);TIT:impact connect dwacprir coupe tuyau de cuivre accessoire de visseuse percussion;titre;NU;1;;
Quincaillerie;visserie;;17500 clous en rouleaux galvanisés à tige annelée DeWalt 2,03x38mm;112,49;seul;clou;;;;;;1;;sans-ref;tête du titre (consommable);TIT:17500 clous en rouleaux galvanis s tige annel e 2 03x38mm;titre;NU;1;;
Quincaillerie;coffret;DWST1-75676;DeWalt Tréteaux 2 pcs - DWST1-75676;112,18;seul;;;;;;;;;sans-ref;tête du titre (consommable);REF:DWST1-75676|NU;référence;NU;1;;
Quincaillerie;sciage;DT90355-QZ;DeWalt Set de scies-cloches bimétallique Extreme pour plombier 11 pièces (DT90355-QZ);111,99;pack;scie;;AUCUN;;;;;;sans-ref;tête du titre (consommable);REF:DT90355|NU;référence;NU;1;;
Quincaillerie;sciage;DT90352-QZ;DeWALT DT90352-QZ — DT90352-QZ Jeu de scies-cloches 16 mm, 20 mm, 25 mm, 32 mm, 40 mm, 51 mm, 64 mm 11 pc(s);119,97;seul;scie;;AUCUN;;;;;;reconnu;tête du titre (consommable);REF:DT90352|NU;référence;NU;1;DT90352-QZ;193,27
Quincaillerie;vissage-embout;DT70706M-QZ;DeWALT DT70706M-QZ — DT70706M-QZ Ensemble de forets et d’embouts avec mug thermique - 25 pieces;119,69;pack;embout de vissage;;;;;;1;;reconnu;famille:consommable;REF:DT70706|NU;référence;NU;1;DT70706M-QZ;170,80
Quincaillerie;;DT4612-QZ;DeWALT DT4612-QZ — DT4612-QZ;118,87;seul;;;;;;;;;reconnu;famille:consommable;REF:DT4612|NU;référence;NU;1;DT4612-QZ;169,75
Quincaillerie;accessoire;DN350-XJ;DeWALT DN350-XJ — DN350-XJ Clou Duplex 21° (16D) À Tige En Plastique - 76/89 X 3,3 Mm - 2 000 Pièces;118,69;seul;accessoire;;;;;;1;;reconnu;tête du titre (consommable);REF:DN350|NU;référence;NU;1;DN350-XJ;169,49
Quincaillerie;disque;DT40257-QZ;DeWALT DT40257-QZ — DT40257-QZ;118,33;seul;disque à tronçonner;;;;;;1;;reconnu;famille:consommable;REF:DT40257|NU;référence;NU;1;DT40257-QZ;177,02
Quincaillerie;coffret;DWST83411-1;DeWALT DWST83411-1 — DWST83411-1;117,77;pack;coffret;;GENERIQUE;;;;;;reconnu;famille:rangement;REF:DWST83411-1|NU;référence;NU;1;DWST83411-1;173,22
Quincaillerie;fraise;HSS40;DeWALT HSS40 — DEWALT-fraise à carotter HSS 40 mm;117,74;seul;fraise;;;;;;1;;reconnu;tête du titre (consommable);REF:HSS40|NU;référence;NU;1;HSS40;168,37
Quincaillerie;;DT90017-QZ;DeWALT DT90017-QZ — DT90017-QZ;117,26;seul;;;;;;;;;reconnu;famille:consommable;REF:DT90017|NU;référence;NU;2;DT90017-QZ;167,80
Quincaillerie;coffret;DWST17871;DeWALT DWST17871 — DWST17871;116,74;pack;coffret;;GENERIQUE;;;;;;reconnu;famille:rangement;REF:DWST17871|NU;référence;NU;1;DWST17871;167,17
Quincaillerie;accessoire;DNBDA1550SZ;DeWALT DNBDA1550SZ — DNBDA1550SZ;115,94;seul;accessoire;;;;;;1;;reconnu;famille:consommable;REF:DNBDA1550|NU;référence;NU;1;DNBDA1550SZ;166,14
Quincaillerie;portage;DGL573;DeWALT DGL573 — DGL573;115,78;seul;sac à outils;;;;;;;;reconnu;famille:rangement;REF:DGL573|NU;référence;NU;1;DGL573;165,25
Quincaillerie;accessoire;DNF25R60E;DEWALT PowerCoil ongles DNF 60 mm 9.9 KST. Bague Tige, 1 pièce, dnf25r60e;119,17;seul;accessoire;;;;;;1;;inconnu;tête du titre (consommable);REF:DNF25|6X6;référence;6X6;1;;
Quincaillerie;lame-alternative;;DEWALT Jeu de scies cloches d'électricien BIM DEWALT, 11 pièces. Quantité:1;119,99;seul;scie-cloche;;;;;;1;;sans-ref;tête du titre (consommable);TIT:jeu de scies cloches d lectricien bim 11 pi ces quantit 1;titre;NU;1;;
Quincaillerie;visserie;;21000 clous en rouleaux galvanisés à tige annelée DeWalt 2,03x35mm;119,99;seul;clou;;;;;;1;;sans-ref;tête du titre (consommable);TIT:21000 clous en rouleaux galvanis s tige annel e 2 03x35mm;titre;NU;1;;
Quincaillerie;accessoire;;DEWALT Coffret TSTAK avec 100 Accessoires de Perçage et de Vissage - Spécial Béton & Mallette de Transport TSTAK Box IV ;119,33;pack;accessoire;;TSTAK;;;;1;;sans-ref;famille:consommable;TIT:coffret tstak avec 100 accessoires de per age et de vissage sp cial b ton mallette de transport tstak box iv;titre;NU;1;;
Quincaillerie;coffret;DWST1-70702;DeWalt Combo TSTAK (DWST1-70702);119,26;pack;coffret;;TSTAK;;;;;;sans-ref;famille:rangement;REF:DWST1-70702|NU;référence;NU;1;;
Quincaillerie;disque;DT3752;DeWalt Disque de Coupe Diamant (DT3752);119,16;seul;disque à tronçonner;;;;;;1;;sans-ref;tête du titre (consommable);REF:DT3752|NU;référence;NU;1;;
Quincaillerie;;EU2-972;DeWalt Truelle de finition en acier inoxydable dorée courbée 14in (EU2-972);119,11;seul;;;;;;;;;sans-ref;tête du titre (consommable);REF:EU2-972|NU;référence;NU;1;;
Quincaillerie;vissage-embout;;Jeu de clés à douilles de mécanicien 1/4 et 3/8 84 pièces DeWalt;117,77;seul;clé mixte;;;;;;1;;sans-ref;tête du titre (consommable);TIT:jeu de cl s douilles de m canicien 1 4 et 3 8 84 pi ces;titre;NU;1;;
Quincaillerie;accessoire;DE0882;DeWalt Mire graduée DE0882;116,05;seul;accessoire;;;;;;1;;sans-ref;famille:consommable;REF:DE0882|NU;référence;NU;1;;
Quincaillerie;coffret;DWST1-75694;DeWalt TOUGHSYSTEM Système de rangement mural (DWST1-75694);116,00;pack;coffret modulaire;;TOUGHSYSTEM;;;;;;sans-ref;tête du titre (consommable);REF:DWST1-75694|NU;référence;NU;1;;
Quincaillerie;lame-alternative;DT2966;DeWALT DT2966 — DT2966;124,28;seul;lame de scie;;;;;;1;;reconnu;famille:consommable;REF:DT2966|NU;référence;NU;1;DT2966;176,35
Quincaillerie;foret;DT60847-QZ;DeWALT DT60847-QZ — DT60847-QZ;122,46;seul;foret;;;;;;1;;reconnu;famille:consommable;REF:DT60847|NU;référence;NU;1;DT60847-QZ;174,14
Quincaillerie;lame-circulaire;DT1916-QZ;DeWALT DT1916-QZ — DT1916-QZ;121,99;seul;lame de scie circulaire;;;;;;1;;reconnu;famille:consommable;REF:DT1916|NU;référence;NU;1;DT1916-QZ;167,41
Quincaillerie;accessoire;DCA1820;DeWALT DCA1820 — Adaptateur de batterie pour outil de 18 V, DCA1820;121,80;pack;adaptateur;;;;;;1;;reconnu;famille:consommable;REF:DCA1820|ACCESSOIRE;référence;ACCESSOIRE;1;DCA1820;168,92
Quincaillerie;;DT20699-QZ;DeWALT DT20699-QZ — DT20699-QZ Bandoulière;119,99;seul;;;;;;;;;reconnu;famille:consommable;REF:DT20699|NU;référence;NU;1;DT20699-QZ;171,11
Quincaillerie;foret;DT60845-QZ;DeWalt SDS-max 40x570x440 mm DT60845-QZ;124,99;seul;foret;;;;;;1;;sans-ref;famille:consommable;REF:DT60845|NU;référence;NU;1;;
Quincaillerie;burin;;Pointes inox pour cloueur 15GA 34° - 1.4x38mm - par 4000 DEWALT;124,25;seul;burin pointu;;;;;;1;;sans-ref;famille:consommable;TIT:pointes inox pour cloueur 15ga 34 1 4x38mm par 4000;titre;NU;1;;
Quincaillerie;mobilier;DWST1-71196;DeWalt Chariot T-Stak (DWST1-71196);124,00;pack;chariot;;TSTAK;;;;;;sans-ref;famille:rangement;REF:DWST1-71196|NU;référence;NU;1;;
Quincaillerie;foret;DT9448-QZ;DeWalt SDS-max 45x570x450 mm DT9448-QZ;123,98;seul;foret;;;;;;1;;sans-ref;famille:consommable;REF:DT9448|NU;référence;NU;1;;
Quincaillerie;;;DEWALT Diamant-Nassbohrkrone 61x400mm 1 1/4Z;122,99;seul;;;;;;;;;sans-ref;titre-fragment;TIT:diamant nassbohrkrone 61x400mm 1 1 4z;titre;NU;1;;
Quincaillerie;coffret;DT90356-QZ;DeWalt Extreme Ensemble de Scies-Cloches Bi-Métal Électricien 11 pièces en Coffret (DT90356-QZ);122,98;pack;coffret;;GENERIQUE;;;;;;sans-ref;famille:rangement;REF:DT90356|NU;référence;NU;1;;
Quincaillerie;lame-alternative;DT90354;DeWalt Bim Electrician's Hole Saw 11-piece Set DT90354;121,99;pack;scie-cloche;;;;;;1;;sans-ref;famille:consommable;REF:DT90354|NU;référence;NU;1;;
Quincaillerie;coffret;DT4957-QZ;DeWalt Coffret de forets métaux HSS-CO 29 pièces (DT4957-QZ);121,99;pack;coffret;;GENERIQUE;;;;;;sans-ref;tête du titre (consommable);REF:DT4957|NU;référence;NU;1;;
Quincaillerie;coffret;AW3620;Dewalt - Boîte à outils « TSTAK 2.0 » AW3620 (taille unique) (gris/jaune);121,23;pack;coffret;;TSTAK;;;;;;sans-ref;tête du titre (consommable);REF:AW3620|NU;référence;NU;1;;
Quincaillerie;vissage-embout;DT70736TM-QZ;DeWalt FLEXTORQ ToughCase Coffret 32 Embouts de Vissage avec Mug (DT70736TM-QZ);120,57;pack;embout de vissage;;GENERIQUE;;;;32;;sans-ref;tête du titre (consommable);REF:DT70736|NU;référence;NU;1;;
Quincaillerie;foret;DT60234-QZ;DeWALT DT60234-QZ — DT60234-QZ Foret aspirant SDS-Max diamètre 28mm longueur 400mm;129,47;seul;foret;;;;;;1;;reconnu;tête du titre (consommable);REF:DT60234|NU;référence;NU;1;DT60234-QZ;183,12
Quincaillerie;lame-alternative;DT8351-QZ;DeWALT DT8351-QZ — DT8351-QZ;126,66;seul;scie-cloche;;;;;;1;;reconnu;famille:consommable;REF:DT8351|NU;référence;NU;1;DT8351-QZ;179,35
Quincaillerie;accessoire;DNF28R55E;DEWALT PowerCoil ongles DNF 55 mm 7,5 KST. Bague Tige, 1 pièce, dnf28r55e;129,03;seul;accessoire;;;;;;1;;inconnu;tête du titre (consommable);REF:DNF28|5X6;référence;5X6;1;;
Quincaillerie;disque;DT20465-QZ;DeWalt Disque Diamant pour Béton Renforcé Ø355x25,4mm (DT20465-QZ);129,25;seul;disque à tronçonner;;;;;;1;;sans-ref;tête du titre (consommable);REF:DT20465|NU;référence;NU;1;;
Quincaillerie;disque;DT20463-QZ;DeWalt Elite Series Disque Diamant Segmenté Tout Usage 300mm (DT20463-QZ);128,52;seul;disque à tronçonner;;;;;;1;;sans-ref;tête du titre (consommable);REF:DT20463|NU;référence;NU;1;;
Quincaillerie;disque;DT20467-QZ;DeWalt Elite Series Disque Diamant Segmenté Asphalte 350x25,4mm (DT20467-QZ);128,33;seul;disque à tronçonner;;;;;;1;;sans-ref;tête du titre (consommable);REF:DT20467|NU;référence;NU;1;;
Quincaillerie;coffret;DWST08017-9;DeWalt Kit Toughsystem-Tstak 3 pièces DWST08017-9;127,00;pack;coffret;;TOUGHSYSTEM;;;;;;sans-ref;famille:rangement;REF:DWST08017-9|NU;référence;NU;1;;
Quincaillerie;accessoire;DNM40R50GZ;DeWALT DNM40R50GZ Clous anneau GAL, Argent, 4x50mm Set de 2000 Pieces;126,38;pack;accessoire;;;;;;2000;;sans-ref;tête du titre (consommable);REF:DNM40|5X6;référence;5X6;1;;
Quincaillerie;foret;DT60231-QZ;DeWalt Foret aspirant SDS-Max Ø18mm, 400/600mm (DT60231-QZ);126,25;seul;foret;;;;;;1;;sans-ref;tête du titre (consommable);REF:DT60231|NU;référence;NU;1;;
Quincaillerie;;;DEWALT Lochsaegen-Set BIM Elektriker, 11-tlg.;126,05;pack;;;;;;;;;sans-ref;titre-fragment;TIT:lochsaegen set bim elektriker 11 tlg;titre;NU;1;;
Quincaillerie;;EU2-973;DeWalt Taloche de finition courbée pour cloison sèche, acier inoxydable doré, 16in (EU2-973);125,26;seul;;;;;;;;;sans-ref;tête du titre (consommable);REF:EU2-973|NU;référence;NU;1;;
Quincaillerie;accessoire;DCR020;DeWALT DCR020 — DCR020;137,15;seul;accessoire;;;;;;1;;reconnu;famille:consommable;REF:DCR020|NU;référence;NU;1;DCR020;192,29
Quincaillerie;vissage-embout;DT70777-QZ;DeWALT DT70777-QZ — DT70777-QZ;134,71;pack;embout de vissage;;GENERIQUE;;;;1;;reconnu;famille:consommable;REF:DT70777|NU;référence;NU;1;DT70777-QZ;188,94
Quincaillerie;coffret;DWST83517-1;DeWALT DWST83517-1 — DWST83517-1;133,10;pack;coffret;;GENERIQUE;;;;;;reconnu;famille:rangement;REF:DWST83517-1|NU;référence;NU;1;DWST83517-1;222,00
Quincaillerie;portage;DWST60107-1;DeWALT DWST60107-1 — DWST60107-1;132,74;seul;sac à outils;;;;;;;;reconnu;famille:rangement;REF:DWST60107-1|NU;référence;NU;1;DWST60107-1;186,77
Quincaillerie;portage;;DEWALT Sac à outils roulant de 45,7 cm;138,62;seul;sac à outils;;;;;;;;sans-ref;tête du titre (consommable);TIT:sac outils roulant de 45 7 cm;titre;NU;1;;
Quincaillerie;;;DEWALT Lochsaegen-Set BIM Universal, 12-tlg.;135,34;pack;;;;;;;;;sans-ref;titre-fragment;TIT:lochsaegen set bim universal 12 tlg;titre;NU;1;;
Quincaillerie;foret;DT9447-QZ;DeWalt SDS-max 42x570x450 mm DT9447-QZ;134,99;seul;foret;;;;;;1;;sans-ref;famille:consommable;REF:DT9447|NU;référence;NU;1;;
Quincaillerie;chaine;XR18V;DEWALT Souffleur Brushless XR 18V 5Ah Li-ION - Souffleur Électrique Portable sans Fil & Recharge de Fil Coupe Bordure 2,;134,44;seul;fil de débroussailleuse;;;;;;1;;sans-ref;famille:consommable;REF:XR18|1X5;référence;1X5;1;;
Quincaillerie;foret;DT9446-QZ;DeWALT DT9446-QZ — DT9446-QZ;141,98;seul;foret;;;;;;1;;reconnu;famille:consommable;REF:DT9446|NU;référence;NU;1;DT9446-QZ;211,74
Quincaillerie;coffret;DWST1-72339;DeWALT DWST1-72339 — DWST1-72339;140,68;seul;coffret;;;;;;;;reconnu;famille:rangement;REF:DWST1-72339|NU;référence;NU;1;DWST1-72339;196,52
Quincaillerie;;DE7033;DeWALT DE7033-XJ — Piètement DE7033-XJ;140,54;seul;;;;;;;;;reconnu;tête du titre (consommable);REF:DE7033|ACCESSOIRE;référence;ACCESSOIRE;1;DE7033-XJ;254,68
Quincaillerie;lame-circulaire;DT1921-QZ;DeWALT DT1921-QZ — DT1921-QZ;139,99;seul;lame de scie circulaire;;;;;;1;;reconnu;famille:consommable;REF:DT1921|NU;référence;NU;1;DT1921-QZ;195,71
Quincaillerie;lame-circulaire;355/25;DeWALT 355/25 — 355/25;139,85;seul;lame de scie circulaire;;;;;;1;;reconnu;famille:consommable;REF:355/25|NU;référence;NU;1;355/25;195,52
Quincaillerie;portage;DWST540601;DeWALT DWST540601 — DWST540601;139,82;seul;sac à outils;;;;;;;;reconnu;famille:rangement;REF:DWST540601|NU;référence;NU;1;DWST540601;195,41
Quincaillerie;sciage;DT90360-QZ;DeWALT DT90360-QZ — DT90360-QZ Jeu de scies-cloches 20 mm, 22 mm, 25 mm, 32 mm, 35 mm, 44 mm, 51 mm, 64 mm 12 pc(s);139,38;seul;scie;;AUCUN;;;;;;reconnu;tête du titre (consommable);REF:DT90360|NU;référence;NU;1;DT90360-QZ;217,15
Quincaillerie;coffret;DWST08205;DeWALT rigide Système Bloc de classement, DWST08205;142,45;seul;;;;;;;;;inconnu;famille:rangement;REF:DWST08205|NU;référence;NU;1;;
Quincaillerie;portage;DWST550113;DeWalt Ceinture Porte-Outils en Cuir 18 Poches Réglable (DWST550113);143,90;seul;ceinture porte-outils;;;;;;;;sans-ref;famille:rangement;REF:DWST550113|NU;référence;NU;1;;
Quincaillerie;foret;DT60230-QZ;DeWalt Foret Creux SDS-Max 16mm, Longueur 600mm (DT60230-QZ);141,98;seul;foret;;;;;;1;;sans-ref;tête du titre (consommable);REF:DT60230|NU;référence;NU;1;;
Quincaillerie;foret;DT3894;DeWalt Couronne de forage sec diamant, G 1/2 pouce, 107 mm (DT3894);141,93;seul;foret;;;;;;1;;sans-ref;tête du titre (consommable);REF:DT3894|NU;référence;NU;1;;
Quincaillerie;lame-alternative;DT90361-QZ;DeWalt Jeu de scies cloches universelles BIM, 13 pièces (DT90361-QZ);140,99;seul;scie-cloche;;;;;;1;;sans-ref;tête du titre (consommable);REF:DT90361|NU;référence;NU;1;;
Quincaillerie;foret;DT60846-QZ;DeWalt SDS-max 40x920x790 mm DT60846-QZ;138,98;seul;foret;;;;;;1;;sans-ref;famille:consommable;REF:DT60846|NU;référence;NU;1;;
Quincaillerie;fraise;DWAC02018;DEWALT DWAC02018 Fraise annulaire HSS 3,8 x 5,1 cm Soudure 1,9 cm;138,90;seul;fraise;;;;;;1;;sans-ref;tête du titre (consommable);REF:DWAC02018|NU;référence;NU;1;;
Quincaillerie;lame-circulaire;DT1922-QZ;DeWALT DT1922-QZ — DT1922-QZ;148,99;seul;lame de scie circulaire;;;;;;1;;reconnu;famille:consommable;REF:DT1922|NU;référence;NU;1;DT1922-QZ;210,49
Quincaillerie;foret;DT3896;DeWALT DT3896 — DT3896;147,98;seul;foret;;;;;;1;;reconnu;famille:consommable;REF:DT3896|NU;référence;NU;1;DT3896;231,17
Quincaillerie;;DWHT83550;DeWALT DWHT83550 — DWHT83550;147,46;seul;;;;;;;;;reconnu;famille:consommable;REF:DWHT83550|NU;référence;NU;1;DWHT83550;208,74
Quincaillerie;lame-circulaire;DT1475-QZ;DeWALT DT1475-QZ — DT1475-QZ;146,76;seul;lame de scie circulaire;;;;;;1;;reconnu;famille:consommable;REF:DT1475|NU;référence;NU;1;DT1475-QZ;204,08
Quincaillerie;foret;DT60233-QZ;DeWALT DT60233-QZ — DT60233-QZ Foret aspirant SDS-Max diamètre 24mm longueur 400mm;145,63;seul;foret;;;;;;1;;reconnu;tête du titre (consommable);REF:DT60233|NU;référence;NU;1;DT60233-QZ;202,72
Quincaillerie;foret;DT9763;DeWalt Couronne de forage humide diamant, 1 1/4 pouce UNC, universel, 72 mm (DT9763);148,25;seul;foret;;;;;;1;;sans-ref;tête du titre (consommable);REF:DT9763|NU;référence;NU;1;;
Quincaillerie;;;DEWALT Streifennagel 34Gr. Glatt 80mm 2200Stk;147,20;seul;;;;;;;;;sans-ref;titre-fragment;TIT:streifennagel 34gr glatt 80mm 2200stk;titre;NU;1;;
Quincaillerie;;;DEWALT Streifennagel 34Gr. Glatt 90mm 2200Stk;145,55;seul;;;;;;;;;sans-ref;titre-fragment;TIT:streifennagel 34gr glatt 90mm 2200stk;titre;NU;1;;
Quincaillerie;coffret;;Pack de 4 valises DeWALT TSTAK VI;145,00;pack;coffret;;TSTAK;;;;4;;sans-ref;famille:rangement;TIT:pack de 4 valises tstak vi;titre;NU;1;;
Quincaillerie;foret;DT9449-QZ;DeWalt SDS-max 50x570x450 mm DT9449-QZ;144,98;seul;foret;;;;;;1;;sans-ref;famille:consommable;REF:DT9449|NU;référence;NU;1;;
Quincaillerie;coffret;DWMT73802-1;DeWALT DWMT73802-1 — DWMT73802-1;150,84;seul;coffret;;;;;;;;reconnu;famille:rangement;REF:DWMT73802-1|NU;référence;NU;1;DWMT73802-1;217,15
Quincaillerie;foret;DT9766;DeWalt Couronne de forage humide diamant 1 1/4 pouce UNC universel 91 mm (DT9766);155,10;seul;foret;;;;;;1;;sans-ref;tête du titre (consommable);REF:DT9766|NU;référence;NU;1;;
Quincaillerie;coffret;DWST60452-1;DeWalt Tour TSTAK 3 en 1 Édition McLaren (DWST60452-1);154,67;pack;coffret;;TSTAK;;;;;oui;sans-ref;famille:rangement;REF:DWST60452-1|NU;référence;NU;1;;
Quincaillerie;foret;DT60232-QZ;DeWalt Foret aspirant SDS-Max 20mm x 600mm (DT60232-QZ);152,99;seul;foret;;;;;;1;;sans-ref;tête du titre (consommable);REF:DT60232|NU;référence;NU;1;;
Quincaillerie;foret;DT6765-QZ;DeWalt HBS DS-max 100x107 mm DT6765-QZ;152,99;seul;foret;;;;;;1;;sans-ref;famille:consommable;REF:DT6765|NU;référence;NU;1;;
Quincaillerie;;DNN20R45G12E;DEWALT PowerCoil ongles Dnn, galvanisé, 24,5 K Stück, DNN20R45G12E;159,50;seul;;;;;;;;;inconnu;tête du titre (consommable);REF:DNN20|1X3_4X6;référence;1X3_4X6;2;;
Quincaillerie;coffret;;DeWALT TSTAK VI - Étui rigide pour boîte à outils G;165,34;pack;coffret modulaire;;TSTAK;;;;;;sans-ref;tête du titre (consommable);TIT:tstak vi tui rigide pour bo te outils g;titre;NU;1;;
Quincaillerie;visserie;;DEWALT DEWALT Clou à bande DNPT 3,1 x 90 mm 33° Anneau Galvanisé Quantité:2000;162,98;seul;clou;;;;;;1;;sans-ref;tête du titre (consommable);TIT:clou bande dnpt 3 1 x 90 mm 33 anneau galvanis quantit 2000;titre;NU;1;;
Quincaillerie;disque;DT20464-QZ;DeWalt ELITE Series Disque Diamant Segmenté Ø350mm, Tous Usages (DT20464-QZ);162,82;seul;disque à tronçonner;;;;;;1;;sans-ref;tête du titre (consommable);REF:DT20464|NU;référence;NU;1;;
Quincaillerie;accessoire;DT2323-QZ;DeWalt 203 Métal 3-8 mm 100 pcs (DT2323-QZ);162,48;pack;accessoire;;;;;;1;;sans-ref;famille:consommable;REF:DT2323|NU;référence;NU;1;;
Quincaillerie;lame-alternative;;Dewalt Dt90360 Lot De 12 Scies Cloches Bim Universelles 20/22/25/32/35/44/51/64 Mm Stanley Dt90360-qz;162,17;pack;scie-cloche;;;;;;12;;sans-ref;famille:consommable;TIT:dt90360 lot de 12 scies cloches bim universelles 20 22 25 32 35 44 51 64 mm stanley dt90360 qz;titre;NU;1;;
Quincaillerie;portage;DWST540602;DeWalt Ceinture Porte-Outils avec Bretelles, 25 Poches (DWST540602);161,68;seul;ceinture porte-outils;;;;;;;;sans-ref;famille:rangement;REF:DWST540602|NU;référence;NU;1;;
Quincaillerie;foret;;Dewalt - Forets Béton Dewalt Grande Longueur Sds - Diamètre Mm: 22 G;160,43;seul;foret béton;;;;;;1;;sans-ref;tête du titre (consommable);TIT:forets b ton grande longueur sds diam tre mm 22 g;titre;NU;1;;
Quincaillerie;coffret;;DeWalt Toughsystem Chariot à roulettes Transp charge max. 150 kg (1-70-324);160,43;pack;coffret modulaire;;TOUGHSYSTEM;;;;;;sans-ref;famille:rangement;TIT:toughsystem chariot roulettes transp charge max 150 kg 1 70 324;titre;NU;1;;
Quincaillerie;foret;DT6766-QZ;DeWalt HB SDS-max 125x107 mm DT6766-QZ;159,60;seul;foret;;;;;;1;;sans-ref;famille:consommable;REF:DT6766|NU;référence;NU;1;;
Quincaillerie;coffret;DWST08530-1;DeWalt ToughSystem 2.0 DXL (DWST08530-1);159,04;pack;coffret modulaire;;TOUGHSYSTEM;;;;;;sans-ref;famille:rangement;REF:DWST08530-1|NU;référence;NU;1;;
Quincaillerie;visserie;DSTSX35SE;DeWALT DSTSX35SE — DSTSX35SE Agrafes Inox, 5.6mm x 35mm;169,32;seul;agrafe;;;;;;1;;reconnu;famille:consommable;REF:DSTSX35|NU;référence;NU;1;DSTSX35SE;231,80
Quincaillerie;lame-alternative;DT8354-QZ;DeWALT DT8354-QZ — DT8354-QZ;167,83;seul;scie-cloche;;;;;;1;;reconnu;famille:consommable;REF:DT8354|NU;référence;NU;1;DT8354-QZ;229,93
Quincaillerie;;DT9764-QZ;"DeWALT DT9764-QZ — DT9764-QZ Corona de Diamante perforar en húmedo 78x400mm, acoplamiento 1 1/4"" UNC hembra Universal, Para material";167,16;seul;;;;;;;;;reconnu;tête du titre (consommable);REF:DT9764|NU;référence;NU;1;DT9764-QZ;229,18
Quincaillerie;foret;DT9814-QZ;DeWALT DT9814-QZ — DT9814-QZ;166,74;seul;foret;;;;;;1;;reconnu;famille:consommable;REF:DT9814|NU;référence;NU;1;DT9814-QZ;228,60
Quincaillerie;coffret;AW2734;Dewalt - Boîte à outils « Toughsystem 2.0 » AW2734 (305 mm x 330 mm x 535 mm) (noir);171,14;pack;coffret;;TOUGHSYSTEM;;;;;;sans-ref;tête du titre (consommable);REF:AW2734|NU;référence;NU;1;;
Quincaillerie;foret;DT9450-QZ;DeWalt SDS-max 52x570x450 mm DT9450-QZ;169,99;seul;foret;;;;;;1;;sans-ref;famille:consommable;REF:DT9450|NU;référence;NU;1;;
Quincaillerie;coffret;AW2460;Dewalt - Boîte à outils, plastique ABS AW2460 (taille unique) (noir/jaune);169,68;seul;coffret;;;;;;;;sans-ref;tête du titre (consommable);REF:AW2460|NU;référence;NU;1;;
Quincaillerie;foret;DT6784-QZ;DeWalt HB SDS-max 80x300 mm DT6784-QZ;167,90;seul;foret;;;;;;1;;sans-ref;famille:consommable;REF:DT6784|NU;référence;NU;1;;
Quincaillerie;;;"Spachtel DeWalt 2-924; 609 6 mm";167,80;seul;;;;;;;;;sans-ref;titre-fragment;TIT:spachtel 2 924 609 6 mm;titre;NU;1;;
Quincaillerie;mobilier;DXWT-504;DeWALT DXWT-504 — DXWT-504;179,99;seul;chariot;;;;;;;;reconnu;famille:rangement;REF:DXWT-504|NU;référence;NU;1;DXWT-504;251,22
Quincaillerie;percage;DCD795NT-XJ;DeWALT DCD795NT-XJ — DCD795NT-XJ Perceuse-visseuse compact 18 V sans batterie/accessoires avec T-Stak Box ii;178,20;pack;perceuse-visseuse;18;TSTAK;;;0;;;reconnu;tête du titre (consommable);REF:DCD795|NU;référence;NU;3;DCD795NT-XJ;264,98
Quincaillerie;mobilier;DWST83448-1;Servante de chantier 3-en-1 DeWalt TSTAK DWST83448-1;179,99;pack;servante;;TSTAK;;;;;;sans-ref;tête du titre (consommable);REF:DWST83448-1|NU;référence;NU;1;;
Quincaillerie;lame-alternative;DXTT-2-932;DeWalt Lame à enduire pro 813mm, acier inoxydable, flexible (DXTT-2-932);175,33;seul;lame de scie;;;;;;1;;sans-ref;tête du titre (consommable);REF:DXTT-2-932|NU;référence;NU;1;;
Quincaillerie;coffret;;Cutii de transport si depozitare DeWALT TSTAK McLaren Edition 3 in 1;175,00;pack;coffret modulaire;;TSTAK;;;;;oui;sans-ref;famille:rangement;TIT:cutii de transport si depozitare tstak mclaren edition 3 in 1;titre;NU;2;;
Quincaillerie;;;"DEWALT Combination Wrench 1 1/2"" SAE";174,67;seul;;;;;;;;;sans-ref;tête du titre (consommable);TIT:combination wrench 1 1 2 sae;titre;NU;1;;
Quincaillerie;accessoire;DE0735;DeWALT DE0735 — DE0735;186,23;seul;trépied;;;;;;1;;reconnu;famille:consommable;REF:DE0735|NU;référence;NU;1;DE0735;252,72
Quincaillerie;;DE7023;DeWALT DE7023-XJ — Piètement universel pour scies à onglets (repliable, 227 kg);185,98;seul;;;;;;;;;reconnu;tête du titre (consommable);REF:DE7023|ACCESSOIRE;référence;ACCESSOIRE;1;DE7023-XJ;222,02
Quincaillerie;foret;HSS50;DeWALT HSS50 — DEWALT Mèche HSS 50 mm;181,66;seul;foret;;;;;;1;;reconnu;tête du titre (consommable);REF:HSS50|NU;référence;NU;1;HSS50;247,06
Quincaillerie;;DWA7889;DeWALT Dwa7889 100 dents de coupe Aluminium 2,5 cm Tonnelle, 35,6 cm;185,75;seul;;;;;;;;;inconnu;tête du titre (consommable);REF:DWA7889|NU;référence;NU;1;;
Quincaillerie;foret;DT3898;DeWalt Couronne de forage à sec diamantée, G 1/2 pouce, 152 mm (DT3898);186,47;seul;foret;;;;;;1;;sans-ref;tête du titre (consommable);REF:DT3898|NU;référence;NU;1;;
Quincaillerie;burin;;Pointes en bande papier 33° crantées - inox - 2,8 x 63 mm - par 1200 DEWALT;184,90;seul;burin pointu;;;;;;1;;sans-ref;famille:consommable;TIT:pointes en bande papier 33 crant es inox 2 8 x 63 mm par 1200;titre;NU;1;;
Quincaillerie;foret;DT9767;DeWalt Couronne de forage humide diamantée, 1 1/4 pouces UNC, universel, 102 mm (DT9767);183,49;seul;foret;;;;;;1;;sans-ref;tête du titre (consommable);REF:DT9767|NU;référence;NU;1;;
Quincaillerie;abrasif;D125/8;DeWalt STF D125/8 125G 40 mm (200 pcs);182,51;seul;disque abrasif;;;;;;1;;sans-ref;famille:consommable;REF:D125|NU;référence;NU;1;;
Quincaillerie;coffret;AW2265;Dewalt - Boîte à outils « Toughsystem 2.0 » AW2265 (taille unique) (noir/jaune);182,12;pack;coffret;;TOUGHSYSTEM;;;;;;sans-ref;tête du titre (consommable);REF:AW2265|NU;référence;NU;1;;
Quincaillerie;coffret;;DEWALT Scie Sabre Électrique avec Vitesse Variable et Coffret de Transport + DEWALT Lame pour Scies Sabre, Argent, Set d;181,20;pack;coffret;;;;;;6;;sans-ref;famille:rangement;TIT:scie sabre lectrique avec vitesse variable et coffret de transport lame pour scies sabre argent set d;titre;NU;1;;
Quincaillerie;filtration;DXIR1FFMLP3;DeWALT DXIR1FFMLP3 — DXIR1FFMLP3 Masque Complet Léger Réutilisable Avec Filtres P3 - Taille L;191,99;pack;filtre;;;;;;1;;reconnu;famille:consommable;REF:DXIR1|3X5;référence;3X5;4;DXIR1FFMLP3;259,76
Quincaillerie;coffret;DWST83471;DeWALT DWST83471 — DWST83471;190,60;pack;coffret modulaire;;TOUGHSYSTEM;;;;;;reconnu;famille:rangement;REF:DWST83471|NU;référence;NU;1;DWST83471;258,07
Quincaillerie;coffret;DWST08061-1;DeWALT DWST08061-1 — DWST08061-1;188,99;seul;coffret;;;;;;;;reconnu;famille:rangement;REF:DWST08061-1|NU;référence;NU;1;DWST08061-1;256,08
Quincaillerie;foret;DT8973-QZ;DeWalt SDS-plus 14x200x150 mm DT8973-QZ;189,91;seul;foret;;;;;;1;;sans-ref;famille:consommable;REF:DT8973|NU;référence;NU;1;;
Quincaillerie;accessoire;DE3472;DeWALT DE3472 — DE3472;196,99;seul;accessoire;;;;;;1;;reconnu;famille:consommable;REF:DE3472|NU;référence;NU;1;DE3472;265,93
Quincaillerie;percage;DCDW106-XJ;"DeWalt Couronne de perçage à eau diamantée 122mm, longueur de travail 400mm, 1 1/4"" UNC (DCDW106-XJ)";192,02;seul;;;AUCUN;;;;;;sans-ref;tête du titre (consommable);REF:DCDW106|NU;référence;NU;1;;
Quincaillerie;mobilier;DXWT-507LS;DeWALT DXWT-507LS — DXWT-507LS Diable Load Shift - Acier - 400 Kg;199,99;seul;chariot;;;;;;;;reconnu;famille:rangement;REF:DXWT-507LS|NU;référence;NU;1;DXWT-507LS;269,59
Quincaillerie;coffret;DWST086502;DEWALT ToughSystem 2.0 DXL Kit de rangement d'outils d'atelier portable avec roulettes (DWST086502);200,37;pack;coffret modulaire;;TOUGHSYSTEM;;;;;;sans-ref;tête du titre (consommable);REF:DWST086502|NU;référence;NU;2;;
Quincaillerie;mobilier;DWST83402-1;DeWalt Tool Trolley DWST83402-1;202,84;pack;chariot;;GENERIQUE;;;;;;sans-ref;famille:rangement;REF:DWST83402-1|NU;référence;NU;2;;
Quincaillerie;accessoire;;Pack Rail de guidage 1M + Paire de serre-joints + Sac DEWALT;209,90;pack;rail de guidage;;;;;;1;;sans-ref;famille:consommable;TIT:pack rail de guidage 1m paire de serre joints sac;titre;NU;1;;
Quincaillerie;;;DeWalt Ébrancheur 60 cm bypass;207,32;seul;;;;;;;;;sans-ref;tête du titre (consommable);TIT:brancheur 60 cm bypass;titre;NU;1;;
Quincaillerie;foret;DT60844-QZ;DeWalt SDS-max 40x380x250 mm DT60844-QZ;205,31;seul;foret;;;;;;1;;sans-ref;famille:consommable;REF:DT60844|NU;référence;NU;1;;
Quincaillerie;;DWHT51064;DeWALT DWHT51064 — DWHT51064 Marteau de charpentier 625 g;216,53;seul;;;;;;;;;reconnu;famille:consommable;REF:DWHT51064|NU;référence;NU;1;DWHT51064;207,06
Quincaillerie;coffret;DT71516M-QZ;DeWALT DT71516M-QZ — DT71516M-QZ Coffret de 24 Tournevis pour Tableau de Bord;215,94;pack;coffret;;;;;;24;;reconnu;tête du titre (consommable);REF:DT71516|NU;référence;NU;1;DT71516M-QZ;289,14
Quincaillerie;mobilier;DXWT-FT512;DeWALT DXWT-FT512 — DXWT-FT512;214,83;seul;chariot;;;;;;;;reconnu;famille:rangement;REF:DXWT-FT512|NU;référence;NU;1;DXWT-FT512;287,87
Quincaillerie;;DT9773-QZ;"DeWALT DT9773-QZ — DT9773-QZ Corona de Diamante perforar en húmedo 152x400mm, acoplamiento 1 1/4"" UNC hembra Universal, Para materia";213,68;seul;;;;;;;;;reconnu;tête du titre (consommable);REF:DT9773|NU;référence;NU;1;DT9773-QZ;286,55
Quincaillerie;foret;DT9765;DeWALT DT9765 — DT9765;224,08;seul;foret;;;;;;1;;reconnu;famille:consommable;REF:DT9765|NU;référence;NU;1;DT9765;299,15
Quincaillerie;;DT9771-QZ;DeWALT DT9771-QZ — DT9771-QZ Couronne Diamant Forage en Eau, Jaune, 127 x 400 mm;223,44;seul;;;;;;;;;reconnu;tête du titre (consommable);REF:DT9771|NU;référence;NU;1;DT9771-QZ;298,51
Quincaillerie;accessoire;DT9774-QZ;"DeWALT DT9774-QZ — DT9774-QZ - Corona de diamante para perforar en húmedo 162x400mm, acoplamiento 1 1/4"" UNC hembra universal, para";222,56;seul;accessoire;;;;;;1;;reconnu;tête du titre (consommable);REF:DT9774|NU;référence;NU;1;DT9774-QZ;297,34
Quincaillerie;lame-alternative;;Jeu De Scies Cloches D'électricien Bim Dewalt 11 Pièces.;223,23;seul;scie-cloche;;;;;;1;;sans-ref;tête du titre (consommable);TIT:jeu de scies cloches d lectricien bim 11 pi ces;titre;NU;1;;
Quincaillerie;accessoire;DT2400-QZ;DeWalt 228 mm 100 pièces (DT2400-QZ);221,59;pack;accessoire;;;;;;1;;sans-ref;famille:consommable;REF:DT2400|NU;référence;NU;1;;
Quincaillerie;vissage-choc;DWMT19231;DeWALT DWMT19231 — Jeu de clés à cliquet SAE, flexibles, 12 pièces (DWMT19231);234,11;seul;cliquet;;AUCUN;;;;;;reconnu;tête du titre (consommable);REF:DWMT19231|NU;référence;NU;2;DWMT19231;332,62
Quincaillerie;;DWMT81534-1;DeWALT DWMT81534-1 — DWMT81534-1;233,71;seul;;;;;;;;;reconnu;famille:consommable;REF:DWMT81534-1|NU;référence;NU;1;DWMT81534-1;311,06
Quincaillerie;;DT9768-QZ-COURONNE;"DeWALT DT9768-QZ — DT9768-QZ-Couronne diamant de forage sur peau humide 107 x 400 mm raccordement 1 1/4"" c un femelle universelle et";233,58;seul;;;;;;;;;reconnu;tête du titre (consommable);REF:DT9768|ACCESSOIRE;référence;ACCESSOIRE;1;DT9768-QZ;310,90
Quincaillerie;mobilier;DWST60490-1;DeWALT DWST60490-1 — Ensemble de chariots Tstak DEWALT DWST60490-1;229,99;pack;chariot;;TSTAK;;;;;;reconnu;famille:rangement;REF:DWST60490-1|NU;référence;NU;1;DWST60490-1;306,58
Quincaillerie;mobilier;STTDXWTPC710;DeWALT STTDXWTPC710 — Chariot de transport pliable - STTDXWTPC710;229,90;seul;chariot;;;;;;;;reconnu;famille:rangement;REF:STTDXWTPC710|NU;référence;NU;1;STTDXWTPC710;306,46
Quincaillerie;coffret;;DeWalt ToughSystem DXL (15176);232,98;pack;coffret;;TOUGHSYSTEM;;;;;;sans-ref;famille:rangement;TIT:toughsystem dxl 15176;titre;NU;1;;
Quincaillerie;;;"Spachtel DeWalt 2-940; 101 6 cm";240,92;seul;;;;;;;;;sans-ref;titre-fragment;TIT:spachtel 2 940 101 6 cm;titre;NU;1;;
Quincaillerie;lame-alternative;;DeWalt Lame supérieure 199314-3;237,84;seul;lame de scie;;;;;;1;;sans-ref;tête du titre (consommable);TIT:lame sup rieure 199314 3;titre;NU;1;;
Quincaillerie;jardin;DCMPP568P1;DeWALT DCMPP568P1 18V XR Li-Ion Set De Sécateurs Sans Fil (1x Batterie 5.0Ah) - 38mm;237,01;pack;sécateur;18;AUCUN;5;;1;;;sans-ref;tête du titre (consommable);REF:DCMPP568|1X5.0;référence;1X5.0;1;;
Quincaillerie;foret;DT60235-QZ;DeWALT DT60235-QZ — DT60235-QZ Foret aspirant SDS-Max diamètre 32mm longueur 400mm;245,82;seul;foret;;;;;;1;;reconnu;tête du titre (consommable);REF:DT60235|NU;référence;NU;1;DT60235-QZ;320,24
Quincaillerie;coffret;DT2296-QZ;DEWALT Coffret plastique de 10 lames XPC HCS BIM Spéciale Bois DT2296-QZ + DEWALT - Scie Sauteuse à Prise par le Corps B;244,49;pack;coffret;;TSTAK;;;;10;;sans-ref;tête du titre (consommable);REF:DT2296|NU;référence;NU;1;;
Quincaillerie;filtration;DWH161D1-QW;DeWALT DWH161D1-QW — DWH161D1-QW;247,62;pack;filtre;;;;;;1;;reconnu;famille:consommable;REF:DWH161|1X2;référence;1X2;1;DWH161D1-QW;217,38
Quincaillerie;vissage-embout;DWMT81535-1;"DeWalt Jeu de douilles 1/4"", 3/8"" et 1/2"", 247 pièces (DWMT81535-1)";259,66;pack;douille;;GENERIQUE;;;;1;;sans-ref;tête du titre (consommable);REF:DWMT81535-1|NU;référence;NU;1;;
Quincaillerie;percage;;DEWALT DEWALT Présentoir de comptoir Set de visseuses 12xDT71516M Quantité:1;258,99;pack;visseuse;;AUCUN;;;;;;sans-ref;tête du titre (consommable);TIT:pr sentoir de comptoir set de visseuses 12xdt71516m quantit 1;titre;NU;1;;
Quincaillerie;coffret;DWST83412-1;DeWalt Tour Tstak DWST83412-1;255,41;pack;coffret;;TSTAK;;;;;;sans-ref;famille:rangement;REF:DWST83412-1|NU;référence;NU;1;;
Quincaillerie;coffret;;DeWalt 4 Forets SDS-max et 2 Burins en Coffret (SDSMAXKIT-DE);252,99;pack;coffret;;GENERIQUE;;;;4;;sans-ref;tête du titre (consommable);TIT:4 forets sds max et 2 burins en coffret sdsmaxkit de;titre;NU;1;;
Quincaillerie;foret;DT9772;DeWALT DT9772 — DT9772;264,00;seul;foret;;;;;;1;;reconnu;famille:consommable;REF:DT9772|NU;référence;NU;1;DT9772;348,48
Quincaillerie;mobilier;DXWT-502;DeWALT DXWT-502 — DXWT-502;271,00;seul;chariot;;;;;;;;reconnu;famille:rangement;REF:DXWT-502|NU;référence;NU;1;DXWT-502;356,90
Quincaillerie;vissage-embout;DWMT45341-1;DeWALT DWMT45341-1 — Jeu de douilles Dewalt 341 pièces 1/4, 3/8 et 1/2 DWMT45341-1;268,72;seul;douille;;;;;;1;;reconnu;tête du titre (consommable);REF:DWMT45341-1|NU;référence;NU;2;DWMT45341-1;354,30
Quincaillerie;;341-TLG.;DEWALT 341-tlg. Werkzeugset in 3 Modulen;273,52;seul;;;;;;;;;inconnu;titre-fragment;REF:341-TLG.|NU;référence;NU;1;;
Quincaillerie;burin;;DEWALT - Perforateur-Burineur SDS-PLUS Brushless 2.6J 18V 4Ah Li-Ion - Sans Fil avec Coffret TSTAK & Jeu de 3 Burins SDS;281,61;pack;burin pointu;;TSTAK;;;;3;;sans-ref;famille:consommable;TIT:perforateur burineur sds plus brushless 2 6j 18v 4ah li ion sans fil avec coffret tstak jeu de 3 burins sds;titre;1X4;1;;
Quincaillerie;accessoire;;DEWALT PowerCoil ongles DNF Anneau 90 mm 2.7 KST.. s3116, 1 pièce, dnf31r90s316e;290,81;seul;accessoire;;;;;;1;;sans-ref;tête du titre (consommable);TIT:powercoil ongles dnf anneau 90 mm 2 7 kst s3116 1 pi ce dnf31r90s316e;titre;NU;1;;
Quincaillerie;filtration;DWXAF201;DeWALT DWXAF201 — DWXAF201;294,96;seul;filtre;;;;;;1;;reconnu;famille:consommable;REF:DWXAF201|NU;référence;NU;1;DWXAF201;368,20
Quincaillerie;visserie;P121-23;DeWalt Boulon de remplacement pour sécateurs P121-23;295,68;seul;boulon;;;;;;1;;sans-ref;famille:consommable;REF:P121-23|ACCESSOIRE;référence;ACCESSOIRE;1;;
Quincaillerie;coffret;DWST83401-1;DeWalt DSTROLLEY ToughSystem 2.0 DS complet (DWST83401-1);294,61;pack;coffret;;TOUGHSYSTEM;;;;;;sans-ref;famille:rangement;REF:DWST83401-1|NU;référence;NU;1;;
Quincaillerie;vissage-embout;DT71706;DeWALT DT71706 — DT71706;313,61;pack;embout de vissage;;;;;;1;;reconnu;famille:consommable;REF:DT71706|NU;référence;NU;1;DT71706;411,94
Quincaillerie;filtration;DWH161D2T-7;DEWALT DWH161D2T-7;313,00;pack;filtre;;TSTAK;;;;1;;inconnu;famille:consommable;REF:DWH161|2X2;référence;2X2;1;;
Quincaillerie;;DCF860P1;Vis à choc DeWALT DCF860P1 (1 x 5,0 Ah + DCB1104 + TSTAK II);320,00;pack;;;TSTAK;5;;1;;;sans-ref;tête du titre (consommable);REF:DCF860|1X5.0;référence;1X5.0;1;;
Quincaillerie;percage;;Dewalt 18V Combo Drill + Impact Wrench Set Dck2060L2T (Dcd778+Dcf787) 2X3.0Ah Tstak Ii;326,99;pack;perceuse;18;TSTAK;3;;2;;;sans-ref;tête du titre (consommable);TIT:18v combo drill impact wrench set dck2060l2t dcd778 dcf787 2x3 0ah tstak ii;titre;2X3.0;1;;
Quincaillerie;accessoire;;Adaptateur SDS-Max - 400mm;324,98;seul;adaptateur;;;;;;1;;sans-ref;famille:consommable;TIT:adaptateur sds max 400mm;titre;ACCESSOIRE;1;;
Quincaillerie;coffret;DWST08260;DeWALT DWST08260 — Tough System DWST08260 Étagère de rangement pour garage Noir;338,35;pack;coffret modulaire;;TOUGHSYSTEM;;;;;;reconnu;famille:rangement;REF:DWST08260|NU;référence;NU;3;DWST08260;440,38
Quincaillerie;filtration;DWH161P2T;DEWALT DWH161P2T;376,00;pack;filtre;;TSTAK;;;;1;;inconnu;famille:consommable;REF:DWH161|2X5;référence;2X5;1;;
Quincaillerie;;;DEWALT dt6790 DEWALT DEWALT DEWALT 55 mm de forage Bit (55) dt6790-qz - Argent;381,05;seul;;;;;;;;;sans-ref;titre;TIT:dt6790 55 mm de forage bit 55 dt6790 qz argent;titre;NU;1;;
Quincaillerie;foret;DT9778;DeWALT DT9778 — DT9778;391,86;seul;foret;;;;;;1;;reconnu;famille:consommable;REF:DT9778|NU;référence;NU;1;DT9778;505,90
Quincaillerie;foret;DT6791;DEWALT percée Foret SDS-max 65 x 390 x 550 mm, dt6791 QZ;403,74;seul;foret;;;;;;1;;inconnu;tête du titre (consommable);REF:DT6791|NU;référence;NU;1;;
Quincaillerie;accessoire;;Adaptateur Dewalt Powershift Flexvolt Dcafvps;404,00;seul;adaptateur;;;;;;1;;sans-ref;famille:consommable;TIT:adaptateur powershift flexvolt dcafvps;titre;ACCESSOIRE;1;;
Quincaillerie;coffret;DWST17820;DeWalt TSTAK Boîte à Outils avec Roulettes, Boîte Profonde (DWST17820);449,18;pack;coffret;;TSTAK;;;;;;sans-ref;tête du titre (consommable);REF:DWST17820|NU;référence;NU;1;;
Quincaillerie;;R009P;DeWalt KS Tools 515.3250-R009P enclume 3/4 pouce;435,44;seul;;;;;;;;;sans-ref;tête du titre (consommable);REF:R009|NU;référence;NU;1;;
Quincaillerie;coffret;DWST08320;Two-Drawer Unit -DWST08320;458,45;seul;;;;;;;;;inconnu;famille:rangement;REF:DWST08320|NU;référence;NU;1;;
Quincaillerie;coffret;DCE400NT;"DeWALT DCE400NT-XJ — Expander de tuyau en plastique DeWalt DCE400NT-XJ; 18 V (sans batterie et chargeur)";471,66;pack;coffret modulaire;;TSTAK;;;;;;reconnu;tête du titre (consommable);REF:DCE400|NU;référence;NU;2;DCE400NT-XJ;636,73
Quincaillerie;meulage;;Dewalt Meuleuse d'Angle 18V Dcg406P2Lrt Lame 125Mm 2X5.0Ah Tstak Lanyard Ready;496,04;pack;meuleuse d'angle;18;TSTAK;5;;2;;;sans-ref;tête du titre (consommable);TIT:meuleuse d angle 18v dcg406p2lrt lame 125mm 2x5 0ah tstak lanyard ready;titre;2X5.0;1;;
Quincaillerie;lame-circulaire;DT20737B-QZ;DeWALT DT20737B-QZ — DT20737B-QZ;623,71;seul;lame de scie circulaire;;;;;;1;;reconnu;famille:consommable;REF:DT20737|NU;référence;NU;1;DT20737B-QZ;791,48
Quincaillerie;mobilier;;DeWalt ToughSystem DXL Tower 4-in-1;614,62;pack;servante;;TOUGHSYSTEM;;;;;;sans-ref;famille:rangement;TIT:toughsystem dxl tower 4 in 1;titre;NU;1;;
Quincaillerie;mobilier;DWST98236-1;DeWalt Servante d'Atelier McLaren F1 Team 5 Tiroirs 900mm (DWST98236-1);595,00;seul;servante;;;;;;;oui;sans-ref;tête du titre (consommable);REF:DWST98236-1|NU;référence;NU;1;;
Quincaillerie;lame-alternative;DT20735B-QZ;DeWALT DT20735B-QZ — Multi outil Lame de scie 100 Comprimés, 1 pièce, noir, noir, DT20735B-QZ 0 wattsW, 0 voltsV;712,73;seul;lame de scie;;;;;;1;;reconnu;tête du titre (consommable);REF:DT20735|NU;référence;NU;1;DT20735B-QZ;900,89
Quincaillerie;lame-circulaire;DT20732B-QZ;DeWALT DT20732B-QZ — DT20732B-QZ;890,80;seul;lame de scie circulaire;;;;;;1;;reconnu;famille:consommable;REF:DT20732|NU;référence;NU;1;DT20732B-QZ;1119,73
Quincaillerie;lame-alternative;DT20734B/QZ;DEWALT Multi outil Lame de scie, 67 x 30 mm, 100 pièces, noir, dt20734b/qz;801,77;seul;lame de scie;;;;;;1;;inconnu;tête du titre (consommable);REF:DT20734|NU;référence;NU;1;;
Quincaillerie;mobilier;;DeWalt Toughsystem DXL Tower 5-in-1;797,26;pack;servante;;TOUGHSYSTEM;;;;;;sans-ref;famille:rangement;TIT:toughsystem dxl tower 5 in 1;titre;NU;1;;
Quincaillerie;meulage;DCS691X2;DeWALT DCS691X2 Découpeuse a disque sans fil FlexVolt (230mm/54V/2x9,0Ah);908,06;pack;découpeuse;54;AUCUN;9;;2;;;inconnu;tête du titre (consommable);REF:DCS691|2X9.0;référence;2X9.0;1;;
Quincaillerie;coffret;FVK271T2-QW;DeWALT Kit FVK271T2-QW 54V/18V (DCH333 + DCG418 + 2 x 6.0 Ah + DCB118 + TSTAK II + TSTAK VI);1030,00;pack;coffret modulaire;;TSTAK;;;;;;sans-ref;famille:rangement;REF:FVK271|2X6.0;référence;2X6.0;1;;
Quincaillerie;lame-alternative;D36000-QS;DeWALT D36000-QS — D36000-QS;1061,57;seul;lame de scie;;;;;;1;;reconnu;famille:consommable;REF:D36000|NU;référence;NU;1;D36000-QS;1330,15
Quincaillerie;coffret;FVK381T2-QW;DeWALT Kit FVK381T2-QW 54V/18V (DCH333 + DCD796 + DCG418 + 2 x 6.0 Ah + DCB118 + 2 x TSTAK II + TSTAK VI);1142,00;pack;coffret modulaire;;TSTAK;;;;;;sans-ref;famille:rangement;REF:FVK381|2X6.0;référence;2X6.0;1;;
Quincaillerie;percage;DCPS151-XJ;Support powershift pour carotteuse - DEWALT - DCPS151-XJ;1558,69;seul;carotteuse;;AUCUN;;;;;;sans-ref;tête du titre (consommable);REF:DCPS151|ACCESSOIRE;référence;ACCESSOIRE;2;;
Quincaillerie;lame-alternative;DT20736B/QZ;DEWALT Multi outil Lame de scie, 43 x 65 mm, 100 pièces, noir, dt20736b/qz;1392,14;seul;lame de scie;;;;;;1;;inconnu;tête du titre (consommable);REF:DT20736|NU;référence;NU;1;;
Quincaillerie;lame-circulaire;;DeWalt Multi-Outil Titan 55 x 44 mm 100 Pièces;1514,50;seul;lame de scie circulaire;;;;;;1;;sans-ref;famille:consommable;TIT:multi outil titan 55 x 44 mm 100 pi ces;titre;NU;1;;
Quincaillerie;coffret;FVK381T3-QW;DeWALT Kit FVK381T3-QW 54V/18V (DCH333 + DCD796 + DCG418 + 3 x 6.0 Ah + DCB118 + 2 x TSTAK II + TSTAK VI);1283,00;pack;coffret modulaire;;TSTAK;;;;;;sans-ref;famille:rangement;REF:FVK381|3X6.0;référence;3X6.0;1;;
Quincaillerie;foret;DT50002-QZ;DeWALT DT50002-QZ — DT50002-QZ;10000,00;seul;foret métal;;;;;;1;;reconnu;famille:consommable;REF:DT50002|NU;référence;NU;1;DT50002-QZ;12311,51
Vêtements & EPI;vetement;;DEWALT Albany Pantalon Cargo de Travail pour Homme Coupe ajustée Pro-Stretch Rip Stop Poche Holster, Gris/Noir, 40W / 31;76,81;seul;pantalon de travail;;;;;;;;sans-ref;famille:epi;TIT:albany pantalon cargo de travail pour homme coupe ajust e pro stretch rip stop poche holster gris noir 40w 31;titre;NU;3;;
Vêtements & EPI;vetement;;DEWALT Albany Pantalon Cargo de Travail pour Homme Coupe ajustée Pro-Stretch Rip Stop Poche Holster, Gris/Noir, 32W x 31;74,20;seul;pantalon de travail;;;;;;;;sans-ref;famille:epi;TIT:albany pantalon cargo de travail pour homme coupe ajust e pro stretch rip stop poche holster gris noir 32w x 31;titre;NU;3;;
Vêtements & EPI;vetement;DEWMEM3029-TB;DEWALT Dewmem3029-tb Memphis Holster Pantalon pour Homme Tour de Taille 76,2 cm Jambe 73,7 cm Noir/Gris 30W 29L UK;78,36;seul;pantalon de travail;;;;;;;;inconnu;famille:epi;REF:DEWMEM3029|NU;référence;NU;1;;
Vêtements & EPI;chaussure;;Dewalt Radial, Chaussures de sécurité homme - Marron (brun), 47 EU;78,95;seul;chaussure de sécurité;;;;;;;;sans-ref;famille:epi;TIT:radial chaussures de s curit homme marron brun 47 eu;titre;NU;1;;
Vêtements & EPI;vetement;;DEWALT Albany Pantalon Cargo de Travail pour Homme Coupe ajustée Pro-Stretch Rip Stop Poche Holster, Gris/Noir, 34W x 33;78,70;seul;pantalon de travail;;;;;;;;sans-ref;famille:epi;TIT:albany pantalon cargo de travail pour homme coupe ajust e pro stretch rip stop poche holster gris noir 34w x 33;titre;NU;4;;
Vêtements & EPI;vetement;;DEWALT Albany Pantalon Cargo de Travail pour Homme Coupe ajustée Pro-Stretch Rip Stop Poche Holster, Gris/Noir, 36W x 31;78,70;seul;pantalon de travail;;;;;;;;sans-ref;famille:epi;TIT:albany pantalon cargo de travail pour homme coupe ajust e pro stretch rip stop poche holster gris noir 36w x 31;titre;NU;1;;
Vêtements & EPI;vetement;;DEWALT Albany Pantalon Cargo de Travail pour Homme Coupe ajustée Pro-Stretch Rip Stop Poche Holster, Gris/Noir, 32W x 29;78,70;seul;pantalon de travail;;;;;;;;sans-ref;famille:epi;TIT:albany pantalon cargo de travail pour homme coupe ajust e pro stretch rip stop poche holster gris noir 32w x 29;titre;NU;2;;
Vêtements & EPI;vetement;;DEWALT Albany Pantalon Cargo de Travail pour Homme Coupe ajustée Pro-Stretch Rip Stop Poche Holster, Gris/Noir, 38W x 31;78,70;seul;pantalon de travail;;;;;;;;sans-ref;famille:epi;TIT:albany pantalon cargo de travail pour homme coupe ajust e pro stretch rip stop poche holster gris noir 38w x 31;titre;NU;4;;
Vêtements & EPI;vetement;;DEWALT Albany Pantalon Cargo de Travail pour Homme Coupe ajustée Pro-Stretch Rip Stop Poche Holster, Gris/Noir, 34W / 31;78,70;seul;pantalon de travail;;;;;;;;sans-ref;famille:epi;TIT:albany pantalon cargo de travail pour homme coupe ajust e pro stretch rip stop poche holster gris noir 34w 31;titre;NU;2;;
Vêtements & EPI;vetement;;DEWALT Albany Pantalon Cargo de Travail pour Homme Coupe ajustée Pro-Stretch Rip Stop Poche Holster, Gris/Noir, 34W / 29;78,70;seul;pantalon de travail;;;;;;;;sans-ref;famille:epi;TIT:albany pantalon cargo de travail pour homme coupe ajust e pro stretch rip stop poche holster gris noir 34w 29;titre;NU;4;;
Vêtements & EPI;vetement;;DEWALT Albany Pantalon Cargo de Travail pour Homme Coupe ajustée Pro-Stretch Rip Stop Poche Holster, Gris/Noir, 30W / 33;78,70;seul;pantalon de travail;;;;;;;;sans-ref;famille:epi;TIT:albany pantalon cargo de travail pour homme coupe ajust e pro stretch rip stop poche holster gris noir 30w 33;titre;NU;4;;
Vêtements & EPI;vetement;;DEWALT Albany Pantalon Cargo de Travail pour Homme Coupe ajustée Pro-Stretch Rip Stop Poche Holster, Gris/Noir, 42W x 31;78,70;seul;pantalon de travail;;;;;;;;sans-ref;famille:epi;TIT:albany pantalon cargo de travail pour homme coupe ajust e pro stretch rip stop poche holster gris noir 42w x 31;titre;NU;2;;
Vêtements & EPI;vetement;;DEWALT Albany Pantalon Cargo de Travail pour Homme Coupe ajustée Pro-Stretch Rip Stop Poche Holster, Gris/Noir, 40W / 29;78,70;seul;pantalon de travail;;;;;;;;sans-ref;famille:epi;TIT:albany pantalon cargo de travail pour homme coupe ajust e pro stretch rip stop poche holster gris noir 40w 29;titre;NU;3;;
Vêtements & EPI;vetement;;DEWALT Albany Pantalon Cargo de Travail pour Homme Coupe ajustée Pro-Stretch Rip Stop Poche Holster, Gris/Noir, 42W / 33;78,70;seul;pantalon de travail;;;;;;;;sans-ref;famille:epi;TIT:albany pantalon cargo de travail pour homme coupe ajust e pro stretch rip stop poche holster gris noir 42w 33;titre;NU;2;;
Vêtements & EPI;vetement;;DEWALT Albany Pantalon Cargo de Travail pour Homme Coupe ajustée Pro-Stretch Rip Stop Poche Holster, Gris/Noir, 30W x 29;78,70;seul;pantalon de travail;;;;;;;;sans-ref;famille:epi;TIT:albany pantalon cargo de travail pour homme coupe ajust e pro stretch rip stop poche holster gris noir 30w x 29;titre;NU;2;;
Vêtements & EPI;chaussure;;DeWalt Fargo (48926) noir;78,26;seul;chaussure de sécurité;;;;;;;;sans-ref;famille:epi;TIT:fargo 48926 noir;titre;NU;1;;
Vêtements & EPI;chaussure;;Dewalt Harwich Bottes de sécurité imperméables Marron clair, peau, 45 EU;81,50;seul;botte de sécurité;;;;;;;;sans-ref;famille:epi;TIT:harwich bottes de s curit imperm ables marron clair peau 45 eu;titre;NU;1;;
Vêtements & EPI;vetement;;DEWALT Casque Bluetooth à Tour de Cou Heavy Duty, écouteurs sans Fil à Tour de Cou avec autonomie de 30 Heures + Isolati;79,99;pack;bonnet;;;;;;;;sans-ref;famille:epi;TIT:casque bluetooth tour de cou heavy duty couteurs sans fil tour de cou avec autonomie de 30 heures isolati;titre;NU;2;;
Vêtements & EPI;chaussure;;Chaussures de sécurités montantes résistantes à l'eau S3 DeWalt Corinth, miel pointure 43;79,99;seul;chaussure de sécurité;;;;;;;;sans-ref;famille:epi;TIT:chaussures de s curit s montantes r sistantes l eau s3 corinth miel pointure 43;titre;NU;1;;
Vêtements & EPI;chaussure;;Chaussures de sécurités montantes S3 DeWalt Corinth miel pointure 46;79,99;seul;chaussure de sécurité;;;;;;;;sans-ref;famille:epi;TIT:chaussures de s curit s montantes s3 corinth miel pointure 46;titre;NU;1;;
Vêtements & EPI;chaussure;;Chaussures de sécurité DeWalt Livingston S3 miel pointure 45;79,99;seul;chaussure de sécurité;;;;;;;;sans-ref;famille:epi;TIT:chaussures de s curit livingston s3 miel pointure 45;titre;NU;1;;
Vêtements & EPI;vetement;;Veste imperméable et respirante DeWalt Southampton, noir/gris, taille XL;79,99;seul;veste de pluie;;;;;;;;sans-ref;famille:epi;TIT:veste imperm able et respirante southampton noir gris taille xl;titre;NU;1;;
Vêtements & EPI;chaussure;;Chaussures de sécurité DeWalt Livingston S3 miel pointure 42;79,99;seul;chaussure de sécurité;;;;;;;;sans-ref;famille:epi;TIT:chaussures de s curit livingston s3 miel pointure 42;titre;NU;1;;
Vêtements & EPI;chaussure;;Baskets de sécurité SB DeWalt Garrison gris anthracite / jaune pointure 46;79,99;seul;chaussure de sécurité;;;;;;;;sans-ref;famille:epi;TIT:baskets de s curit sb garrison gris anthracite jaune pointure 46;titre;NU;1;;
Vêtements & EPI;chaussure;;Chaussures de sécurités montantes résistantes à l'eau S3 DeWalt Corinth, miel pointure 41;79,99;seul;chaussure de sécurité;;;;;;;;sans-ref;famille:epi;TIT:chaussures de s curit s montantes r sistantes l eau s3 corinth miel pointure 41;titre;NU;1;;
Vêtements & EPI;chaussure;;Chaussures de sécurité DeWalt Livingston S3 miel pointure 41;79,99;seul;chaussure de sécurité;;;;;;;;sans-ref;famille:epi;TIT:chaussures de s curit livingston s3 miel pointure 41;titre;NU;1;;
Vêtements & EPI;vetement;;Veste imperméable et respirante DeWalt Southampton, noir/gris, taille 2XL;79,99;seul;veste de pluie;;;;;;;;sans-ref;famille:epi;TIT:veste imperm able et respirante southampton noir gris taille 2xl;titre;NU;1;;
Vêtements & EPI;chaussure;;Chaussures de sécurité DeWalt Livingston S3 miel pointure 44;79,99;seul;chaussure de sécurité;;;;;;;;sans-ref;famille:epi;TIT:chaussures de s curit livingston s3 miel pointure 44;titre;NU;1;;
Vêtements & EPI;chaussure;;Chaussures de sécurités montantes S3 DeWalt Corinth miel pointure 42;79,99;seul;chaussure de sécurité;;;;;;;;sans-ref;famille:epi;TIT:chaussures de s curit s montantes s3 corinth miel pointure 42;titre;NU;1;;
Vêtements & EPI;chaussure;;Chaussures de sécurités montantes S3 DeWalt Corinth miel pointure 44;79,99;seul;chaussure de sécurité;;;;;;;;sans-ref;famille:epi;TIT:chaussures de s curit s montantes s3 corinth miel pointure 44;titre;NU;1;;
Vêtements & EPI;;DPG17-BX;DEWALT DPG17-BX;83,63;seul;;;;;;;;;inconnu;hérité du doublon classé;REF:DPG17|NU;référence;NU;2;;
Vêtements & EPI;chaussure;;DeWalt Men's Rigger Boots brown;84,87;seul;botte de sécurité;;;;;;;;sans-ref;famille:epi;TIT:men s rigger boots brown;titre;NU;1;;
Vêtements & EPI;vetement;;DEWALT Southampton Veste de travail imperméable et respirante en polyester pour homme Coupe régulière, noir/gris, L;83,70;seul;veste de travail;;;;;;;;sans-ref;famille:epi;TIT:southampton veste de travail imperm able et respirante en polyester pour homme coupe r guli re noir gris l;titre;NU;1;;
Vêtements & EPI;vetement;;DEWALT Southampton Veste de travail imperméable et respirante en polyester pour homme Coupe régulière, noir/gris, XXL;83,70;seul;veste de travail;;;;;;;;sans-ref;famille:epi;TIT:southampton veste de travail imperm able et respirante en polyester pour homme coupe r guli re noir gris xxl;titre;NU;1;;
Vêtements & EPI;vetement;;Dewalt Lightweight Waterproof Jacket M Veste de Travail Extensible, Noir/Gris, M Homme;83,70;seul;veste de travail;;;;;;;;sans-ref;famille:epi;TIT:lightweight waterproof jacket m veste de travail extensible noir gris m homme;titre;NU;3;;
Vêtements & EPI;vetement;;DEWALT Lightweight Waterproof Jacket XL Veste Utilitaire de Travail, Noir/Gris, Homme;83,70;seul;veste de travail;;;;;;;;sans-ref;famille:epi;TIT:lightweight waterproof jacket xl veste utilitaire de travail noir gris homme;titre;NU;2;;
Vêtements & EPI;chaussure;;DEWALT Bottes de construction Harwich pour homme, blé, 42 1/3 EU;83,60;seul;botte de sécurité;;;;;;;;sans-ref;famille:epi;TIT:bottes de construction harwich pour homme bl 42 1 3 eu;titre;NU;1;;
Vêtements & EPI;chaussure;;DEWALT Cranson Stone Bottes de travail de sécurité pour homme, 5 pouces en cuir nubuck, embout en acier, résistantes au ;81,84;seul;chaussure de sécurité;;;;;;;;sans-ref;famille:epi;TIT:cranson stone bottes de travail de s curit pour homme 5 pouces en cuir nubuck embout en acier r sistantes au;titre;NU;1;;
Vêtements & EPI;vetement;DWC147-004;DEWALT Workwear Memphis DWC147-004 Pantalon de travail multi-poches Gris/noir 34 W/31 L;85,70;seul;pantalon de travail;;;;;;;;inconnu;famille:epi;REF:DWC147-004|NU;référence;NU;1;;
Vêtements & EPI;vetement;DEWMEM3831-TB;DEWALT Dewmem3831-tb Memphis Holster Pantalon Tour de Taille 96,5 cm Jambe 78,7 cm, Noir/Gris, 38W / 31L Homme;85,70;seul;pantalon de travail;;;;;;;;inconnu;famille:epi;REF:DEWMEM3831|NU;référence;NU;1;;
Vêtements & EPI;vetement;DEWMEM4029-TB;DEWALT Dewmem4029-tb Memphis Holster Pantalon pour Homme Tour de Taille 101,6 cm Jambe 73,6 cm Noir/Gris 40W 29L UK;84,90;seul;pantalon de travail;;;;;;;;inconnu;famille:epi;REF:DEWMEM4029|NU;référence;NU;2;;
Vêtements & EPI;vetement;DEWMEM4229-TB;DEWALT Dewmem4229-tb Memphis Holster Pantalon pour Homme Tour de Taille 107 cm Jambe 74 cm Noir/Gris 42W 29L UK;84,90;seul;pantalon de travail;;;;;;;;inconnu;famille:epi;REF:DEWMEM4229|NU;référence;NU;2;;
Vêtements & EPI;vetement;DEWMEM3833-TB;DEWALT Dewmem3833-tb Memphis Holster Pantalon pour Homme Tour de Taille 96,5 cm Longueur 83,8 cm Noir/Gris 38W 33L UK;84,90;seul;pantalon de travail;;;;;;;;inconnu;famille:epi;REF:DEWMEM3833|NU;référence;NU;1;;
Vêtements & EPI;vetement;;DeWalt Workwear Memphis Pantalon multi-poches Gris/Noir 31 Leg 30W;85,70;seul;pantalon de travail;;;;;;;;sans-ref;famille:epi;TIT:workwear memphis pantalon multi poches gris noir 31 leg 30w;titre;NU;2;;
Vêtements & EPI;vetement;;Memphis Pantalon - Gris/Noir, 79/81 cm (longueur/tour de taille);85,70;seul;pantalon de travail;;;;;;;;sans-ref;famille:epi;TIT:memphis pantalon gris noir 79 81 cm longueur tour de taille;titre;NU;1;;
Vêtements & EPI;vetement;;Memphis Pantalon Holster Taille 106,7 cm Jambe 78,7 cm;84,90;seul;pantalon de travail;;;;;;;;sans-ref;famille:epi;TIT:memphis pantalon holster taille 106 7 cm jambe 78 7 cm;titre;NU;3;;
Vêtements & EPI;vetement;;DeWalt Memphis Pantalon de travail extensible avec poche holster Taille 31 Tour de taille 36;85,70;seul;pantalon de travail;;;;;;;;sans-ref;famille:epi;TIT:memphis pantalon de travail extensible avec poche holster taille 31 tour de taille 36;titre;NU;2;;
Vêtements & EPI;chaussure;;DeWalt Men's Krypton Safety Trainers black;85,54;seul;chaussure de sécurité;;;;;;;;sans-ref;famille:epi;TIT:men s krypton safety trainers black;titre;NU;1;;
Vêtements & EPI;chaussure;;DEWALT Bottes de construction Harwich pour homme, blé, 46 EU;87,89;seul;botte de sécurité;;;;;;;;sans-ref;famille:epi;TIT:bottes de construction harwich pour homme bl 46 eu;titre;NU;1;;
Vêtements & EPI;chaussure;;Chaussures de sécurité S3 DeWalt Recip noires pointure 44;89,99;seul;chaussure de sécurité;;;;;;;;sans-ref;famille:epi;TIT:chaussures de s curit s3 recip noires pointure 44;titre;NU;1;;
Vêtements & EPI;chaussure;;Chaussures de sécurité S3 DeWalt Phoenix havane pointure 42;89,99;seul;chaussure de sécurité;;;;;;;;sans-ref;famille:epi;TIT:chaussures de s curit s3 phoenix havane pointure 42;titre;NU;1;;
Vêtements & EPI;chaussure;;Chaussures de sécurité S3 DeWalt Phoenix havane pointure 41;89,99;seul;chaussure de sécurité;;;;;;;;sans-ref;famille:epi;TIT:chaussures de s curit s3 phoenix havane pointure 41;titre;NU;1;;
Vêtements & EPI;chaussure;;Chaussures de sécurité montantes S3 DeWalt Hadley marron pointure 45;89,99;seul;chaussure de sécurité;;;;;;;;sans-ref;famille:epi;TIT:chaussures de s curit montantes s3 hadley marron pointure 45;titre;NU;1;;
Vêtements & EPI;chaussure;;Chaussures de sécurité S3 DeWalt Recip noires pointure 42;89,99;seul;chaussure de sécurité;;;;;;;;sans-ref;famille:epi;TIT:chaussures de s curit s3 recip noires pointure 42;titre;NU;1;;
Vêtements & EPI;chaussure;;Chaussures de sécurité SB P DeWalt Halogen Prolite marron pointure 41;89,99;seul;chaussure de sécurité;;;;;;;;sans-ref;famille:epi;TIT:chaussures de s curit sb p halogen prolite marron pointure 41;titre;NU;1;;
Vêtements & EPI;chaussure;;Chaussures de sécurité S3 DeWalt Phoenix havane pointure 44;89,99;seul;chaussure de sécurité;;;;;;;;sans-ref;famille:epi;TIT:chaussures de s curit s3 phoenix havane pointure 44;titre;NU;1;;
Vêtements & EPI;chaussure;;Chaussures de sécurité S3 DeWalt Recip noires pointure 46;89,99;seul;chaussure de sécurité;;;;;;;;sans-ref;famille:epi;TIT:chaussures de s curit s3 recip noires pointure 46;titre;NU;1;;
Vêtements & EPI;chaussure;;DeWalt Men's Titanium Safety Boots tan;89,99;seul;botte de sécurité;;;;;;;;sans-ref;famille:epi;TIT:men s titanium safety boots tan;titre;NU;1;;
Vêtements & EPI;chaussure;;Chaussures de sécurité montantes S3 DeWalt Hadley marron pointure 44;89,99;seul;chaussure de sécurité;;;;;;;;sans-ref;famille:epi;TIT:chaussures de s curit montantes s3 hadley marron pointure 44;titre;NU;1;;
Vêtements & EPI;chaussure;;Chaussures de sécurité montantes S3 DeWalt Hadley marron pointure 41;89,99;seul;chaussure de sécurité;;;;;;;;sans-ref;famille:epi;TIT:chaussures de s curit montantes s3 hadley marron pointure 41;titre;NU;1;;
Vêtements & EPI;chaussure;;Chaussures de sécurité montantes S3 DeWalt Hadley marron pointure 43;89,99;seul;chaussure de sécurité;;;;;;;;sans-ref;famille:epi;TIT:chaussures de s curit montantes s3 hadley marron pointure 43;titre;NU;1;;
Vêtements & EPI;chaussure;;DeWalt Men's Titanium Safety Boots Honey;89,99;seul;botte de sécurité;;;;;;;;sans-ref;famille:epi;TIT:men s titanium safety boots honey;titre;NU;1;;
Vêtements & EPI;chaussure;;Chaussures de sécurité S3 DeWalt Phoenix havane pointure 43;89,99;seul;chaussure de sécurité;;;;;;;;sans-ref;famille:epi;TIT:chaussures de s curit s3 phoenix havane pointure 43;titre;NU;1;;
Vêtements & EPI;chaussure;;Chaussures de sécurité S3 DeWalt Phoenix havane pointure 46;89,99;seul;chaussure de sécurité;;;;;;;;sans-ref;famille:epi;TIT:chaussures de s curit s3 phoenix havane pointure 46;titre;NU;1;;
Vêtements & EPI;chaussure;;Chaussures de sécurité montantes S3 DeWalt Hadley marron pointure 46;89,99;seul;chaussure de sécurité;;;;;;;;sans-ref;famille:epi;TIT:chaussures de s curit montantes s3 hadley marron pointure 46;titre;NU;1;;
Vêtements & EPI;chaussure;;Chaussures de sécurité montantes S3 DeWalt Hadley marron pointure 42;89,99;seul;chaussure de sécurité;;;;;;;;sans-ref;famille:epi;TIT:chaussures de s curit montantes s3 hadley marron pointure 42;titre;NU;1;;
Vêtements & EPI;chaussure;;Chaussures de sécurité S3 DeWalt Recip noires pointure 41;89,99;seul;chaussure de sécurité;;;;;;;;sans-ref;famille:epi;TIT:chaussures de s curit s3 recip noires pointure 41;titre;NU;1;;
Vêtements & EPI;chaussure;;Chaussures de sécurité S3 DeWalt Defiance miel pointure 43;89,99;seul;chaussure de sécurité;;;;;;;;sans-ref;famille:epi;TIT:chaussures de s curit s3 defiance miel pointure 43;titre;NU;1;;
Vêtements & EPI;chaussure;;Chaussures de sécurité S3 DeWalt Phoenix havane pointure 45;89,99;seul;chaussure de sécurité;;;;;;;;sans-ref;famille:epi;TIT:chaussures de s curit s3 phoenix havane pointure 45;titre;NU;1;;
Vêtements & EPI;chaussure;;DeWalt Men's Titanium Safety Boots;89,99;seul;botte de sécurité;;;;;;;;sans-ref;famille:epi;TIT:men s titanium safety boots;titre;NU;1;;
Vêtements & EPI;vetement;;DEWALT Fairhaven Pantalon de travail pour homme Pro-Stretch, coupe ajustée, poche holster, gris, 42W x 31L;89,90;seul;pantalon de travail;;;;;;;;sans-ref;famille:epi;TIT:fairhaven pantalon de travail pour homme pro stretch coupe ajust e poche holster gris 42w x 31l;titre;NU;1;;
Vêtements & EPI;chaussure;;DEWALT Lamar Chaussures de Travail légères et Respirantes avec Bout en Acier pour Homme, Noir, 42 2/3 EU;89,80;seul;chaussure de sécurité;;;;;;;;sans-ref;famille:epi;TIT:lamar chaussures de travail l g res et respirantes avec bout en acier pour homme noir 42 2 3 eu;titre;NU;2;;
Vêtements & EPI;chaussure;;DEWALT Lamar Chaussures de Travail légères et Respirantes avec Bout en Acier pour Homme, Noir, 42 1/3 EU;89,80;seul;chaussure de sécurité;;;;;;;;sans-ref;famille:epi;TIT:lamar chaussures de travail l g res et respirantes avec bout en acier pour homme noir 42 1 3 eu;titre;NU;1;;
Vêtements & EPI;chaussure;;DeWalt Darlington Safety Trainers black blue;91,95;seul;chaussure de sécurité;;;;;;;;sans-ref;famille:epi;TIT:darlington safety trainers black blue;titre;NU;1;;
Vêtements & EPI;chaussure;;DeWalt Botte Douglas noir;91,42;seul;botte de sécurité;;;;;;;;sans-ref;famille:epi;TIT:botte douglas noir;titre;NU;1;;
Vêtements & EPI;chaussure;MARRON-V.5;DeWALT Dewalt Apprentice, Chaussures de sécurité homme - Marron (Marron-V.5), 45 EU;96,52;seul;chaussure de sécurité;;;;;;;;inconnu;famille:epi;REF:MARRON-V.5|NU;référence;NU;1;;
Vêtements & EPI;chaussure;;DEWALT Bottes de construction Harwich pour homme, blé, 40 2/3 EU;97,06;seul;botte de sécurité;;;;;;;;sans-ref;famille:epi;TIT:bottes de construction harwich pour homme bl 40 2 3 eu;titre;NU;1;;
Vêtements & EPI;chaussure;;Dewalt Carlisle Bottes de sécurité Taille 46;96,77;seul;botte de sécurité;;;;;;;;sans-ref;famille:epi;TIT:carlisle bottes de s curit taille 46;titre;NU;1;;
Vêtements & EPI;;;Bottines de Construction Harwich pour Homme DEWALT, blé, 43 EU;96,61;seul;;;;;;;;;sans-ref;titre;TIT:bottines de construction harwich pour homme bl 43 eu;titre;NU;1;;
Vêtements & EPI;chaussure;;Dewalt Botte de construction Harwich pour homme, blé, 44 EU;94,42;seul;botte de sécurité;;;;;;;;sans-ref;famille:epi;TIT:botte de construction harwich pour homme bl 44 eu;titre;NU;1;;
Vêtements & EPI;chaussure;HADL05410;DeWALT HADL05410 Chaussure De Travail Hadley - Marron - Tige Haute - Pointure 41;100,00;seul;chaussure de sécurité;;;;;;;;inconnu;famille:epi;REF:HADL05410|NU;référence;NU;1;;
Vêtements & EPI;chaussure;GARR00410;DeWALT GARR00410 Chaussure De Travail Garrison - Noir - Basse - Taille 41;100,00;seul;chaussure de sécurité;;;;;;;;inconnu;famille:epi;REF:GARR00410|NU;référence;NU;1;;
Vêtements & EPI;chaussure;HADL00460;DeWALT HADL00460 Chaussure De Travail Hadley - Noir - Haute - Taille 46;100,00;seul;chaussure de sécurité;;;;;;;;inconnu;famille:epi;REF:HADL00460|NU;référence;NU;1;;
Vêtements & EPI;chaussure;HADL05400;DeWALT HADL05400 Chaussure De Travail Hadley - Marron - Tige Haute - Pointure 40;100,00;seul;chaussure de sécurité;;;;;;;;inconnu;famille:epi;REF:HADL05400|NU;référence;NU;1;;
Vêtements & EPI;chaussure;;Chaussures de sécurités montantes imperméables S7 DeWalt Reynolds beige pointure 47;99,99;seul;chaussure de sécurité;;;;;;;;sans-ref;famille:epi;TIT:chaussures de s curit s montantes imperm ables s7 reynolds beige pointure 47;titre;NU;1;;
Vêtements & EPI;chaussure;;Chaussures de sécurités montantes imperméables S7 DeWalt Reynolds beige pointure 42;99,99;seul;chaussure de sécurité;;;;;;;;sans-ref;famille:epi;TIT:chaussures de s curit s montantes imperm ables s7 reynolds beige pointure 42;titre;NU;1;;
Vêtements & EPI;chaussure;;Chaussures de sécurités montantes imperméables S7 DeWalt Reynolds beige pointure 41;99,99;seul;chaussure de sécurité;;;;;;;;sans-ref;famille:epi;TIT:chaussures de s curit s montantes imperm ables s7 reynolds beige pointure 41;titre;NU;1;;
Vêtements & EPI;chaussure;;Dewalt Murray Bottes de sécurité imperméables Noir Taille 40;98,97;seul;botte de sécurité;;;;;;;;sans-ref;famille:epi;TIT:murray bottes de s curit imperm ables noir taille 40;titre;NU;1;;
Vêtements & EPI;chaussure;;Dewalt Murray Bottes de sécurité imperméables Noir Taille 47;98,51;seul;botte de sécurité;;;;;;;;sans-ref;famille:epi;TIT:murray bottes de s curit imperm ables noir taille 47;titre;NU;1;;
Vêtements & EPI;chaussure;;DeWalt Newark noir;98,24;seul;botte de sécurité;;;;;;;;sans-ref;famille:epi;TIT:newark noir;titre;NU;1;;
Vêtements & EPI;chaussure;;DeWalt Men's Newark Safety Boots brown;98,24;seul;botte de sécurité;;;;;;;;sans-ref;famille:epi;TIT:men s newark safety boots brown;titre;NU;1;;
Vêtements & EPI;chaussure;HADL05430;DeWALT HADL05430 Chaussure De Travail Hadley - Marron - Tige Haute - Pointure 43;100,00;seul;chaussure de sécurité;;;;;;;;inconnu;famille:epi;REF:HADL05430|NU;référence;NU;1;;
Vêtements & EPI;chaussure;HADL00450;DeWALT HADL00450 Chaussure De Travail Hadley - Noir - Haute - Taille 45;100,00;seul;chaussure de sécurité;;;;;;;;inconnu;famille:epi;REF:HADL00450|NU;référence;NU;1;;
Vêtements & EPI;chaussure;HADL05450;DeWALT HADL05450 Chaussure De Travail Hadley - Marron - Tige Haute - Pointure 45;100,00;seul;chaussure de sécurité;;;;;;;;inconnu;famille:epi;REF:HADL05450|NU;référence;NU;1;;
Vêtements & EPI;chaussure;HADL05460;DeWALT HADL05460 Chaussure De Travail Hadley - Marron - Haute - Taille 46;100,00;seul;chaussure de sécurité;;;;;;;;inconnu;famille:epi;REF:HADL05460|NU;référence;NU;1;;
Vêtements & EPI;chaussure;HADL00420;DeWALT HADL00420 Chaussure De Travail Hadley - Noir - Haute - Taille 42;100,00;seul;chaussure de sécurité;;;;;;;;inconnu;famille:epi;REF:HADL00420|NU;référence;NU;1;;
Vêtements & EPI;chaussure;GARR00450;DeWALT GARR00450 Chaussure De Travail Garrison - Noir - Basse - Taille 45;100,00;seul;chaussure de sécurité;;;;;;;;inconnu;famille:epi;REF:GARR00450|NU;référence;NU;1;;
Vêtements & EPI;chaussure;HADL05420;DeWALT HADL05420 Chaussure De Travail Hadley - Marron - Tige Haute - Pointure 42;100,00;seul;chaussure de sécurité;;;;;;;;inconnu;famille:epi;REF:HADL05420|NU;référence;NU;1;;
Vêtements & EPI;chaussure;HADL00440;DeWALT HADL00440 Chaussure De Travail Hadley - Noir - Haute - Taille 44;100,00;seul;chaussure de sécurité;;;;;;;;inconnu;famille:epi;REF:HADL00440|NU;référence;NU;1;;
Vêtements & EPI;chaussure;HADL00430;DeWALT HADL00430 Chaussure De Travail Hadley - Noir - Haute - Taille 43;100,00;seul;chaussure de sécurité;;;;;;;;inconnu;famille:epi;REF:HADL00430|NU;référence;NU;1;;
Vêtements & EPI;chaussure;HADL00410;DeWALT HADL00410 Chaussure De Travail Hadley - Noir - Haute - Taille 41;100,00;seul;chaussure de sécurité;;;;;;;;inconnu;famille:epi;REF:HADL00410|NU;référence;NU;1;;
Vêtements & EPI;chaussure;HADL05440;DeWALT HADL05440 Chaussure De Travail Hadley - Marron - Tige Haute - Pointure 44;100,00;seul;chaussure de sécurité;;;;;;;;inconnu;famille:epi;REF:HADL05440|NU;référence;NU;1;;
Vêtements & EPI;chaussure;GARR00460;DeWALT GARR00460 Chaussure De Travail Garrison - Noir - Basse - Taille 46;100,00;seul;chaussure de sécurité;;;;;;;;inconnu;famille:epi;REF:GARR00460|NU;référence;NU;1;;
Vêtements & EPI;chaussure;;DeWalt Challenger 3 black;103,57;seul;botte de sécurité;;;;;;;;sans-ref;famille:epi;TIT:challenger 3 black;titre;NU;1;;
Vêtements & EPI;chaussure;;DEWALT Milburn S7 Bottes de sécurité imperméables en cuir nubuck avec embout en acier pour homme, stone, 42 2/3 EU;101,50;seul;botte de sécurité;;;;;;;;sans-ref;famille:epi;TIT:milburn s7 bottes de s curit imperm ables en cuir nubuck avec embout en acier pour homme stone 42 2 3 eu;titre;NU;1;;
Vêtements & EPI;;;DEWALT Men's Oakdale Patch Trucker Hat (Black/Yellow);100,94;seul;;;;;;;;;sans-ref;titre;TIT:men s oakdale patch trucker hat black yellow;titre;NU;1;;
Vêtements & EPI;chaussure;;DEWALT Mixte Bottes de revendeur d'azote Marron Pointure 39, Brown, 6 UK;107,16;seul;botte de sécurité;;;;;;;;sans-ref;famille:epi;TIT:mixte bottes de revendeur d azote marron pointure 39 brown 6 uk;titre;NU;1;;
Vêtements & EPI;vetement;;DEWALT Milburn S7 Bottes de travail de sécurité imperméables pour homme en cuir nubuck avec bout en acier S7 Pierre 42 1;104,17;seul;veste de pluie;;;;;;;;sans-ref;famille:epi;TIT:milburn s7 bottes de travail de s curit imperm ables pour homme en cuir nubuck avec bout en acier s7 pierre 42 1;titre;NU;1;;
Vêtements & EPI;chaussure;;DEWALT Milburn S7 Bottes de sécurité imperméables en cuir nubuck avec embout en acier pour homme, stone, 44 EU;108,31;seul;botte de sécurité;;;;;;;;sans-ref;famille:epi;TIT:milburn s7 bottes de s curit imperm ables en cuir nubuck avec embout en acier pour homme stone 44 eu;titre;NU;1;;
Vêtements & EPI;vetement;;DEWALT Milburn Bottes de travail imperméables en cuir nubuck pour homme, bout en acier, S7, stone, 46 EU;107,78;seul;veste de pluie;;;;;;;;sans-ref;famille:epi;TIT:milburn bottes de travail imperm ables en cuir nubuck pour homme bout en acier s7 stone 46 eu;titre;NU;1;;
Vêtements & EPI;chaussure;CROS00420;DeWALT CROS00420 Chaussures De Travail Crossfire - Noir - Basse - Taille 42;115,00;seul;chaussure de sécurité;;;;;;;;inconnu;famille:epi;REF:CROS00420|NU;référence;NU;1;;
Vêtements & EPI;chaussure;CROS00450;DeWALT CROS00450 Chaussure De Travail Crossfire - Noir - Basse - Taille 45;115,00;seul;chaussure de sécurité;;;;;;;;inconnu;famille:epi;REF:CROS00450|NU;référence;NU;1;;
Vêtements & EPI;chaussure;CROS00430;DeWALT CROS00430 Chaussures De Travail Crossfire - Noir - Basse - Taille 43;115,00;seul;chaussure de sécurité;;;;;;;;inconnu;famille:epi;REF:CROS00430|NU;référence;NU;1;;
Vêtements & EPI;chaussure;APPRENT5;DeWalt Apprentice (APPRENT5) miel;115,60;seul;botte de sécurité;;;;;;;;sans-ref;famille:epi;REF:APPRENT5|NU;référence;NU;1;;
Vêtements & EPI;chaussure;;DeWALT Ludlow Chaussure De Sécurité - Stone - Haute - Taille 46;114,10;seul;chaussure de sécurité;;;;;;;;sans-ref;famille:epi;TIT:ludlow chaussure de s curit stone haute taille 46;titre;NU;1;;
Vêtements & EPI;chaussure;;Dewalt Murray Bottes de sécurité imperméables Noir Taille 45;112,39;seul;botte de sécurité;;;;;;;;sans-ref;famille:epi;TIT:murray bottes de s curit imperm ables noir taille 45;titre;NU;1;;
Vêtements & EPI;chaussure;RADIAL8B;DeWalt Radial Dealer RADIAL8B Chaussures de sécurité Marron Pointure 42 (Import Grande Bretagne);117,20;seul;chaussure de sécurité;;;;;;;;inconnu;famille:epi;REF:RADIAL8|NU;référence;NU;1;;
Vêtements & EPI;vetement;;DEWALT Pantalon de travail MEMPHIS - Gris - 44;117,59;seul;pantalon de travail;;;;;;;;sans-ref;famille:epi;TIT:pantalon de travail memphis gris 44;titre;NU;1;;
Vêtements & EPI;chaussure;;Dewalt Murray Bottes de sécurité imperméables Noir Taille 39;115,96;seul;botte de sécurité;;;;;;;;sans-ref;famille:epi;TIT:murray bottes de s curit imperm ables noir taille 39;titre;NU;1;;
Vêtements & EPI;chaussure;;DeWalt Radial (DEWRADIAL) Marron;115,63;seul;botte de sécurité;;;;;;;;sans-ref;famille:epi;TIT:radial dewradial marron;titre;NU;1;;
Vêtements & EPI;chaussure;CROS00440;DeWALT CROS00440 Chaussures De Travail Crossfire - Noir - Basse - Taille 44;120,59;seul;chaussure de sécurité;;;;;;;;inconnu;famille:epi;REF:CROS00440|NU;référence;NU;1;;
Vêtements & EPI;chaussure;CROS00400;DeWALT CROS00400 Chaussures De Travail Crossfire - Noir - Basse Tige - Taille 40;120,59;seul;chaussure de sécurité;;;;;;;;inconnu;famille:epi;REF:CROS00400|NU;référence;NU;1;;
Vêtements & EPI;chaussure;CROS00410;DeWALT CROS00410 Chaussures De Travail Crossfire - Noir - Basse Tige - Taille 41;120,59;seul;chaussure de sécurité;;;;;;;;inconnu;famille:epi;REF:CROS00410|NU;référence;NU;1;;
Vêtements & EPI;chaussure;CROS00460;DeWALT CROS00460 Chaussure De Travail Crossfire - Noir - Basse - Taille 46;120,59;seul;chaussure de sécurité;;;;;;;;inconnu;famille:epi;REF:CROS00460|NU;référence;NU;1;;
Vêtements & EPI;vetement;DXMA1902093;DeWalt Casque Tour de Cou Bluetooth 2-en-1 avec Haut-parleurs Intégrés, 60+h, IP56 (DXMA1902093);124,99;pack;bonnet;;;;;;;;sans-ref;famille:epi;REF:DXMA1902093|NU;référence;NU;1;;
Vêtements & EPI;chaussure;;Dewalt Nitrogen 7 Bottes de sécurité;124,72;seul;botte de sécurité;;;;;;;;sans-ref;famille:epi;TIT:nitrogen 7 bottes de s curit;titre;NU;1;;
Vêtements & EPI;chaussure;;Dewalt Murray Bottes de sécurité imperméables Noir Taille 44;123,03;seul;botte de sécurité;;;;;;;;sans-ref;famille:epi;TIT:murray bottes de s curit imperm ables noir taille 44;titre;NU;1;;
Vêtements & EPI;chaussure;;Dewalt Murray Bottes de sécurité imperméables Noir Taille 42;122,82;seul;botte de sécurité;;;;;;;;sans-ref;famille:epi;TIT:murray bottes de s curit imperm ables noir taille 42;titre;NU;2;;
Vêtements & EPI;;;DEWALT Men's Oakdale Patch Trucker Hat (Grey/Black);129,75;seul;;;;;;;;;sans-ref;titre;TIT:men s oakdale patch trucker hat grey black;titre;NU;1;;
Vêtements & EPI;chaussure;;DeWalt Nitrogen brown;128,89;seul;botte de sécurité;;;;;;;;sans-ref;famille:epi;TIT:nitrogen brown;titre;NU;1;;
Vêtements & EPI;chaussure;;DeWalt Boa Light Boots;137,26;seul;botte de sécurité;;;;;;;;sans-ref;famille:epi;TIT:boa light boots;titre;NU;1;;
Vêtements & EPI;chaussure;;Dewalt Kirksville Pro Lite Bottes de sécurité Marron Taille 42;137,06;seul;botte de sécurité;;;;;;;;sans-ref;famille:epi;TIT:kirksville pro lite bottes de s curit marron taille 42;titre;NU;1;;
Vêtements & EPI;chaussure;;DeWalt Millington S3 Boots (MILLINGTON) marron;134,91;seul;botte de sécurité;;;;;;;;sans-ref;famille:epi;TIT:millington s3 boots millington marron;titre;NU;1;;
Vêtements & EPI;chaussure;;DeWalt Black Challenger Sympatex 6 black;134,23;seul;botte de sécurité;;;;;;;;sans-ref;famille:epi;TIT:black challenger sympatex 6 black;titre;NU;1;;
Vêtements & EPI;chaussure;;DeWalt Challenger Sympatex 6;134,23;seul;botte de sécurité;;;;;;;;sans-ref;famille:epi;TIT:challenger sympatex 6;titre;NU;1;;
Vêtements & EPI;chaussure;;Dewalt Nitrogen 9 Bottes de sécurité Homme 42.5 Marron;133,81;seul;botte de sécurité;;;;;;;;sans-ref;famille:epi;TIT:nitrogen 9 bottes de s curit homme 42 5 marron;titre;NU;3;;
Vêtements & EPI;chaussure;;DeWalt Challenger 3 Hiking Boots brown;140,24;seul;botte de sécurité;;;;;;;;sans-ref;famille:epi;TIT:challenger 3 hiking boots brown;titre;NU;1;;
Vêtements & EPI;vetement;;DEWALT Lander Bottes de travail imperméables en cuir nubuck pour homme, coupe large, fermeture BOA, non métallique, Noir;138,72;seul;veste de pluie;;;;;;;;sans-ref;famille:epi;TIT:lander bottes de travail imperm ables en cuir nubuck pour homme coupe large fermeture boa non m tallique noir;titre;NU;7;;
Vêtements & EPI;chaussure;;DEWALT Lander Chaussures de sécurité imperméables en cuir nubuck pour homme Coupe large Fermeture BOA non métallique Bot;147,22;seul;chaussure de sécurité;;;;;;;;sans-ref;famille:epi;TIT:lander chaussures de s curit imperm ables en cuir nubuck pour homme coupe large fermeture boa non m tallique bot;titre;NU;1;;
Vêtements & EPI;chaussure;;Dewalt Nitrogen 12 Bottes de sécurité;157,28;seul;botte de sécurité;;;;;;;;sans-ref;famille:epi;TIT:nitrogen 12 bottes de s curit;titre;NU;2;;
Vêtements & EPI;chaussure;;Dewalt Kirksville Pro Lite Bottes de sécurité Marron Taille 44;156,47;seul;botte de sécurité;;;;;;;;sans-ref;famille:epi;TIT:kirksville pro lite bottes de s curit marron taille 44;titre;NU;1;;
Vêtements & EPI;chaussure;;Dewalt Rigger Chaussures de sécurité homme - Marron (Brown) 42 EU;151,92;seul;chaussure de sécurité;;;;;;;;sans-ref;famille:epi;TIT:rigger chaussures de s curit homme marron brown 42 eu;titre;NU;1;;
Vêtements & EPI;chaussure;;Dewalt Kirksville Pro Lite Bottes de sécurité Marron Taille 47;162,91;seul;botte de sécurité;;;;;;;;sans-ref;famille:epi;TIT:kirksville pro lite bottes de s curit marron taille 47;titre;NU;1;;
Vêtements & EPI;chaussure;;Dewalt Kirksville Pro Lite Bottes de sécurité Marron Taille 40;159,27;seul;botte de sécurité;;;;;;;;sans-ref;famille:epi;TIT:kirksville pro lite bottes de s curit marron taille 40;titre;NU;1;;
Vêtements & EPI;vetement;;DEWALT Sweat à capuche chauffant unisexe pour adulte, noir, XL US;179,92;seul;sweat;;;;;;;;sans-ref;famille:epi;TIT:sweat capuche chauffant unisexe pour adulte noir xl us;titre;NU;1;;
Vêtements & EPI;chaussure;;DeWalt DEWLACES Lacets Botte Polyester/Coton 150cm, noir/jaune (60 Paires) (DEWLACES-TB);175,43;seul;chaussure de sécurité;;;;;;;;sans-ref;famille:epi;TIT:dewlaces lacets botte polyester coton 150cm noir jaune 60 paires dewlaces tb;titre;NU;1;;
Vêtements & EPI;vetement;TECH3;Veste Softshell Yamaha Tech3 noir/jaune taille L DEWALT PROMOVIS-GLA;266,00;seul;softshell;;;;;;;;inconnu;famille:epi;REF:TECH3|NU;référence;NU;2;;
Vêtements & EPI;vetement;;Dewalt Veste chauffante (chargeur inclus) M;289,32;pack;veste de travail;;;;;;;;sans-ref;famille:epi;TIT:veste chauffante chargeur inclus m;titre;CHARGEUR;3;;
À trancher;;DE7450;DEWALT DE7450;76,14;seul;;;;;;;;;inconnu;aucun;REF:DE7450|NU;référence;NU;1;;
À trancher;;N640320;DEWALT OEM N640320 Clôture gauche avec étiquette;74,88;seul;;;;;;;;;inconnu;aucun;REF:N640320|NU;référence;NU;1;;
À trancher;;D240001;DEWALT D240001;78,17;seul;;;;;;;;;inconnu;aucun;REF:D240001|NU;référence;NU;1;;
À trancher;;N640321;OEM N640321 Fence, Right W/Label;77,74;seul;;;;;;;;;inconnu;aucun;REF:N640321|NU;référence;NU;1;;
À trancher;;DNW28R50G12E;DeWalt DNW28R50G12E;85,21;seul;;;;;;;;;inconnu;aucun;REF:DNW28|1X3_5X6;référence;1X3_5X6;1;;
À trancher;;DE3754-XJ;DeWalt DE3754-XJ Retour Automatique 0 V Jaune/Noir;97,36;seul;;;;;;;;;inconnu;aucun;REF:DE3754|NU;référence;NU;1;;
À trancher;;EU2-960;DEWALT EU2-960;111,23;seul;;;;;;;;;inconnu;aucun;REF:EU2-960|NU;référence;NU;1;;
À trancher;;AT-DXAM2250;DEWALT AT-DXAM2250;109,99;seul;;;;;;;;;inconnu;aucun;REF:AT-DXAM2250|NU;référence;NU;1;;
À trancher;;DXWT-200;DEWALT DXWT-200;114,99;seul;;;;;;;;;inconnu;aucun;REF:DXWT-200|NU;référence;NU;1;;
À trancher;;EU2-961;DEWALT EU2-961;113,17;seul;;;;;;;;;inconnu;aucun;REF:EU2-961|NU;référence;NU;1;;
À trancher;;DXSTAH025;DEWALT DXSTAH025;117,04;seul;;;;;;;;;inconnu;aucun;REF:DXSTAH025|NU;référence;NU;1;;
À trancher;;;DeWalt Jobsite Pro X-2 ANC;118,99;seul;;;;;;;;;sans-ref;aucun;TIT:jobsite pro x 2 anc;titre;NU;1;;
À trancher;;DE0738;DEWALT DE0738;130,50;seul;;;;;;;;;inconnu;aucun;REF:DE0738|NU;référence;NU;1;;
À trancher;;DXWT-201;DEWALT DXWT-201;127,99;seul;;;;;;;;;inconnu;aucun;REF:DXWT-201|NU;référence;NU;1;;
À trancher;;DWH302DH;DEWALT DWH302DH Heavy Duty Table 1 Compliant Replacement Dust Box;125,05;seul;;;;;;;;;inconnu;aucun;REF:DWH302|ACCESSOIRE;référence;ACCESSOIRE;4;;
À trancher;;DWC410;DEWALT DWC410;170,08;seul;;;;;;;;;inconnu;aucun;REF:DWC410|NU;référence;NU;1;;
À trancher;;DXSTFH030;DEWALT DXSTFH030;169,99;seul;;;;;;;;;inconnu;aucun;REF:DXSTFH030|NU;référence;NU;1;;
À trancher;;DE7400;DEWALT DE7400;184,97;seul;;;;;;;;;inconnu;aucun;REF:DE7400|NU;référence;NU;1;;
À trancher;;DXWT-202;DEWALT DXWT-202;189,99;seul;;;;;;;;;inconnu;aucun;REF:DXWT-202|NU;référence;NU;1;;
À trancher;;DE7260-XJ;DEWALT DE7260-XJ;189,60;seul;;;;;;;;;inconnu;aucun;REF:DE7260|NU;référence;NU;1;;
À trancher;;;DeWalt DWK;347,00;pack;;18;;;;;;;sans-ref;aucun;TIT:dwk;titre;NU;1;;
À trancher;;DW096PK;DEWALT DW096PK;362,87;seul;;;;;;;;;inconnu;aucun;REF:DW096|NU;référence;NU;1;;
À trancher;;DEWDT7612M;DEWALT DEWDT7612M A- K Écrans;417,00;seul;;;;;;;;;inconnu;aucun;REF:DEWDT7612|NU;référence;NU;1;;
À trancher;;;DEWALT format quotidien pour adultes pour un usage quotidien avec format polyvalent;450,41;seul;;;;;;;;;sans-ref;aucun;TIT:format quotidien pour adultes pour un usage quotidien avec format polyvalent;titre;NU;2;;
À trancher;;DXCMB4T100HE;DEWALT DEWALT DXCMB4T100HE Quantité:1;793,98;seul;;;;;;;;;sans-ref;aucun;REF:DXCMB4|1X6;référence;1X6;1;;
À trancher;;FVK381X3HD-QW;DEWALT FVK381X3HD-QW;1327,00;pack;;54;;;;;;;inconnu;aucun;REF:FVK381|3X9;référence;3X9;1;;
