Reference sur mon site;Titre;Mon prix (€);Reconnue chez idealo ?;Pourquoi
DCF922N-XJ;"DeWALT DCF922N-XJ — Boulonneuse à chocs compacte 1/2"" 18V XR 406 Nm (machine seule)";194,94;1 - PARFAITE : reference identique;le traqueur saura ecrire son cout
DCF899P2;"DeWALT DCF899P2 — Boulonneuse à chocs 1/2"" 18V XR 950 Nm (2×5,0 Ah + chargeur + coffret TSTAK)";450,54;1 - PARFAITE : reference identique;le traqueur saura ecrire son cout
DCF887P2;"DeWALT DCF887P2 — Visseuse a chocs 1/4"" XR 18V (2x5Ah + chargeur + TSTAK)";328,79;1 - PARFAITE : reference identique;le traqueur saura ecrire son cout
DCF887N;"DeWALT DCF887N — Visseuse a chocs 1/4"" XR 18V (outil nu)";153,37;1 - PARFAITE : reference identique;le traqueur saura ecrire son cout
DCF850P2T;"DeWALT DCF850P2T — Visseuse a chocs 1/4"" XR 18V Ultra-compacte (2x5Ah + TSTAK)";414,41;1 - PARFAITE : reference identique;le traqueur saura ecrire son cout
DCF850N;"DeWALT DCF850N — Visseuse a chocs 1/4"" XR 18V Ultra-compacte (outil nu)";164,98;1 - PARFAITE : reference identique;le traqueur saura ecrire son cout
DCF870N-XJ;DeWALT DCF870N-XJ — Visseuse à chocs hydraulique 18V XR (machine seule);239,96;1 - PARFAITE : reference identique;le traqueur saura ecrire son cout
DCS367N-XJ;DeWALT DCS367N-XJ — Scie sabre compacte 18V XR Brushless (machine seule);284,47;1 - PARFAITE : reference identique;le traqueur saura ecrire son cout
DCS391M2-QW;DeWALT DCS391M2-QW — Scie circulaire 165 mm 18V XR (kit 2×4,0 Ah + coffret TSTAK);454,78;1 - PARFAITE : reference identique;le traqueur saura ecrire son cout
DCS570N;DeWALT DCS570N — Scie circulaire 18V XR Brushless Ø184 mm (machine seule);296,12;1 - PARFAITE : reference identique;le traqueur saura ecrire son cout
DCG405N;DeWALT DCG405N — Meuleuse 125 mm 18V XR Brushless (outil nu);204,23;3 - BONNE : N/NT/T ramenes au meme modele;le traqueur saura ecrire son cout
DCP580N;DeWALT DCP580N — Rabot sans fil 18V XR Brushless (machine seule);253,13;1 - PARFAITE : reference identique;le traqueur saura ecrire son cout
DCV100-XJ;DeWALT DCV100-XJ — Souffleur compact sans fil 18V XR (machine seule);145,48;NON;sans fil, mais aucune annonce sur les 67 pages
DCV584L;DeWALT DCV584L — Aspirateur eau et poussière 18/54V FLEXVOLT ou secteur (classe L);331,57;1 - PARFAITE : reference identique;le traqueur saura ecrire son cout
DCB118X2-QW;DeWALT DCB118X2-QW — Pack énergie 54V/18V FLEXVOLT (2x9,0 Ah) + chargeur rapide DCB118;428,47;1 - PARFAITE : reference identique;le traqueur saura ecrire son cout
DCB118Y2-QW;DeWALT DCB118Y2-QW — Pack énergie 54V/18V FLEXVOLT (2x12,0 Ah) + chargeur rapide DCB118;607,21;1 - PARFAITE : reference identique;le traqueur saura ecrire son cout
DCB118Y3-QW;DeWALT DCB118Y3-QW — Pack énergie 54V/18V FLEXVOLT (3x12,0 Ah) + chargeur rapide DCB118;1038,68;NON;sans fil, mais aucune annonce sur les 67 pages
D25033K-QS;DeWALT D25033K-QS — Perforateur burineur SDS-Plus 710W (coffret);200,96;1 - PARFAITE : reference identique;le traqueur saura ecrire son cout
DCH273P1T-QW;DeWALT DCH273P1T-QW — Perforateur burineur SDS-Plus 18V XR (1×5,0 Ah + chargeur + coffret);412,73;NON;sans fil, mais aucune annonce sur les 67 pages
DCH273N-XJ;DeWALT DCH273N-XJ — Perforateur burineur SDS-Plus 18V XR Brushless (machine seule);162,16;1 - PARFAITE : reference identique;le traqueur saura ecrire son cout
D25134K;DeWALT D25134K — Perforateur burineur SDS-Plus 800W 2,8 J (coffret TSTAK);280,40;1 - PARFAITE : reference identique;le traqueur saura ecrire son cout
DCB184;DeWALT DCB184 — Batterie 18V XR Li-Ion 5,0 Ah (témoin de charge LED);201,74;NON;sans fil, mais aucune annonce sur les 67 pages
DCD996N;DeWALT DCD996N — Perceuse à percussion 18V XR Brushless (machine seule);230,06;1 - PARFAITE : reference identique;le traqueur saura ecrire son cout
DCF620NT-XJ;DeWALT DCF620NT-XJ — Visseuse à placo 18V XR (solo, coffret TSTAK);199,57;1 - PARFAITE : reference identique;le traqueur saura ecrire son cout
DE7023-XJ;DeWALT DE7023-XJ — Piètement universel pour scies à onglets (repliable, 227 kg);222,02;1 - PARFAITE : reference identique;le traqueur saura ecrire son cout
D26200-QS;DeWALT D26200-QS — Affleureuse (défonceuse) de paume compacte filaire 900W;333,73;1 - PARFAITE : reference identique;le traqueur saura ecrire son cout
DCMPS520N-XJ;DeWALT DCMPS520N-XJ — Tronçonneuse d'élagage 18V XR guide 20 cm (solo);222,00;1 - PARFAITE : reference identique;le traqueur saura ecrire son cout
DWE6423-QS;DeWALT DWE6423-QS — Ponceuse excentrique filaire 280W Ø125 mm;311,74;NON;outil filaire ou ligne DX/DP — peu presente chez idealo
DCD444N-XJ;DeWALT DCD444N-XJ — Perceuse-visseuse d'angle 18V XR Brushless (solo);381,73;1 - PARFAITE : reference identique;le traqueur saura ecrire son cout
DCS355NT-XJ;DeWALT DCS355NT-XJ — Outil multifonctions oscillant 18V XR Brushless (solo, TSTAK);191,05;1 - PARFAITE : reference identique;le traqueur saura ecrire son cout
DCF620P2K;DeWALT DCF620P2K — Visseuse à placo 18V XR Brushless + chargeur de vis en bande (2×5,0 Ah, coffret TSTAK);412,68;2 - BONNE : marquage de region retire;le traqueur saura ecrire son cout
DCF512N;"DeWALT DCF512N — Clé à cliquet 18V XR 1/2"" Brushless (produit seul)";239,09;2 - BONNE : marquage de region retire;le traqueur saura ecrire son cout
DCS691N;DeWALT DCS691N — Découpeuse sans fil 54V XR FLEXVOLT Ø230 mm (machine seule);726,22;3 - BONNE : N/NT/T ramenes au meme modele;le traqueur saura ecrire son cout
DCN930N;DeWALT DCN930N — Cloueur de charpente 18V XR Brushless 30° (machine seule);465,30;3 - BONNE : N/NT/T ramenes au meme modele;le traqueur saura ecrire son cout
DW682K-QS;DeWALT DW682K-QS — Fraiseuse à lamelles filaire 600 W (coffret);314,99;1 - PARFAITE : reference identique;le traqueur saura ecrire son cout
DCF891NT-XJ;"DeWALT DCF891NT-XJ — Boulonneuse à chocs 1/2"" 18V XR Brushless (machine seule, coffret TSTAK)";310,75;1 - PARFAITE : reference identique;le traqueur saura ecrire son cout
DCS520NT-XJ;DeWALT DCS520NT-XJ — Scie circulaire plongeante 18/54V XR FlexVolt Ø165 mm (machine seule, coffret TSTAK);693,59;1 - PARFAITE : reference identique;le traqueur saura ecrire son cout
DCF891P2T-QW;"DeWALT DCF891P2T-QW — Boulonneuse à chocs 1/2"" 18V XR 812 Nm (2×5,0 Ah + chargeur + coffret TSTAK)";551,17;1 - PARFAITE : reference identique;le traqueur saura ecrire son cout
DCG440N-XJ;DeWALT DCG440N-XJ — Meuleuse d'angle 180 mm 54V XR FlexVolt Brushless (machine seule);398,65;1 - PARFAITE : reference identique;le traqueur saura ecrire son cout
DWST83402-1;DeWALT DWST83402-1 — TOUGHSYSTEM 2.0 Trolley 3-en-1 (chariot + 2 coffrets);375,62;NON;outil filaire ou ligne DX/DP — peu presente chez idealo
DCE079D1G-QW;DeWALT DCE079D1G-QW — Laser rotatif faisceau vert 18V DCE079D1G-QW;1661,10;1 - PARFAITE : reference identique;le traqueur saura ecrire son cout
DCE079D1R-QW;DeWALT DCE079D1R-QW — Laser rotatif faisceau rouge 18V DCE079D1R-QW;1397,77;1 - PARFAITE : reference identique;le traqueur saura ecrire son cout
DW743N-QS;DeWALT DW743N-QS — Scie sur table et à onglets retournable DW743N-QS Ø250 mm;1214,93;1 - PARFAITE : reference identique;le traqueur saura ecrire son cout
DCS781N-XJ;DeWALT DCS781N-XJ — Scie à onglet radiale Ø305 mm DCS781N-XJ;1134,17;3 - BONNE : N/NT/T ramenes au meme modele;le traqueur saura ecrire son cout
DWS780-QS;DeWALT DWS780-QS — Scie à onglet radiale Ø305 mm DWS780-QS;1045,43;1 - PARFAITE : reference identique;le traqueur saura ecrire son cout
DWE397-QS;DeWALT DWE397-QS — Scie Alligator DWE397-QS;550,08;1 - PARFAITE : reference identique;le traqueur saura ecrire son cout
DWE7492-QS;DeWALT DWE7492-QS — Scie sur table DWE7492-QS Ø250 mm;777,22;1 - PARFAITE : reference identique;le traqueur saura ecrire son cout
DWS520KT-QS;DeWALT DWS520KT-QS — Scie circulaire plongeante 1300W DWS520KT-QS;414,08;1 - PARFAITE : reference identique;le traqueur saura ecrire son cout
DCN660N-XJ;DeWALT DCN660N-XJ — Cloueur de finition 18V DCN660N-XJ;399,26;1 - PARFAITE : reference identique;le traqueur saura ecrire son cout
DCLE14361GB-XJ;DeWALT DCLE14361GB-XJ — Laser 3 lignes vert DCLE14361GB-XJ;660,86;NON;sans fil, mais aucune annonce sur les 67 pages
DCS383N-XJ;DeWALT DCS383N-XJ — Scie circulaire 18V Ø184 mm DCS383N-XJ;605,62;1 - PARFAITE : reference identique;le traqueur saura ecrire son cout
DWE625KT-QS;DeWALT DWE625KT-QS — Défonceuse 2300 W 12 mm DWE625KT-QS;575,08;1 - PARFAITE : reference identique;le traqueur saura ecrire son cout
DCMWSP156N-XJ;DeWALT DCMWSP156N-XJ — Tondeuse 2 x 18V DCMWSP156N-XJ;619,34;1 - PARFAITE : reference identique;le traqueur saura ecrire son cout
DCW620NT-XJ;DeWALT DCW620NT-XJ — Défonceuse XR 18V DCW620NT-XJ;513,66;1 - PARFAITE : reference identique;le traqueur saura ecrire son cout
DCH273NT-XJ;DeWALT DCH273NT-XJ — Perforateur SDS Plus 18V DCH273NT-XJ;177,16;1 - PARFAITE : reference identique;le traqueur saura ecrire son cout
DCM200N;DeWALT DCM200N — Lime à bande 18V DCM200N;324,89;2 - BONNE : marquage de region retire;le traqueur saura ecrire son cout
DCN680NT-XJ;DeWALT DCN680NT-XJ — Cloueur de finition 18 Ga 18V DCN680NT-XJ;487,19;1 - PARFAITE : reference identique;le traqueur saura ecrire son cout
DCMPW1600N-XJ;DeWALT DCMPW1600N-XJ — Nettoyeur haute pression XR 2 X 18V DCMPW1600N-XJ;452,11;1 - PARFAITE : reference identique;le traqueur saura ecrire son cout
DWS777-QS;DeWALT DWS777-QS — Scie à onglet radiale Ø216 mm DWS777-QS;530,56;1 - PARFAITE : reference identique;le traqueur saura ecrire son cout
DWST1-81078;DeWALT DWST1-81078 — Radio de chantier Bluetooth 18V DWST1-81078;330,78;1 - PARFAITE : reference identique;le traqueur saura ecrire son cout
DCF961NT-XJ;"DeWALT DCF961NT-XJ — Boulonneuse 18V 1/2"" DCF961NT-XJ";422,68;1 - PARFAITE : reference identique;le traqueur saura ecrire son cout
DCMCST635N-XJ;DeWALT DCMCST635N-XJ — Tronçonneuse 54V 35 cm DCMCST635N-XJ;488,56;1 - PARFAITE : reference identique;le traqueur saura ecrire son cout
DCE531N-XJ;DeWALT DCE531N-XJ — Vibrateur à béton DCE531N-XJ;475,32;1 - PARFAITE : reference identique;le traqueur saura ecrire son cout
DCLE34021D2-QW;DeWALT DCLE34021D2-QW — Laser croix compact faisceau vert XR 18V DCLE34021D2-QW;397,40;NON;sans fil, mais aucune annonce sur les 67 pages
DCW604NT-XJ;DeWALT DCW604NT-XJ — Affleureuse - défonceuse XR 18V DCW604NT-XJ;420,68;1 - PARFAITE : reference identique;le traqueur saura ecrire son cout
DCLE14201GB-XJ;DeWALT DCLE14201GB-XJ — Niveau laser croix faisceau vert DCLE14201GB-XJ;340,25;1 - PARFAITE : reference identique;le traqueur saura ecrire son cout
DCS579NT-XJ;DeWALT DCS579NT-XJ — Scie circulaire 54V Ø190 mm DCS579NT-XJ;386,90;1 - PARFAITE : reference identique;le traqueur saura ecrire son cout
DCMPH566N-XJ-XJ;DeWALT DCMPH566N-XJ-XJ — Taille haie sur perche orientable 18V DCMPH566N-XJ-XJ;281,71;3 - BONNE : N/NT/T ramenes au meme modele;le traqueur saura ecrire son cout
DCD996NT-XJ;DeWALT DCD996NT-XJ — Perceuse-visseuse à percussions 18V DCD996NT-XJ;245,06;1 - PARFAITE : reference identique;le traqueur saura ecrire son cout
DCD1007NT-XJ;DeWALT DCD1007NT-XJ — Perceuse-visseuse à percussion 18V DCD1007NT-XJ;291,19;1 - PARFAITE : reference identique;le traqueur saura ecrire son cout
DCLE34021D1-QW;DeWALT DCLE34021D1-QW — Laser croix compact faisceau vert XR 18V DCLE34021D1-QW;397,40;1 - PARFAITE : reference identique;le traqueur saura ecrire son cout
DPC10QTC-QS;DeWALT DPC10QTC-QS — Compresseur 10L DPC10QTC-QS;384,16;1 - PARFAITE : reference identique;le traqueur saura ecrire son cout
DPC10RC-QS;DeWALT DPC10RC-QS — Compresseur 10L DPC10RC-QS ROLLCAGE;384,16;1 - PARFAITE : reference identique;le traqueur saura ecrire son cout
DCE590N-XJ;DeWALT DCE590N-XJ — Ventouse à vide d'air 18V DCE590N-XJ;380,53;1 - PARFAITE : reference identique;le traqueur saura ecrire son cout
DW088CG-XJ;DeWALT DW088CG-XJ — Niveau laser croix DW088CG-XJ;178,52;1 - PARFAITE : reference identique;le traqueur saura ecrire son cout
DCD709NT-XJ;DeWALT DCD709NT-XJ — Perceuse visseuse à percussion 18V DCD709NT-XJ;148,02;1 - PARFAITE : reference identique;le traqueur saura ecrire son cout
DCLE14201RB-XJ;DeWALT DCLE14201RB-XJ — Niveau laser croix faisceau rouge DCLE14201RB-XJ;280,24;NON;sans fil, mais aucune annonce sur les 67 pages
DCS573NT-XJ;DeWALT DCS573NT-XJ — Scie circulaire 18V Ø190 mm DCS573NT-XJ;356,86;1 - PARFAITE : reference identique;le traqueur saura ecrire son cout
DCD800NT-XJ;DeWALT DCD800NT-XJ — Perceuse-visseuse 18V DCD800NT-XJ;198,49;1 - PARFAITE : reference identique;le traqueur saura ecrire son cout
DCD805NT-XJ;DeWALT DCD805NT-XJ — Perceuse-visseuse à percussion 18V DCD805NT-XJ;207,89;1 - PARFAITE : reference identique;le traqueur saura ecrire son cout
DCLE34021N-XJ;DeWALT DCLE34021N-XJ — Laser croix compact faisceau vert XR 18V DCLE34021N-XJ;397,40;NON;sans fil, mais aucune annonce sur les 67 pages
DCMPW1000N-XJ;DeWALT DCMPW1000N-XJ — Nettoyeur à pression 54V DCMPW1000N-XJ;337,37;NON;sans fil, mais aucune annonce sur les 67 pages
DCM565N-XJ;DeWALT DCM565N-XJ — Tronçonneuse 18V 30 cm DCM565N-XJ;304,51;1 - PARFAITE : reference identique;le traqueur saura ecrire son cout
DCW220NT-XJ;DeWALT DCW220NT-XJ — Ponceuse à bande 18V DCW220NT-XJ;355,82;1 - PARFAITE : reference identique;le traqueur saura ecrire son cout
DCS572NT-XJ;DeWALT DCS572NT-XJ — Scie circulaire 18V Ø184 mm DCS572NT-XJ;268,70;1 - PARFAITE : reference identique;le traqueur saura ecrire son cout
DWE560-QS;DeWALT DWE560-QS — Scie circulaire 1350W Ø184 mm DWE560-QS;204,18;1 - PARFAITE : reference identique;le traqueur saura ecrire son cout
DCD800N-XJ;DeWALT DCD800N-XJ — Perceuse-visseuse 18V DCD800N-XJ;183,49;1 - PARFAITE : reference identique;le traqueur saura ecrire son cout
DCG416VSN-XJ;DeWALT DCG416VSN-XJ — Meuleuse Ø125 mm 18V DCG416VSN-XJ;288,14;1 - PARFAITE : reference identique;le traqueur saura ecrire son cout
DCD803NT-XJ;DeWALT DCD803NT-XJ — Perceuse-visseuse à têtes multiples 18V DCD803NT-XJ;327,98;1 - PARFAITE : reference identique;le traqueur saura ecrire son cout
DCF900NT-XJ;"DeWALT DCF900NT-XJ — Boulonneuse 18V 1/2"" DCF900NT-XJ";307,78;1 - PARFAITE : reference identique;le traqueur saura ecrire son cout
DCS386NT-XJ;DeWALT DCS386NT-XJ — Scie sabre 18V DCS386NT-XJ;352,19;1 - PARFAITE : reference identique;le traqueur saura ecrire son cout
DCD796NT-XJ;DeWALT DCD796NT-XJ — Perceuse visseuse à percussion 18V DCD796NT-XJ;176,52;1 - PARFAITE : reference identique;le traqueur saura ecrire son cout
DCG420N-XJ;DeWALT DCG420N-XJ — Meuleuse droite compacte XR 18V DCG420N-XJ;336,06;1 - PARFAITE : reference identique;le traqueur saura ecrire son cout
DW03101-XJ;DeWALT DW03101-XJ — Télémètre laser 100m Bluetooth DW03101-XJ;265,60;1 - PARFAITE : reference identique;le traqueur saura ecrire son cout
DCMPP569N-XJ;DeWALT DCMPP569N-XJ — Sécateur sur perche XR 18V DCMPP569N-XJ;299,32;1 - PARFAITE : reference identique;le traqueur saura ecrire son cout
DCM848N-XJ;DeWALT DCM848N-XJ — Polisseuse orbitale 18V DCM848N-XJ;313,37;1 - PARFAITE : reference identique;le traqueur saura ecrire son cout
DCG418NT-XJ;DeWALT DCG418NT-XJ — Meuleuse Ø125 mm 54V DCG418NT-XJ;285,77;1 - PARFAITE : reference identique;le traqueur saura ecrire son cout
DCF510N-XJ;DeWALT DCF510N-XJ — Clé à cliquet XR 18V DCF510N-XJ;300,94;1 - PARFAITE : reference identique;le traqueur saura ecrire son cout
DCW600N-XJ;DeWALT DCW600N-XJ — Affleureuse XR 18V DCW600N-XJ;245,66;1 - PARFAITE : reference identique;le traqueur saura ecrire son cout
DWE4257KT-QS;DeWALT DWE4257KT-QS — Meuleuse Ø125 mm 1500 W DWE4257KT-QS;200,70;1 - PARFAITE : reference identique;le traqueur saura ecrire son cout
DCD796N-XJ;DeWALT DCD796N-XJ — Perceuse visseuse à percussion 18V DCD796N-XJ;161,52;NON;sans fil, mais aucune annonce sur les 67 pages
DCS367NT-XJ;DeWALT DCS367NT-XJ — Scie sabre XR 18V DCS367NT-XJ;299,47;1 - PARFAITE : reference identique;le traqueur saura ecrire son cout
DCF899NT-XJ;"DeWALT DCF899NT-XJ — Boulonneuse à chocs 18V 1/2"" DCF899NT-XJ";236,68;1 - PARFAITE : reference identique;le traqueur saura ecrire son cout
DCS334NT-XJ;DeWALT DCS334NT-XJ — Scie sauteuse 18V DCS334NT-XJ;247,33;NON;sans fil, mais aucune annonce sur les 67 pages
DCP580NT-XJ;DeWALT DCP580NT-XJ — Rabot XR 18V DCP580NT-XJ;268,13;1 - PARFAITE : reference identique;le traqueur saura ecrire son cout
DCMCS565N-XJ;DeWALT DCMCS565N-XJ — Tronçonneuse 18V 30cm DCMCS565N-XJ;270,31;1 - PARFAITE : reference identique;le traqueur saura ecrire son cout
DCMPS567N-XJ;DeWALT DCMPS567N-XJ — Elagueuse sur perche 18V DCMPS567N-XJ;279,02;NON;sans fil, mais aucune annonce sur les 67 pages
DCD791N;DeWALT DCD791N — Perceuse-visseuse 18V DCD791N;165,42;1 - PARFAITE : reference identique;le traqueur saura ecrire son cout
DWHT78200-XJ;DeWALT DWHT78200-XJ — Télémètre laser 60m USB-C DWHT78200-XJ;241,37;NON;outil filaire ou ligne DX/DP — peu presente chez idealo
DCF870NT-XJ;DeWALT DCF870NT-XJ — Visseuse à chocs hydraulique 18V DCF870NT-XJ;254,96;1 - PARFAITE : reference identique;le traqueur saura ecrire son cout
DCR029-QW;DeWALT DCR029-QW — Radio de chantier 18V DCR029-QW Bluetooth;278,93;1 - PARFAITE : reference identique;le traqueur saura ecrire son cout
DCS335N-XJ;DeWALT DCS335N-XJ — Scie sauteuse 18V DCS335N-XJ;267,66;1 - PARFAITE : reference identique;le traqueur saura ecrire son cout
DCL074-XJ;DeWALT DCL074-XJ — Projecteur de chantier DCL074-XJ;284,66;1 - PARFAITE : reference identique;le traqueur saura ecrire son cout
DW088K-XJ;DeWALT DW088K-XJ — Niveau laser croix DW088K-XJ;178,52;1 - PARFAITE : reference identique;le traqueur saura ecrire son cout
DCS356NT-XJ;DeWALT DCS356NT-XJ — Outil multifonction 18V DCS356NT-XJ;218,84;1 - PARFAITE : reference identique;le traqueur saura ecrire son cout
DWE576K-QS;DeWALT DWE576K-QS — Scie circulaire 1600 W 190 mm DWE576K-QS;285,53;1 - PARFAITE : reference identique;le traqueur saura ecrire son cout
DCS334N-XJ;DeWALT DCS334N-XJ — Scie sauteuse 18V DCS334N-XJ;232,33;NON;sans fil, mais aucune annonce sur les 67 pages
DCG408NT-XJ;DeWALT DCG408NT-XJ — Meuleuse Ø125 mm 18V DCG408NT-XJ;239,41;1 - PARFAITE : reference identique;le traqueur saura ecrire son cout
DCH172NT-XJ;DeWALT DCH172NT-XJ — Perforateur SDS Plus 18V DCH172NT-XJ;226,46;1 - PARFAITE : reference identique;le traqueur saura ecrire son cout
DCMHT562N-XJ;DeWALT DCMHT562N-XJ — Taille haie 18V 55cm DCMHT562N-XJ;215,26;1 - PARFAITE : reference identique;le traqueur saura ecrire son cout
DCF840NT-XJ;DeWALT DCF840NT-XJ — Visseuse à chocs 18V DCF840NT-XJ;180,66;1 - PARFAITE : reference identique;le traqueur saura ecrire son cout
DCD999N-XJ;DeWALT DCD999N-XJ — Perceuse-visseuse à percussion 18V DCD999N-XJ;266,98;3 - BONNE : N/NT/T ramenes au meme modele;le traqueur saura ecrire son cout
DCH172N-XJ;DeWALT DCH172N-XJ — Perforateur SDS Plus 18V DCH172N-XJ;211,46;1 - PARFAITE : reference identique;le traqueur saura ecrire son cout
DCD794N-XJ;DeWALT DCD794N-XJ — Perceuse-visseuse 18V DCD794N-XJ;178,72;NON;sans fil, mais aucune annonce sur les 67 pages
DCS438N-XJ;DeWALT DCS438N-XJ — Meuleuse Ø76 mm XR 18V DCS438N-XJ;236,32;1 - PARFAITE : reference identique;le traqueur saura ecrire son cout
DCG405NT-XJ;DeWALT DCG405NT-XJ — Meuleuse Ø125 mm 18V DCG405NT-XJ;219,23;NON;sans fil, mais aucune annonce sur les 67 pages
DE7033-XJ;DeWALT DE7033-XJ — Piètement DE7033-XJ;254,68;1 - PARFAITE : reference identique;le traqueur saura ecrire son cout
DCMHT564N-XJ;DeWALT DCMHT564N-XJ — Taille haie 18V 55cm DCMHT564N-XJ;227,93;1 - PARFAITE : reference identique;le traqueur saura ecrire son cout
DCF850NT-XJ;DeWALT DCF850NT-XJ — Visseuse à chocs DCF850NT-XJ;179,98;1 - PARFAITE : reference identique;le traqueur saura ecrire son cout
DCG406N-XJ;DeWALT DCG406N-XJ — Meuleuse Ø125 mm DCG406N-XJ;217,34;1 - PARFAITE : reference identique;le traqueur saura ecrire son cout
DCF922NT-XJ;"DeWALT DCF922NT-XJ — Boulonneuse 18V 1/2"" DCF922NT-XJ";209,94;1 - PARFAITE : reference identique;le traqueur saura ecrire son cout
DCG426N-XJ;DeWALT DCG426N-XJ — Meuleuse droite XR 18V DCG426N-XJ;218,05;1 - PARFAITE : reference identique;le traqueur saura ecrire son cout
DCW210N-XJ;DeWALT DCW210N-XJ — Ponceuse Ø125 mm 18V DCW210N-XJ;176,44;1 - PARFAITE : reference identique;le traqueur saura ecrire son cout
DCS369NT-XJ;DeWALT DCS369NT-XJ — Scie sabre 18V DCS369NT-XJ;201,41;1 - PARFAITE : reference identique;le traqueur saura ecrire son cout
DCS331N-XJ;DeWALT DCS331N-XJ — Scie sauteuse DCS331N-XJ;228,71;1 - PARFAITE : reference identique;le traqueur saura ecrire son cout
DE7035-XJ;DeWALT DE7035-XJ — Lot de 2 Piètements DE7035-XJ;242,41;NON;outil filaire ou ligne DX/DP — peu presente chez idealo
DWE305PK-QS;DeWALT DWE305PK-QS — Scie sabre 1100 W DWE305PK-QS;223,88;1 - PARFAITE : reference identique;le traqueur saura ecrire son cout
DCS369N-XJ;DeWALT DCS369N-XJ — Scie sabre 18V DCS369N-XJ;186,41;1 - PARFAITE : reference identique;le traqueur saura ecrire son cout
DCV501LN-XJ;DeWALT DCV501LN-XJ — Aspirateur à main 18V DCV501LN-XJ;197,58;1 - PARFAITE : reference identique;le traqueur saura ecrire son cout
DCW210NT-XJ;DeWALT DCW210NT-XJ — Ponceuse Ø125 mm 18V DCW210NT-XJ;191,44;1 - PARFAITE : reference identique;le traqueur saura ecrire son cout
DCM563PB-XJ;DeWALT DCM563PB-XJ — Taille haie 18V 55 cm DCM563PB-XJ;223,36;1 - PARFAITE : reference identique;le traqueur saura ecrire son cout
DCE555N-XJ;DeWALT DCE555N-XJ — Fraiseuse pour placo 18V DCE555N-XJ;182,58;1 - PARFAITE : reference identique;le traqueur saura ecrire son cout
DCMHT563N-XJ;DeWALT DCMHT563N-XJ — Taille haie 18V 55 cm DCMHT563N-XJ;225,12;1 - PARFAITE : reference identique;le traqueur saura ecrire son cout
DCMBL562N-XJ;DeWALT DCMBL562N-XJ — Souffleur 18V DCMBL562N-XJ;198,46;1 - PARFAITE : reference identique;le traqueur saura ecrire son cout
DCB132;DeWALT DCB132 — Chargeur double 18-54V DCB132;217,82;NON;sans fil, mais aucune annonce sur les 67 pages
DCE512N-XJ;DeWALT DCE512N-XJ — Ventilateur de chantier DCE512N-XJ;184,61;1 - PARFAITE : reference identique;le traqueur saura ecrire son cout
DCMPP568N-XJ;DeWALT DCMPP568N-XJ — Sécateur 18V DCMPP568N-XJ;191,03;1 - PARFAITE : reference identique;le traqueur saura ecrire son cout
DCS355N-XJ;DeWALT DCS355N-XJ — Multicutter Outil multifonction DCS355N-XJ;176,05;1 - PARFAITE : reference identique;le traqueur saura ecrire son cout
DCD805N-XJ;DeWALT DCD805N-XJ — Perceuse-visseuse à percussion 18V DCD805N-XJ;192,89;1 - PARFAITE : reference identique;le traqueur saura ecrire son cout
DCD794NT-XJ;DeWALT DCD794NT-XJ — Perceuse-visseuse 18V DCD794NT-XJ;193,72;1 - PARFAITE : reference identique;le traqueur saura ecrire son cout
DCD799NT-XJ;DeWALT DCD799NT-XJ — Perceuse-visseuse à percussion 18V DCD799NT-XJ;211,87;1 - PARFAITE : reference identique;le traqueur saura ecrire son cout
DCD791NT-XJ;DeWALT DCD791NT-XJ — Perceuse-visseuse 18V DCD791NT-XJ;180,42;1 - PARFAITE : reference identique;le traqueur saura ecrire son cout
DCF6202-XJ;DeWALT DCF6202-XJ — Chargeur de vis à bande DCF6202-XJ;192,07;NON;sans fil, mais aucune annonce sur les 67 pages
DE0892G-XJ;DeWALT DE0892G-XJ — Cellule de réception laser vert DE0892G-XJ;165,28;1 - PARFAITE : reference identique;le traqueur saura ecrire son cout
DCF887NT-XJ;DeWALT DCF887NT-XJ — Visseuse à chocs 18V DCF887NT-XJ;168,37;1 - PARFAITE : reference identique;le traqueur saura ecrire son cout
DCE530N-XJ;DeWALT DCE530N-XJ — Décapeur Thermique 18V DCE530N-XJ;156,08;1 - PARFAITE : reference identique;le traqueur saura ecrire son cout
DCL077;DeWALT DCL077 — Projecteur de chantier DCL077;167,41;1 - PARFAITE : reference identique;le traqueur saura ecrire son cout
DCR011-XJ;DeWALT DCR011-XJ — Enceinte bluetooth 18V DCR011-XJ;172,26;1 - PARFAITE : reference identique;le traqueur saura ecrire son cout
DCD799N-XJ;DeWALT DCD799N-XJ — Perceuse-visseuse à percussion 18V DCD799N-XJ;196,87;3 - BONNE : N/NT/T ramenes au meme modele;le traqueur saura ecrire son cout
DCD777NT;DeWALT DCD777NT — Perceuse-visseuse 18V DCD777NT;150,11;3 - BONNE : N/NT/T ramenes au meme modele;le traqueur saura ecrire son cout
D26411-QS;DeWALT D26411-QS — Décapeur thermique 1800 W D26411-QS;129,14;NON;outil filaire ou ligne DX/DP — peu presente chez idealo
DCB118-QW;DeWALT DCB118-QW — Chargeur rapide 18 à 54V DCB118-QW;125,45;NON;sans fil, mais aucune annonce sur les 67 pages
DWST60103-1;DeWALT DWST60103-1 — Sac à outils DWST60103-1;119,32;NON;outil filaire ou ligne DX/DP — peu presente chez idealo
DCB116-QW;DeWALT DCB116-QW — Chargeur 12-54V DCB116-QW;106,98;NON;sans fil, mais aucune annonce sur les 67 pages
DT3796-QZ;DeWALT DT3796-QZ — Plateau de surfaçage pour la pierre Ø125 mm M14 double DT3796-QZ;106,98;NON;outil filaire ou ligne DX/DP — peu presente chez idealo
DW055PL-XJ;DeWALT DW055PL-XJ — Télémètre laser de poche 16m DW055PL-XJ;106,98;NON;outil filaire ou ligne DX/DP — peu presente chez idealo
DCL050-XJ;DeWALT DCL050-XJ — Lampe d'inspection LED XR 18V DCL050-XJ;238,54;NON;sans fil, mais aucune annonce sur les 67 pages
DCB107-QW;DeWALT DCB107-QW — Chargeur 10.8-18V DCB107-QW;82,38;NON;sans fil, mais aucune annonce sur les 67 pages
DCB1102-QW;DeWALT DCB1102-QW — Chargeur 10.8V à 18V DCB1102-QW;67,60;NON;sans fil, mais aucune annonce sur les 67 pages
DCE089NG18-XJ;DeWALT DCE089NG18-XJ — Laser 3 lignes vert 12V/18V DCE089NG18-XJ;554,86;1 - PARFAITE : reference identique;le traqueur saura ecrire son cout
DCB548-XJ;DeWALT DCB548-XJ — Batterie XR 18V-54V 12Ah-4Ah Flexvolt DCB548-XJ;265,99;1 - PARFAITE : reference identique;le traqueur saura ecrire son cout
DCB547-XJ;DeWALT DCB547-XJ — Batterie 18V-54V 9Ah-3Ah XR Flexvolt DCB547-XJ;247,02;1 - PARFAITE : reference identique;le traqueur saura ecrire son cout
DCB546-XJ;DeWALT DCB546-XJ — Batterie XR 18V-54V 6Ah-2Ah Flexvolt DCB546-XJ;180,64;1 - PARFAITE : reference identique;le traqueur saura ecrire son cout
DCB1104-QW;DeWALT DCB1104-QW — Chargeur 12V/18V DCB1104-QW;82,38;NON;sans fil, mais aucune annonce sur les 67 pages
DT1473-QZ;DeWALT DT1473-QZ — DT1473-QZ;121,91;NON;outil filaire ou ligne DX/DP — peu presente chez idealo
DT60826-QZ;DeWALT DT60826-QZ — SDS-max 25x920x790 mm DT60826-QZ;121,91;NON;outil filaire ou ligne DX/DP — peu presente chez idealo
DNN2045E;DeWALT DNN2045E — DNN2045E Coil Clou 2.03-45 Plain 17,5 m;122,28;NON;outil filaire ou ligne DX/DP — peu presente chez idealo
DNPT3190G12Z;DeWALT DNPT3190G12Z — DNPT3190G12Z Pointes en bande papier 33° éléctro-zinguées 3.1x90mm;122,30;NON;outil filaire ou ligne DX/DP — peu presente chez idealo
DNPT28R63G12Z;DeWALT DNPT28R63G12Z — DNPT28R63G12Z - Cabeza redonda galvanizada 2.8x63mm;122,59;NON;outil filaire ou ligne DX/DP — peu presente chez idealo
DT3885;DeWALT DT3885 — DT3885;122,80;1 - PARFAITE : reference identique;le traqueur saura ecrire son cout
DNW31R90E;DeWALT DNW31R90E — DNW31R90E Pointes en Bande Métal 34° Crantées, 3.1mm x 90mm, Argent;123,58;NON;outil filaire ou ligne DX/DP — peu presente chez idealo
DT5466;DeWALT DT5466 — DT5466;123,74;1 - PARFAITE : reference identique;le traqueur saura ecrire son cout
DNPT31R90G12Z;DeWALT DNPT31R90G12Z — DNPT31R90G12Z 34° Clous lisses 3,1 x 90 mm 2200 pièces;123,96;NON;outil filaire ou ligne DX/DP — peu presente chez idealo
DT9442-QZ;DeWALT DT9442-QZ — SDS-max 38x570x450 mm DT9442-QZ;124,37;NON;outil filaire ou ligne DX/DP — peu presente chez idealo
DT99591-QZ;DeWALT DT99591-QZ — DT99591-QZ;124,38;1 - PARFAITE : reference identique;le traqueur saura ecrire son cout
DT99576;DeWALT DT99576 — DT99576;124,33;1 - PARFAITE : reference identique;le traqueur saura ecrire son cout
DFS9200B1G-QZ;DeWALT DFS9200B1G-QZ — DFS9200B1G-QZ Grapas 50mm x 960;124,78;NON;outil filaire ou ligne DX/DP — peu presente chez idealo
DNW28R63G12E;DeWALT DNW28R63G12E — DNW28R63G12E Clou, Argent, Taille 34/63 mm, Set de 2200 Pièces;124,79;NON;outil filaire ou ligne DX/DP — peu presente chez idealo
DNW2863E;DeWALT DNW2863E — DNW2863E Clous, Argent, Taille 34 63mm, Set de 2200 Pièces;124,96;NON;outil filaire ou ligne DX/DP — peu presente chez idealo
DNW3190E;DeWALT DNW3190E — Clous 34º, lisse, 90 mm, 2200 pièces - DNW3190E;124,99;NON;outil filaire ou ligne DX/DP — peu presente chez idealo
DWST60102-1;DeWALT DWST60102-1 — DWST60102-1;125,06;1 - PARFAITE : reference identique;le traqueur saura ecrire son cout
DNN20R45E;DeWALT DNN20R45E — DNN20R45E Coil Clous 2.03-45 Ring, 17,5 m;125,05;NON;outil filaire ou ligne DX/DP — peu presente chez idealo
DWMT74733;DeWALT DWMT74733 — Ensemble de clés mixtes à cliquet SAE, technologie à couple direct, étui verrouillable inclus, 8 pièces (DWMT7473;125,42;NON;outil filaire ou ligne DX/DP — peu presente chez idealo
DWMT19238;"DeWALT DWMT19238 — Jeu de tournevis DeWalt DWMT19238; 37 unités";125,51;NON;outil filaire ou ligne DX/DP — peu presente chez idealo
DT60840-QZ;DeWALT DT60840-QZ — SDS-max 36x570x440 mm DT60840-QZ;125,57;NON;outil filaire ou ligne DX/DP — peu presente chez idealo
DT8091-QZ;DeWALT DT8091-QZ — 90 x 400 mm (DT8091-QZ);125,64;NON;outil filaire ou ligne DX/DP — peu presente chez idealo
DT9973;DeWALT DT9973 — DT9973;125,74;1 - PARFAITE : reference identique;le traqueur saura ecrire son cout
DWST171194;DeWALT DWST171194 — TSTAK V (DWST171194);126,10;NON;outil filaire ou ligne DX/DP — peu presente chez idealo
305X30;DeWALT 305X30 — 305X30;126,22;1 - PARFAITE : reference identique;le traqueur saura ecrire son cout
DNW2890E;DeWALT DNW2890E — DNW2890E;126,44;NON;outil filaire ou ligne DX/DP — peu presente chez idealo
DWMT86090-0;"DeWALT DWMT86090-0 — Jeu de douilles à impact 1/2"" 13-24mm, 8 pièces (DWMT86090-0)";126,61;NON;outil filaire ou ligne DX/DP — peu presente chez idealo
DT6762-QZ;DeWALT DT6762-QZ — SDS-max 65x107 mm DT6762-QZ;126,83;NON;outil filaire ou ligne DX/DP — peu presente chez idealo
DFS9175B1G-QZ;DeWALT DFS9175B1G-QZ — DFS9175B1G-QZ Grapas 45mm x 960;127,10;NON;outil filaire ou ligne DX/DP — peu presente chez idealo
DT9559-QZ;DeWALT DT9559-QZ — Foret SDS-Plus Extreme 2 taillants 12 x 950 mm - DT9559-QZ;127,12;NON;outil filaire ou ligne DX/DP — peu presente chez idealo
DT71517T;DeWALT DT71517T — Accessoire d'angle DEWALT (90°, inclut 9 embouts de vissage à couple élevé, adapté à une utilisation avec des visseuses;127,66;NON;outil filaire ou ligne DX/DP — peu presente chez idealo
DT9572-QZ;DeWALT DT9572-QZ — SDS-plus 14x1000x950 mm DT9572-QZ;127,84;NON;outil filaire ou ligne DX/DP — peu presente chez idealo
DWST60122-1;DeWALT DWST60122-1 — McLaren Sac à dos d'outillage noir/jaune (DWST60122-1);128,00;NON;outil filaire ou ligne DX/DP — peu presente chez idealo
DWST83522-9;DeWALT DWST83522-9 — DWST83522-9;127,98;1 - PARFAITE : reference identique;le traqueur saura ecrire son cout
DT20452-QZ;DeWALT DT20452-QZ — EXTREME Full Carbide SDS-plus Set Forets à Percussion 10x160x100mm (DT20452-QZ);127,98;NON;outil filaire ou ligne DX/DP — peu presente chez idealo
DT4281-QZ;DeWALT DT4281-QZ — DT4281-QZ;128,08;1 - PARFAITE : reference identique;le traqueur saura ecrire son cout
UC4200;DeWALT UC4200 — UC4200;128,09;1 - PARFAITE : reference identique;le traqueur saura ecrire son cout
DNBA1644SZ;DeWALT DNBA1644SZ — DNBA1644SZ Clous 20, Gris, Taille SS 44mm, Set de 2500 Pièces;128,34;NON;outil filaire ou ligne DX/DP — peu presente chez idealo
DNW2870E;DeWALT DNW2870E — DNW2870E Clous, Argent, Taille 34 70mm, Set de 2200 Pièces;128,80;NON;outil filaire ou ligne DX/DP — peu presente chez idealo
DE3474;DeWALT DE3474 — DE3474;128,87;1 - PARFAITE : reference identique;le traqueur saura ecrire son cout
DT20775;DeWALT DT20775 — DT20775;129,19;1 - PARFAITE : reference identique;le traqueur saura ecrire son cout
DWST83522-1;DeWALT DWST83522-1 — DWST83522-1;129,19;1 - PARFAITE : reference identique;le traqueur saura ecrire son cout
DW3112;"DeWALT DW3112 — Lame de scie à onglet 25,4 cm (10"") - ATB - Entaille fine - Mandrin de 1,5 cm - 24 dents (DW3112)";129,19;NON;outil filaire ou ligne DX/DP — peu presente chez idealo
DWMT75462-0;DeWALT DWMT75462-0 — DWMT75462-0;129,24;1 - PARFAITE : reference identique;le traqueur saura ecrire son cout
DT6761-QZ;DeWALT DT6761-QZ — HB SDS-max 50x107 mm DT6761-QZ;129,24;NON;outil filaire ou ligne DX/DP — peu presente chez idealo
DS150;DeWALT DS150 — DS150;129,26;1 - PARFAITE : reference identique;le traqueur saura ecrire son cout
DNBA1650SZ;DeWALT DNBA1650SZ — DNBA1650SZ Clous 20, Gris, Taille SS 50mm, Set de 2500 Pièces;129,70;NON;outil filaire ou ligne DX/DP — peu presente chez idealo
DWST550114;DeWALT DWST550114 — DWST550114 Pochette à Outils en Cuir pour électricien 8 Poches avec Boucles pour Marteau et chaîne à Ruban Marron;129,79;NON;outil filaire ou ligne DX/DP — peu presente chez idealo
DT9816-QZ;DeWALT DT9816-QZ — SDS-plus 6x160x100 mm 50 pièces DT9816-QZ;129,96;NON;outil filaire ou ligne DX/DP — peu presente chez idealo
DWA1790IR;DeWALT DWA1790IR — DWA1790IR Lot de 3 forets étagés;130,20;NON;outil filaire ou ligne DX/DP — peu presente chez idealo
DT8374-QZ;DeWALT DT8374-QZ — DT8374-QZ;130,22;1 - PARFAITE : reference identique;le traqueur saura ecrire son cout
DWST40603-1;DeWALT DWST40603-1 — DWST40603-1;130,32;1 - PARFAITE : reference identique;le traqueur saura ecrire son cout
DWA1789IR;"DeWALT DWA1789IR — Jeu de forets étagés, 7/8"" à 1-1/8"" (DWA1789IR)";130,48;NON;outil filaire ou ligne DX/DP — peu presente chez idealo
DWST60106-1;DeWALT DWST60106-1 — Panier porte-outils 51 cm DWST60106-1;130,56;NON;outil filaire ou ligne DX/DP — peu presente chez idealo
DNBDA1538SZ;DeWALT DNBDA1538SZ — DNBDA1538SZ Clavos 1,8mm x 38mm 15GA;130,75;NON;outil filaire ou ligne DX/DP — peu presente chez idealo
DT6946-QZ;DeWALT DT6946-QZ — DT6946-QZ;131,14;1 - PARFAITE : reference identique;le traqueur saura ecrire son cout
DWHT82811-0;DeWALT DWHT82811-0 — Coffret Pinces VDE, 3 Pièces (DWHT82811-0);131,12;NON;outil filaire ou ligne DX/DP — peu presente chez idealo
DT8972-QZ;DeWALT DT8972-QZ — DT8972-QZ;131,78;1 - PARFAITE : reference identique;le traqueur saura ecrire son cout
DWMT19261-0;DeWALT DWMT19261-0 — DWMT19261-0 fr Jeu de clés à douilles métriques de cliquet, 7 pcs.;132,62;NON;outil filaire ou ligne DX/DP — peu presente chez idealo
DT5563;DeWALT DT5563 — EXTREME 2 HSS-G Foret métal 13 x 151 x 98 mm Grand pack (DT5563);132,79;NON;outil filaire ou ligne DX/DP — peu presente chez idealo
DT2186-QZ;DeWALT DT2186-QZ — DT2186-QZ;132,82;1 - PARFAITE : reference identique;le traqueur saura ecrire son cout
DT9943;DeWALT DT9943 — DT9943;133,64;1 - PARFAITE : reference identique;le traqueur saura ecrire son cout
DT6837-QZ;DeWALT DT6837-QZ — 38 x 280mm (DT6837-QZ);133,64;NON;outil filaire ou ligne DX/DP — peu presente chez idealo
DT3889-QZ;DeWALT DT3889-QZ — DT3889-QZ DT3889-QZ-Coronas de Diamante en Seco;133,66;NON;outil filaire ou ligne DX/DP — peu presente chez idealo
DT3888;DeWALT DT3888 — DT3888;133,75;1 - PARFAITE : reference identique;le traqueur saura ecrire son cout
DWST60101-9;DeWALT DWST60101-9 — McLaren sac à dos d'outillage avec roulettes et poignée télescopique (DWST60101-9);133,91;NON;outil filaire ou ligne DX/DP — peu presente chez idealo
DEWDE0733;DeWALT DEWDE0733 — Trépied pour DEWDE0733 et DE0733-XJ;134,34;NON;outil filaire ou ligne DX/DP — peu presente chez idealo
DT5929-QZ;DeWALT DT5929-QZ — DT5929-QZ;135,02;1 - PARFAITE : reference identique;le traqueur saura ecrire son cout
DT4376-QZ;DeWALT DT4376-QZ — DT4376-QZ;135,30;1 - PARFAITE : reference identique;le traqueur saura ecrire son cout
DT9444-QZ;DeWALT DT9444-QZ — SDS-max 40x380x250 mm DT9444-QZ;135,40;NON;outil filaire ou ligne DX/DP — peu presente chez idealo
DT2976;DeWALT DT2976 — Lame alligator brique DT2976;135,70;NON;outil filaire ou ligne DX/DP — peu presente chez idealo
DNM40R40GZ;DeWALT DNM40R40GZ — DNM40R40GZ Clous anneau GAL, Argent, 4x40mm Set de 2000 Pieces;135,72;NON;outil filaire ou ligne DX/DP — peu presente chez idealo
DWST550112;DeWALT DWST550112 — Ceinture à outils en cuir, durable, ceinture professionnelle à 11 poches (DWST550112);136,27;NON;outil filaire ou ligne DX/DP — peu presente chez idealo
DT9436-QZ;DeWALT DT9436-QZ — SDS-max 32x920x800 mm DT9436-QZ;136,61;NON;outil filaire ou ligne DX/DP — peu presente chez idealo
DNBA1632SZ;DeWALT DNBA1632SZ — Clous pour cloueurs de finition sans fil SS, inoxydable, 32 mm, 2500 pièces - DNBA1632SZ;136,82;NON;outil filaire ou ligne DX/DP — peu presente chez idealo
DT8412-XJ;DeWALT DT8412-XJ — DT8412-XJ;137,45;1 - PARFAITE : reference identique;le traqueur saura ecrire son cout
DE0736;DeWALT DE0736 — DE0736;138,02;1 - PARFAITE : reference identique;le traqueur saura ecrire son cout
DT20461-QZ;DeWALT DT20461-QZ — ELITE SERIES™ Disque Diamant All Purpose 355x25,4mm (DT20461-QZ);138,02;NON;outil filaire ou ligne DX/DP — peu presente chez idealo
DT8353-QZ;DeWALT DT8353-QZ — DT8353-QZ;138,22;1 - PARFAITE : reference identique;le traqueur saura ecrire son cout
DWST550115;DeWALT DWST550115 — DWST550115 Pochette à outils en cuir et ceinture - Quantité 5;138,42;NON;outil filaire ou ligne DX/DP — peu presente chez idealo
DT6771-QZ;DeWALT DT6771-QZ — DT6771-QZ - Adaptador para corona perforadora SDS-Max 400mm;139,10;NON;outil filaire ou ligne DX/DP — peu presente chez idealo
DWA4204;DeWALT DWA4204 — Dwa4204 Large Titanium oscillant Lame de bois avec des Clous, DWA4204;139,61;NON;outil filaire ou ligne DX/DP — peu presente chez idealo
DNR3125GZ;DeWALT DNR3125GZ — Clou de bobine DNR3125GZ 25mm galvanisé, 7200 pièces (DNR3125GZ);139,86;NON;outil filaire ou ligne DX/DP — peu presente chez idealo
DNBT1840SZ;DeWALT DNBT1840SZ — DNBT1840SZ Clous DNBT, Argent, 40mm, Set de 5000 Pièces;140,22;NON;outil filaire ou ligne DX/DP — peu presente chez idealo
DT4346-QZ;DeWALT DT4346-QZ — DT4346-QZ;140,28;1 - PARFAITE : reference identique;le traqueur saura ecrire son cout
DT20451-QZ;DeWALT DT20451-QZ — EXTREME Full Carbide SDS-plus Set Forets à Percussion 8x160x100mm (DT20451-QZ);140,30;NON;outil filaire ou ligne DX/DP — peu presente chez idealo
DT8356-QZ;DeWALT DT8356-QZ — DT8356-QZ;141,13;1 - PARFAITE : reference identique;le traqueur saura ecrire son cout
DXTT-2-942;DeWALT DXTT-2-942 — Ausziehbarer Griff pour Trockenbauwände 94 cm - 160 cm DXTT-2-942;141,23;NON;outil filaire ou ligne DX/DP — peu presente chez idealo
DWMT19237-1;DeWALT DWMT19237-1 — Jeu de clés mixtes 18 pièces métriques (DWMT19237-1);141,66;NON;outil filaire ou ligne DX/DP — peu presente chez idealo
DFS9150B1G-QZ;DeWALT DFS9150B1G-QZ — DFS9150B1G-QZ Grapas 40mm x 960;141,85;NON;outil filaire ou ligne DX/DP — peu presente chez idealo
DNF55;DeWALT DNF55 — PowerCoil ongles DNF 55 mm 12.6 KST. Bague Tige, 1 pièce, dnf23r55e;142,00;NON;outil filaire ou ligne DX/DP — peu presente chez idealo
DE1000;DeWALT DE1000 — DE1000 Support universel (Import Grande Bretagne);142,13;NON;outil filaire ou ligne DX/DP — peu presente chez idealo
DT70620T;DeWALT DT70620T — DT70620T;142,49;1 - PARFAITE : reference identique;le traqueur saura ecrire son cout
DT9687;DeWALT DT9687 — Foret SDS-plus 4 TAILLANTS 22x450x400mm DT9687;142,62;NON;outil filaire ou ligne DX/DP — peu presente chez idealo
DNBT1850SZ;DeWALT DNBT1850SZ — DNBT1850SZ - Puntas Brad 1,25mm x 50mm 18GA Acero inox316;142,81;NON;outil filaire ou ligne DX/DP — peu presente chez idealo
DNF64;DeWALT DNF64 — dnf23r64e PowerCoil ongles DNF 64 mm 10,5 KST. Anneau Tige, Lot de 6;142,96;NON;outil filaire ou ligne DX/DP — peu presente chez idealo
DWST83395-1;DeWALT DWST83395-1 — Boîte à outils vide DEWALT DWST83395-1 noir, jaune 1 pc(s);143,00;NON;outil filaire ou ligne DX/DP — peu presente chez idealo
DT8266;DeWALT DT8266 — Scie cloche bi-métal 177 mm (DT8266);143,26;NON;outil filaire ou ligne DX/DP — peu presente chez idealo
DT6764-QZ;DeWALT DT6764-QZ — HB SDS-max 90x107 mm DT6764-QZ;143,23;NON;outil filaire ou ligne DX/DP — peu presente chez idealo
DT4358QZ;DeWALT DT4358QZ — Extreme 315 x 30 x 3,0 72WZ (DT4358QZ);143,62;NON;outil filaire ou ligne DX/DP — peu presente chez idealo
DT2979;DeWALT DT2979 — DT2979;143,92;1 - PARFAITE : reference identique;le traqueur saura ecrire son cout
DT4942-QZ;DeWALT DT4942-QZ — DT4942-QZ;145,49;1 - PARFAITE : reference identique;le traqueur saura ecrire son cout
DT6934-QZ;DeWALT DT6934-QZ — 127 x 445 mm (DT6934-QZ);146,34;NON;outil filaire ou ligne DX/DP — peu presente chez idealo
DT8267;DeWALT DT8267 — Scie Cloche Bi-Métallique 210 mm (DT8267);146,48;NON;outil filaire ou ligne DX/DP — peu presente chez idealo
DW5891;DeWALT DW5891 — Adaptateur SDS Max vers SDS+ (DW5891);146,56;NON;outil filaire ou ligne DX/DP — peu presente chez idealo
DW1361;DeWALT DW1361 — DW1361;148,56;1 - PARFAITE : reference identique;le traqueur saura ecrire son cout
350/30;DeWALT 350/30 — 350/30;148,91;1 - PARFAITE : reference identique;le traqueur saura ecrire son cout
DT20562-QZ;DeWALT DT20562-QZ — DT20562-QZ Adaptateur/tête de taraudage Adapté pour (perceuses) Dewalt;148,98;NON;outil filaire ou ligne DX/DP — peu presente chez idealo
DT20500-QZ;DeWALT DT20500-QZ — Référence DT20500-QZ — descriptif à compléter;148,98;NON;outil filaire ou ligne DX/DP — peu presente chez idealo
DWA427SET;DeWALT DWA427SET — Lot de 7 lames oscillantes à usage général pour bois avec clous (DWA427SET);149,12;NON;outil filaire ou ligne DX/DP — peu presente chez idealo
DT9443-QZ;DeWALT DT9443-QZ — SDS-max 38x670x550 mm DT9443-QZ;149,47;NON;outil filaire ou ligne DX/DP — peu presente chez idealo
DNF65;DeWALT DNF65 — PowerCoil ongles DNF 65 mm 6 Kst. lisse, 1 pièce, dnf2865e;149,69;NON;outil filaire ou ligne DX/DP — peu presente chez idealo
DT6763-QZ;DeWALT DT6763-QZ — SDS-max 80x107 mm DT6763-QZ;149,98;NON;outil filaire ou ligne DX/DP — peu presente chez idealo
DT40256-QZ;DeWALT DT40256-QZ — DT40256-QZ;150,16;1 - PARFAITE : reference identique;le traqueur saura ecrire son cout
AW3517;DeWALT AW3517 — Référence AW3517 — descriptif à compléter;150,85;NON;outil filaire ou ligne DX/DP — peu presente chez idealo
DN275-XJ;DeWALT DN275-XJ — DN275-XJ Clou Duplex 21° (8D) À Liant Plastique - 57/70 X 3,3 Mm - 2000 Pièces;151,08;NON;outil filaire ou ligne DX/DP — peu presente chez idealo
DWMT73813;"DeWALT DWMT73813 — DWMT73813, Jeu de Douilles SAE/métrique, 1/2"", 23 pièces";151,81;NON;outil filaire ou ligne DX/DP — peu presente chez idealo
DT1926-QZ;DeWALT DT1926-QZ — DT1926-QZ;152,16;1 - PARFAITE : reference identique;le traqueur saura ecrire son cout
DNF70;DeWALT DNF70 — PowerCoil ongles DNF 70 mm 6 KST. Bague Tige, 1 pièce, dnf28r70e;152,34;NON;outil filaire ou ligne DX/DP — peu presente chez idealo
DWST60101-1;DeWALT DWST60101-1 — DWST60101-1;152,54;1 - PARFAITE : reference identique;le traqueur saura ecrire son cout
DT60842-QZ;DeWALT DT60842-QZ — SDS-max 38x570x440 mm DT60842-QZ;152,64;NON;outil filaire ou ligne DX/DP — peu presente chez idealo
DT20907-QZ;DeWALT DT20907-QZ — DT20907-QZ Kit de conversion;152,65;NON;outil filaire ou ligne DX/DP — peu presente chez idealo
DT60836-QZ;DeWALT DT60836-QZ — SDS-max 32x920x790 mm DT60836-QZ;152,65;NON;outil filaire ou ligne DX/DP — peu presente chez idealo
DWST83542-1;"DeWALT DWST83542-1 — DWST83542-1 Sac À Outils McLaren À Roulettes Pour TOUGHSYSTEM - 22""";152,65;NON;outil filaire ou ligne DX/DP — peu presente chez idealo
DT4217-QZ;DeWALT DT4217-QZ — DT4217-QZ;153,97;1 - PARFAITE : reference identique;le traqueur saura ecrire son cout
AW2600;DeWALT AW2600 — Référence AW2600 — descriptif à compléter;154,69;NON;outil filaire ou ligne DX/DP — peu presente chez idealo
DW1969;DeWALT DW1969 — DW1969 Lot de 29 forets à pointe pilote, avec index en métal;155,40;NON;outil filaire ou ligne DX/DP — peu presente chez idealo
DXMH3288;DeWALT DXMH3288 — STANLEY DXMH3288 DEWALT Tuyau d'arrosage robuste de qualité professionnelle, 30,5 m x 1,6 cm, jaune, noir;155,74;NON;outil filaire ou ligne DX/DP — peu presente chez idealo
DT2977;DeWALT DT2977 — DT2977;155,77;1 - PARFAITE : reference identique;le traqueur saura ecrire son cout
DWST50113-1;DeWALT DWST50113-1 — Ceinture porte-outils en cuir (DWST50113-1);155,95;NON;outil filaire ou ligne DX/DP — peu presente chez idealo
DE0737;DeWALT DE0737 — DE0737;156,02;1 - PARFAITE : reference identique;le traqueur saura ecrire son cout
DNW2880E;DeWALT DNW2880E — Clous 34º, lisse, 80 mm, 2200 pièces - DNW2880E;156,06;NON;outil filaire ou ligne DX/DP — peu presente chez idealo
DNBDA38;DeWALT DNBDA38 — Clou à tête refoulé DNBDA 38 mm DEWALT acier inoxydable Quantité:4000;156,37;NON;outil filaire ou ligne DX/DP — peu presente chez idealo
DWST83529-1;DeWALT DWST83529-1 — ToughSystem 2.0 (DWST83529-1);156,37;NON;outil filaire ou ligne DX/DP — peu presente chez idealo
DT9617-QZ;DeWALT DT9617-QZ — SDS-plus 26x800x750 mm DT9617-QZ;156,96;NON;outil filaire ou ligne DX/DP — peu presente chez idealo
DT6810-QZ;DeWALT DT6810-QZ — 32 x 200 mm (DT6810-QZ);156,97;NON;outil filaire ou ligne DX/DP — peu presente chez idealo
DT70775-QZ;DeWALT DT70775-QZ — Toughcase Medium Set de Vissage 80 pièces avec Accouplement Angulaire (DT70775-QZ);157,62;NON;outil filaire ou ligne DX/DP — peu presente chez idealo
EU2-973;DeWALT EU2-973 — Taloche de finition courbée pour cloison sèche, acier inoxydable doré, 16in (EU2-973);157,70;NON;outil filaire ou ligne DX/DP — peu presente chez idealo
DT6928-QZ;DeWALT DT6928-QZ — DT6928-QZ;157,91;1 - PARFAITE : reference identique;le traqueur saura ecrire son cout
DWMT19261;"DeWALT DWMT19261 — Jeu de clés DeWalt DWMT19261; 7 unités";158,23;NON;outil filaire ou ligne DX/DP — peu presente chez idealo
DT7926-XJ;DeWALT DT7926-XJ — Foret métal HSS-G Coffret 29 pièces - DT7926-XJ & Coffret de 32 Embouts de Vissage de 25mm Robustes et Précis - A;160,16;NON;outil filaire ou ligne DX/DP — peu presente chez idealo
DT1474-QZ;DeWALT DT1474-QZ — DT1474-QZ;161,26;1 - PARFAITE : reference identique;le traqueur saura ecrire son cout
DWST83295-1;DeWALT DWST83295-1 — DWST83295-1;161,26;1 - PARFAITE : reference identique;le traqueur saura ecrire son cout
DWST1-75676;DeWALT DWST1-75676 — Tréteaux 2 pcs - DWST1-75676;161,54;NON;outil filaire ou ligne DX/DP — peu presente chez idealo
DWST08017-9;DeWALT DWST08017-9 — Kit Toughsystem-Tstak 3 pièces DWST08017-9;161,87;NON;outil filaire ou ligne DX/DP — peu presente chez idealo
DT60845-QZ;DeWALT DT60845-QZ — SDS-max 40x570x440 mm DT60845-QZ;163,69;NON;outil filaire ou ligne DX/DP — peu presente chez idealo
DNF2570E;DeWALT DNF2570E — Clous à rouleau DNF 70 mm, lisse, 7200 pièces - DNF2570E;164,36;NON;outil filaire ou ligne DX/DP — peu presente chez idealo
EU2-971;DeWALT EU2-971 — Taloche de finition courbée, acier inoxydable doré, 12in (EU2-971);164,51;NON;outil filaire ou ligne DX/DP — peu presente chez idealo
DGL573;DeWALT DGL573 — DGL573;165,25;1 - PARFAITE : reference identique;le traqueur saura ecrire son cout
DWHT56032-0;DeWALT DWHT56032-0 — DWHT56032-0;165,71;1 - PARFAITE : reference identique;le traqueur saura ecrire son cout
DNBDA1550SZ;DeWALT DNBDA1550SZ — DNBDA1550SZ;166,14;1 - PARFAITE : reference identique;le traqueur saura ecrire son cout
DWST1-75694;DeWALT DWST1-75694 — TOUGHSYSTEM Système de rangement mural (DWST1-75694);166,22;NON;outil filaire ou ligne DX/DP — peu presente chez idealo
DWST08330-1;DeWALT DWST08330-1 — ToughSystem 2.0 DWST08330-1;166,58;NON;outil filaire ou ligne DX/DP — peu presente chez idealo
DWMT74739;"DeWALT DWMT74739 — DWMT74739 Coffret de douilles à choc 1/2"" 23 pièces";166,64;NON;outil filaire ou ligne DX/DP — peu presente chez idealo
DE0882;DeWALT DE0882 — Mire graduée DE0882;166,70;NON;outil filaire ou ligne DX/DP — peu presente chez idealo
DWST17871;DeWALT DWST17871 — DWST17871;167,17;1 - PARFAITE : reference identique;le traqueur saura ecrire son cout
DT1916-QZ;DeWALT DT1916-QZ — DT1916-QZ;167,41;1 - PARFAITE : reference identique;le traqueur saura ecrire son cout
DT90017-QZ;DeWALT DT90017-QZ — DT90017-QZ;167,80;1 - PARFAITE : reference identique;le traqueur saura ecrire son cout
HSS40;DeWALT HSS40 — DEWALT-fraise à carotter HSS 40 mm;168,37;NON;outil filaire ou ligne DX/DP — peu presente chez idealo
DCA1820;DeWALT DCA1820 — Adaptateur de batterie pour outil de 18 V, DCA1820;168,92;NON;sans fil, mais aucune annonce sur les 67 pages
DN350-XJ;DeWALT DN350-XJ — DN350-XJ Clou Duplex 21° (16D) À Tige En Plastique - 76/89 X 3,3 Mm - 2 000 Pièces;169,49;NON;outil filaire ou ligne DX/DP — peu presente chez idealo
DT4612-QZ;DeWALT DT4612-QZ — DT4612-QZ;169,75;1 - PARFAITE : reference identique;le traqueur saura ecrire son cout
EU2-972;DeWALT EU2-972 — Truelle de finition en acier inoxydable dorée courbée 14in (EU2-972);170,09;NON;outil filaire ou ligne DX/DP — peu presente chez idealo
DNF60;DeWALT DNF60 — PowerCoil ongles DNF 60 mm 9.9 KST. Bague Tige, 1 pièce, dnf25r60e;170,05;NON;outil filaire ou ligne DX/DP — peu presente chez idealo
DT3752;DeWALT DT3752 — Disque de Coupe Diamant (DT3752);170,12;NON;outil filaire ou ligne DX/DP — peu presente chez idealo
DWST1-70702;DeWALT DWST1-70702 — Combo TSTAK (DWST1-70702);170,20;NON;outil filaire ou ligne DX/DP — peu presente chez idealo
DT70706M-QZ;DeWALT DT70706M-QZ — DT70706M-QZ Ensemble de forets et d’embouts avec mug thermique - 25 pieces;170,80;NON;outil filaire ou ligne DX/DP — peu presente chez idealo
DT20699-QZ;DeWALT DT20699-QZ — DT20699-QZ Bandoulière;171,11;NON;outil filaire ou ligne DX/DP — peu presente chez idealo
DT70736TM-QZ;DeWALT DT70736TM-QZ — FLEXTORQ ToughCase Coffret 32 Embouts de Vissage avec Mug (DT70736TM-QZ);171,82;NON;outil filaire ou ligne DX/DP — peu presente chez idealo
DWST83411-1;DeWALT DWST83411-1 — DWST83411-1;173,22;1 - PARFAITE : reference identique;le traqueur saura ecrire son cout
DT90354;DeWALT DT90354 — Bim Electrician's Hole Saw 11-piece Set DT90354;173,59;NON;outil filaire ou ligne DX/DP — peu presente chez idealo
DT60847-QZ;DeWALT DT60847-QZ — DT60847-QZ;174,14;1 - PARFAITE : reference identique;le traqueur saura ecrire son cout
DT90356-QZ;DeWALT DT90356-QZ — Extreme Ensemble de Scies-Cloches Bi-Métal Électricien 11 pièces en Coffret (DT90356-QZ);174,76;NON;outil filaire ou ligne DX/DP — peu presente chez idealo
DWST1-71196;DeWALT DWST1-71196 — Chariot T-Stak (DWST1-71196);176,08;NON;outil filaire ou ligne DX/DP — peu presente chez idealo
DT2966;DeWALT DT2966 — DT2966;176,35;1 - PARFAITE : reference identique;le traqueur saura ecrire son cout
DT40257-QZ;DeWALT DT40257-QZ — DT40257-QZ;177,02;1 - PARFAITE : reference identique;le traqueur saura ecrire son cout
DT60231-QZ;DeWALT DT60231-QZ — Foret aspirant SDS-Max Ø18mm, 400/600mm (DT60231-QZ);178,84;NON;outil filaire ou ligne DX/DP — peu presente chez idealo
DT8351-QZ;DeWALT DT8351-QZ — DT8351-QZ;179,35;1 - PARFAITE : reference identique;le traqueur saura ecrire son cout
DT4957-QZ;DeWALT DT4957-QZ — Coffret de forets métaux HSS-CO 29 pièces (DT4957-QZ);179,75;NON;outil filaire ou ligne DX/DP — peu presente chez idealo
DT20463-QZ;DeWALT DT20463-QZ — Elite Series Disque Diamant Segmenté Tout Usage 300mm (DT20463-QZ);181,60;NON;outil filaire ou ligne DX/DP — peu presente chez idealo
DT20467-QZ;DeWALT DT20467-QZ — Elite Series Disque Diamant Segmenté Asphalte 350x25,4mm (DT20467-QZ);181,60;NON;outil filaire ou ligne DX/DP — peu presente chez idealo
DT20465-QZ;DeWALT DT20465-QZ — Disque Diamant pour Béton Renforcé Ø355x25,4mm (DT20465-QZ);182,77;NON;outil filaire ou ligne DX/DP — peu presente chez idealo
DT60234-QZ;DeWALT DT60234-QZ — DT60234-QZ Foret aspirant SDS-Max diamètre 28mm longueur 400mm;183,12;NON;outil filaire ou ligne DX/DP — peu presente chez idealo
DT9448-QZ;DeWALT DT9448-QZ — SDS-max 45x570x450 mm DT9448-QZ;183,40;NON;outil filaire ou ligne DX/DP — peu presente chez idealo
DWST60107-1;DeWALT DWST60107-1 — DWST60107-1;186,77;1 - PARFAITE : reference identique;le traqueur saura ecrire son cout
XR18V;DeWALT XR18V — Souffleur Brushless XR 18V 5Ah Li-ION - Souffleur Électrique Portable sans Fil & Recharge de Fil Coupe Bordure 2,;188,89;NON;outil filaire ou ligne DX/DP — peu presente chez idealo
DT70777-QZ;DeWALT DT70777-QZ — DT70777-QZ;188,94;1 - PARFAITE : reference identique;le traqueur saura ecrire son cout
DCR020;DeWALT DCR020 — DCR020;192,29;1 - PARFAITE : reference identique;le traqueur saura ecrire son cout
DT60846-QZ;DeWALT DT60846-QZ — SDS-max 40x920x790 mm DT60846-QZ;194,44;NON;outil filaire ou ligne DX/DP — peu presente chez idealo
DWST540601;DeWALT DWST540601 — DWST540601;195,41;1 - PARFAITE : reference identique;le traqueur saura ecrire son cout
355/25;DeWALT 355/25 — 355/25;195,52;1 - PARFAITE : reference identique;le traqueur saura ecrire son cout
DT1921-QZ;DeWALT DT1921-QZ — DT1921-QZ;195,71;1 - PARFAITE : reference identique;le traqueur saura ecrire son cout
DT9447-QZ;DeWALT DT9447-QZ — SDS-max 42x570x450 mm DT9447-QZ;195,71;NON;outil filaire ou ligne DX/DP — peu presente chez idealo
DWAC02018;DeWALT DWAC02018 — DWAC02018 Fraise annulaire HSS 3,8 x 5,1 cm Soudure 1,9 cm;196,42;NON;outil filaire ou ligne DX/DP — peu presente chez idealo
DWST1-72339;DeWALT DWST1-72339 — DWST1-72339;196,52;1 - PARFAITE : reference identique;le traqueur saura ecrire son cout
DT90361-QZ;DeWALT DT90361-QZ — Jeu de scies cloches universelles BIM, 13 pièces (DT90361-QZ);196,97;NON;outil filaire ou ligne DX/DP — peu presente chez idealo
DT3894;DeWALT DT3894 — Couronne de forage sec diamant, G 1/2 pouce, 107 mm (DT3894);198,13;NON;outil filaire ou ligne DX/DP — peu presente chez idealo
DT60230-QZ;DeWALT DT60230-QZ — Foret Creux SDS-Max 16mm, Longueur 600mm (DT60230-QZ);198,20;NON;outil filaire ou ligne DX/DP — peu presente chez idealo
DWST550113;DeWALT DWST550113 — Ceinture Porte-Outils en Cuir 18 Poches Réglable (DWST550113);200,50;NON;outil filaire ou ligne DX/DP — peu presente chez idealo
DWST560102;DeWALT DWST560102 — Sac à Dos Porte-Outils Résistant à l'Eau (DWST560102);200,94;NON;outil filaire ou ligne DX/DP — peu presente chez idealo
DT9449-QZ;DeWALT DT9449-QZ — SDS-max 50x570x450 mm DT9449-QZ;201,82;NON;outil filaire ou ligne DX/DP — peu presente chez idealo
DT60233-QZ;DeWALT DT60233-QZ — DT60233-QZ Foret aspirant SDS-Max diamètre 24mm longueur 400mm;202,72;NON;outil filaire ou ligne DX/DP — peu presente chez idealo
DT1475-QZ;DeWALT DT1475-QZ — DT1475-QZ;204,08;1 - PARFAITE : reference identique;le traqueur saura ecrire son cout
DT9763;DeWALT DT9763 — Couronne de forage humide diamant, 1 1/4 pouce UNC, universel, 72 mm (DT9763);205,92;NON;outil filaire ou ligne DX/DP — peu presente chez idealo
DT70762-QZ;DeWALT DT70762-QZ — DT70762-QZ Coffret TOUGHCASE 85 Pièces - Forets Béton et Métal et Embouts de Vissage - Pour Perceuse-Visseuse et;206,76;NON;outil filaire ou ligne DX/DP — peu presente chez idealo
DWHT51064;DeWALT DWHT51064 — DWHT51064 Marteau de charpentier 625 g;207,06;NON;outil filaire ou ligne DX/DP — peu presente chez idealo
DWHT83550;DeWALT DWHT83550 — DWHT83550;208,74;1 - PARFAITE : reference identique;le traqueur saura ecrire son cout
DT1922-QZ;DeWALT DT1922-QZ — DT1922-QZ;210,49;1 - PARFAITE : reference identique;le traqueur saura ecrire son cout
DT9446-QZ;DeWALT DT9446-QZ — DT9446-QZ;211,74;1 - PARFAITE : reference identique;le traqueur saura ecrire son cout
DT6765-QZ;DeWALT DT6765-QZ — HBS DS-max 100x107 mm DT6765-QZ;211,74;NON;outil filaire ou ligne DX/DP — peu presente chez idealo
DT60232-QZ;DeWALT DT60232-QZ — Foret aspirant SDS-Max 20mm x 600mm (DT60232-QZ);212,95;NON;outil filaire ou ligne DX/DP — peu presente chez idealo
DWST60452-1;DeWALT DWST60452-1 — Tour TSTAK 3 en 1 Édition McLaren (DWST60452-1);213,76;NON;outil filaire ou ligne DX/DP — peu presente chez idealo
DWMT73802-1;DeWALT DWMT73802-1 — DWMT73802-1;217,15;1 - PARFAITE : reference identique;le traqueur saura ecrire son cout
DT6766-QZ;DeWALT DT6766-QZ — HB SDS-max 125x107 mm DT6766-QZ;219,92;NON;outil filaire ou ligne DX/DP — peu presente chez idealo
DWST83517-1;DeWALT DWST83517-1 — DWST83517-1;222,00;1 - PARFAITE : reference identique;le traqueur saura ecrire son cout
DT2323-QZ;DeWALT DT2323-QZ — 203 Métal 3-8 mm 100 pcs (DT2323-QZ);223,42;NON;outil filaire ou ligne DX/DP — peu presente chez idealo
DT20464-QZ;DeWALT DT20464-QZ — ELITE Series Disque Diamant Segmenté Ø350mm, Tous Usages (DT20464-QZ);223,54;NON;outil filaire ou ligne DX/DP — peu presente chez idealo
DWST540602;DeWALT DWST540602 — Ceinture Porte-Outils avec Bretelles, 25 Poches (DWST540602);224,74;NON;outil filaire ou ligne DX/DP — peu presente chez idealo
DT9814-QZ;DeWALT DT9814-QZ — DT9814-QZ;228,60;1 - PARFAITE : reference identique;le traqueur saura ecrire son cout
DT9764-QZ;"DeWALT DT9764-QZ — DT9764-QZ Corona de Diamante perforar en húmedo 78x400mm, acoplamiento 1 1/4"" UNC hembra Universal, Para material";229,18;NON;outil filaire ou ligne DX/DP — peu presente chez idealo
DT8354-QZ;DeWALT DT8354-QZ — DT8354-QZ;229,93;1 - PARFAITE : reference identique;le traqueur saura ecrire son cout
DT6784-QZ;DeWALT DT6784-QZ — HB SDS-max 80x300 mm DT6784-QZ;230,03;NON;outil filaire ou ligne DX/DP — peu presente chez idealo
DT9607-QZ;DeWALT DT9607-QZ — SDS-plus 22x1000x950 mm DT9607-QZ;230,09;NON;outil filaire ou ligne DX/DP — peu presente chez idealo
DT3896;DeWALT DT3896 — DT3896;231,17;1 - PARFAITE : reference identique;le traqueur saura ecrire son cout
AW2460;DeWALT AW2460 — Référence AW2460 — descriptif à compléter;231,52;NON;outil filaire ou ligne DX/DP — peu presente chez idealo
DSTSX35SE;DeWALT DSTSX35SE — DSTSX35SE Agrafes Inox, 5.6mm x 35mm;231,80;NON;outil filaire ou ligne DX/DP — peu presente chez idealo
DWST08530-1;DeWALT DWST08530-1 — ToughSystem 2.0 DXL (DWST08530-1);232,12;NON;outil filaire ou ligne DX/DP — peu presente chez idealo
DT9450-QZ;DeWALT DT9450-QZ — SDS-max 52x570x450 mm DT9450-QZ;232,72;NON;outil filaire ou ligne DX/DP — peu presente chez idealo
AW2734;DeWALT AW2734 — Référence AW2734 — descriptif à compléter;233,36;NON;outil filaire ou ligne DX/DP — peu presente chez idealo
DWHT71843;DeWALT DWHT71843 — DWHT71843 16-in-1 Multi-Tool by DEWALT;236,33;NON;outil filaire ou ligne DX/DP — peu presente chez idealo
DXTT-2-932;DeWALT DXTT-2-932 — Lame à enduire pro 813mm, acier inoxydable, flexible (DXTT-2-932);239,33;NON;outil filaire ou ligne DX/DP — peu presente chez idealo
DWST83448-1;DeWALT DWST83448-1 — Servante de chantier 3-en-1 DeWalt TSTAK DWST83448-1;244,97;NON;outil filaire ou ligne DX/DP — peu presente chez idealo
AW2265;DeWALT AW2265 — Référence AW2265 — descriptif à compléter;246,88;NON;outil filaire ou ligne DX/DP — peu presente chez idealo
HSS50;DeWALT HSS50 — DEWALT Mèche HSS 50 mm;247,06;NON;outil filaire ou ligne DX/DP — peu presente chez idealo
D125/8;DeWALT D125/8 — STF D125/8 125G 40 mm (200 pcs);248,03;NON;outil filaire ou ligne DX/DP — peu presente chez idealo
DT9767;DeWALT DT9767 — Couronne de forage humide diamantée, 1 1/4 pouces UNC, universel, 102 mm (DT9767);249,36;NON;outil filaire ou ligne DX/DP — peu presente chez idealo
DXWT-504;DeWALT DXWT-504 — DXWT-504;251,22;1 - PARFAITE : reference identique;le traqueur saura ecrire son cout
DE0735;DeWALT DE0735 — DE0735;252,72;1 - PARFAITE : reference identique;le traqueur saura ecrire son cout
DT3898;DeWALT DT3898 — Couronne de forage à sec diamantée, G 1/2 pouce, 152 mm (DT3898);253,04;NON;outil filaire ou ligne DX/DP — peu presente chez idealo
DWST08061-1;DeWALT DWST08061-1 — DWST08061-1;256,08;1 - PARFAITE : reference identique;le traqueur saura ecrire son cout
DT8973-QZ;DeWALT DT8973-QZ — SDS-plus 14x200x150 mm DT8973-QZ;257,14;NON;outil filaire ou ligne DX/DP — peu presente chez idealo
DWST83471;DeWALT DWST83471 — DWST83471;258,07;1 - PARFAITE : reference identique;le traqueur saura ecrire son cout
DXIR1FFMLP3;DeWALT DXIR1FFMLP3 — DXIR1FFMLP3 Masque Complet Léger Réutilisable Avec Filtres P3 - Taille L;259,76;NON;outil filaire ou ligne DX/DP — peu presente chez idealo
DE3472;DeWALT DE3472 — DE3472;265,93;1 - PARFAITE : reference identique;le traqueur saura ecrire son cout
DXWT-507LS;DeWALT DXWT-507LS — DXWT-507LS Diable Load Shift - Acier - 400 Kg;269,59;NON;outil filaire ou ligne DX/DP — peu presente chez idealo
DNF25R70S316E;DeWALT DNF25R70S316E — Clou en bobine DNF 70mm 3,6kSt. anneau (DNF25R70S316E);269,74;NON;outil filaire ou ligne DX/DP — peu presente chez idealo
DT60844-QZ;DeWALT DT60844-QZ — SDS-max 40x380x250 mm DT60844-QZ;276,14;NON;outil filaire ou ligne DX/DP — peu presente chez idealo
DT9773-QZ;"DeWALT DT9773-QZ — DT9773-QZ Corona de Diamante perforar en húmedo 152x400mm, acoplamiento 1 1/4"" UNC hembra Universal, Para materia";286,55;NON;outil filaire ou ligne DX/DP — peu presente chez idealo
DXWT-FT512;DeWALT DXWT-FT512 — DXWT-FT512;287,87;1 - PARFAITE : reference identique;le traqueur saura ecrire son cout
DT71516M-QZ;DeWALT DT71516M-QZ — DT71516M-QZ Coffret de 24 Tournevis pour Tableau de Bord;289,14;NON;outil filaire ou ligne DX/DP — peu presente chez idealo
DT70585T;DeWALT DT70585T — DT70585T;293,34;1 - PARFAITE : reference identique;le traqueur saura ecrire son cout
DT2400-QZ;DeWALT DT2400-QZ — Référence DT2400-QZ — descriptif à compléter;296,27;NON;outil filaire ou ligne DX/DP — peu presente chez idealo
DT9774-QZ;"DeWALT DT9774-QZ — DT9774-QZ - Corona de diamante para perforar en húmedo 162x400mm, acoplamiento 1 1/4"" UNC hembra universal, para";297,34;NON;outil filaire ou ligne DX/DP — peu presente chez idealo
DT9771-QZ;DeWALT DT9771-QZ — DT9771-QZ Couronne Diamant Forage en Eau, Jaune, 127 x 400 mm;298,51;NON;outil filaire ou ligne DX/DP — peu presente chez idealo
DT9765;DeWALT DT9765 — DT9765;299,15;1 - PARFAITE : reference identique;le traqueur saura ecrire son cout
STTDXWTPC710;DeWALT STTDXWTPC710 — Chariot de transport pliable - STTDXWTPC710;306,46;NON;outil filaire ou ligne DX/DP — peu presente chez idealo
DWST60490-1;DeWALT DWST60490-1 — Ensemble de chariots Tstak DEWALT DWST60490-1;306,58;NON;outil filaire ou ligne DX/DP — peu presente chez idealo
DT9768-QZ;"DeWALT DT9768-QZ — DT9768-QZ-Couronne diamant de forage sur peau humide 107 x 400 mm raccordement 1 1/4"" c un femelle universelle et";310,90;NON;outil filaire ou ligne DX/DP — peu presente chez idealo
DWMT81534-1;DeWALT DWMT81534-1 — DWMT81534-1;311,06;1 - PARFAITE : reference identique;le traqueur saura ecrire son cout
DT60235-QZ;DeWALT DT60235-QZ — DT60235-QZ Foret aspirant SDS-Max diamètre 32mm longueur 400mm;320,24;NON;outil filaire ou ligne DX/DP — peu presente chez idealo
DWST83412-1;DeWALT DWST83412-1 — Tour Tstak DWST83412-1;325,56;NON;outil filaire ou ligne DX/DP — peu presente chez idealo
DT2296-QZ;DeWALT DT2296-QZ — Coffret plastique de 10 lames XPC HCS BIM Spéciale Bois DT2296-QZ + DEWALT - Scie Sauteuse à Prise par le Corps B;326,34;NON;outil filaire ou ligne DX/DP — peu presente chez idealo
DWH161D1-QW;DeWALT DWH161D1-QW — DWH161D1-QW;217,38;1 - PARFAITE : reference identique;le traqueur saura ecrire son cout
DWMT81535-1;"DeWALT DWMT81535-1 — Jeu de douilles 1/4"", 3/8"" et 1/2"", 247 pièces (DWMT81535-1)";343,14;NON;outil filaire ou ligne DX/DP — peu presente chez idealo
DT9772;DeWALT DT9772 — DT9772;348,48;1 - PARFAITE : reference identique;le traqueur saura ecrire son cout
DWMT45341-1;DeWALT DWMT45341-1 — Jeu de douilles Dewalt 341 pièces 1/4, 3/8 et 1/2 DWMT45341-1;354,30;NON;outil filaire ou ligne DX/DP — peu presente chez idealo
DXWT-502;DeWALT DXWT-502 — DXWT-502;356,90;1 - PARFAITE : reference identique;le traqueur saura ecrire son cout
DWXAF201;DeWALT DWXAF201 — DWXAF201;368,20;1 - PARFAITE : reference identique;le traqueur saura ecrire son cout
DWST83401-1;DeWALT DWST83401-1 — DSTROLLEY ToughSystem 2.0 DS complet (DWST83401-1);385,94;NON;outil filaire ou ligne DX/DP — peu presente chez idealo
DNF50;DeWALT DNF50 — PowerCoil ongles DNF 50 mm 5.94 KST. Bague Tige, 1 pièce, dnf25r50s316e;407,75;NON;outil filaire ou ligne DX/DP — peu presente chez idealo
DT71706;DeWALT DT71706 — DT71706;411,94;1 - PARFAITE : reference identique;le traqueur saura ecrire son cout
DWST08260;DeWALT DWST08260 — Tough System DWST08260 Étagère de rangement pour garage Noir;440,38;NON;outil filaire ou ligne DX/DP — peu presente chez idealo
DT9778;DeWALT DT9778 — DT9778;505,90;1 - PARFAITE : reference identique;le traqueur saura ecrire son cout
R009P;DeWALT R009P — KS Tools 515.3250-R009P enclume 3/4 pouce;559,54;NON;outil filaire ou ligne DX/DP — peu presente chez idealo
DWST17820;DeWALT DWST17820 — TSTAK Boîte à Outils avec Roulettes, Boîte Profonde (DWST17820);713,70;NON;outil filaire ou ligne DX/DP — peu presente chez idealo
DWST98236-1;DeWALT DWST98236-1 — Servante d'Atelier McLaren F1 Team 5 Tiroirs 900mm (DWST98236-1);737,18;NON;outil filaire ou ligne DX/DP — peu presente chez idealo
DT20737B-QZ;DeWALT DT20737B-QZ — DT20737B-QZ;791,48;1 - PARFAITE : reference identique;le traqueur saura ecrire son cout
DT20735B-QZ;DeWALT DT20735B-QZ — Multi outil Lame de scie 100 Comprimés, 1 pièce, noir, noir, DT20735B-QZ 0 wattsW, 0 voltsV;900,89;NON;outil filaire ou ligne DX/DP — peu presente chez idealo
DT20732B-QZ;DeWALT DT20732B-QZ — DT20732B-QZ;1119,73;1 - PARFAITE : reference identique;le traqueur saura ecrire son cout
FVK271T2-QW;DeWALT FVK271T2-QW — Kit FVK271T2-QW 54V/18V (DCH333 + DCG418 + 2 x 6.0 Ah + DCB118 + TSTAK II + TSTAK VI);1291,62;NON;outil filaire ou ligne DX/DP — peu presente chez idealo
D36000-QS;DeWALT D36000-QS — D36000-QS;1330,15;1 - PARFAITE : reference identique;le traqueur saura ecrire son cout
FVK381T2-QW;DeWALT FVK381T2-QW — Kit FVK381T2-QW 54V/18V (DCH333 + DCD796 + DCG418 + 2 x 6.0 Ah + DCB118 + 2 x TSTAK II + TSTAK VI);1428,65;NON;outil filaire ou ligne DX/DP — peu presente chez idealo
DT50002-QZ;DeWALT DT50002-QZ — DT50002-QZ;12311,51;1 - PARFAITE : reference identique;le traqueur saura ecrire son cout
DCB117-QW;DeWALT DCB117-QW — DCB117-QW;144,20;NON;sans fil, mais aucune annonce sur les 67 pages
HYQ01;DeWALT HYQ01 — Outils électriques multifonctionnels DeWalt sans fil, meuleuse d'angle sans balais, coupeur, clé électrique, polisseuse,;144,54;NON;outil filaire ou ligne DX/DP — peu presente chez idealo
DCE4500;DeWALT DCE4500 — Tête d'outil réglable en cuivre de 2,2 cm pour DCE4500 (DCE450078);145,08;NON;sans fil, mais aucune annonce sur les 67 pages
DCE5601-XJ;DeWALT DCE5601-XJ — Support cartouche pour pistolet à mastic - - DCE5601-XJ;145,46;NON;sans fil, mais aucune annonce sur les 67 pages
DWE74912;DeWALT DWE74912 — DWE74912;146,09;1 - PARFAITE : reference identique;le traqueur saura ecrire son cout
D279017;DeWALT D279017 — 5 sacs à poussière D279017;146,96;NON;outil filaire ou ligne DX/DP — peu presente chez idealo
DWE20V;DeWALT DWE20V — Batterie Dewalt originale 60V/20V, batterie 5AH 6AH 9AH, batterie pour outils électriques DeWalt série DCF DCD DCG DCS D;146,99;NON;outil filaire ou ligne DX/DP — peu presente chez idealo
D26414;DeWALT D26414 — D26414;147,02;1 - PARFAITE : reference identique;le traqueur saura ecrire son cout
DXVCS002;DeWALT DXVCS002 — DXVCS002;147,30;1 - PARFAITE : reference identique;le traqueur saura ecrire son cout
DWAMF1280;DeWALT DWAMF1280 — Drill Bit Set / Screwdriver Set, 80-Piece (DWAMF1280);147,41;NON;outil filaire ou ligne DX/DP — peu presente chez idealo
N233859;DeWALT N233859 — Barre pour scie Stationnaire DeWALT N233859;147,72;NON;outil filaire ou ligne DX/DP — peu presente chez idealo
DCB090-XJ;DeWALT DCB090-XJ — DCB090-XJ;148,09;1 - PARFAITE : reference identique;le traqueur saura ecrire son cout
DCB124G;DeWALT DCB124G — DCB124G;148,51;1 - PARFAITE : reference identique;le traqueur saura ecrire son cout
DXV15A;DeWALT DXV15A — DXV15A;150,29;1 - PARFAITE : reference identique;le traqueur saura ecrire son cout
DXBC9002;DeWALT DXBC9002 — DXBC9002 Lot de 2 Sangles à cliquet rétractables automatiques de 5,1 cm x 3 m - Charge de Travail sûre de 0,5 kg/;151,28;NON;outil filaire ou ligne DX/DP — peu presente chez idealo
DE7777-XJ;"DeWALT DE7777-XJ — Kit de connecteur DeWalt DE7777-XJ; 100 mm";151,46;NON;outil filaire ou ligne DX/DP — peu presente chez idealo
DCMH3285;DeWALT DCMH3285 — DCMH3285 Tuyau d'arrosage robuste de qualité professionnelle 15,2 m x 1,6 cm pour jardin, jaune, noir;151,64;NON;sans fil, mais aucune annonce sur les 67 pages
DCN890;DeWALT DCN890 — Chasse-clous de rechange pour Cloueur à béton sans fil DCN890 (DCN8901-XJ);152,72;1 - PARFAITE : reference identique;le traqueur saura ecrire son cout
DCG409;DeWALT DCG409 — DEWALT-meuleuse d'angle DCG409, outil électrique sans fil sans balais 20V, machine de découpe, polisseuse portable recha;153,11;1 - PARFAITE : reference identique;le traqueur saura ecrire son cout
DW0802;DeWALT DW0802 — DW0802 33'. Laser Square;153,12;NON;outil filaire ou ligne DX/DP — peu presente chez idealo
N510599;DeWALT N510599 — OEM N510599 Poulie de rechange pour tondeuse à gazon DeWalt DCMW220X2 DCMW290H1 DCMW220P2;153,22;NON;outil filaire ou ligne DX/DP — peu presente chez idealo
DCMASBC1N-XJ;DeWALT DCMASBC1N-XJ — DCMASBC1N-XJ;153,35;1 - PARFAITE : reference identique;le traqueur saura ecrire son cout
DCBP034;DeWALT DCBP034 — DCBP034;154,42;1 - PARFAITE : reference identique;le traqueur saura ecrire son cout
AT-DXV20P;DeWALT AT-DXV20P — AT-DXV20P;154,50;1 - PARFAITE : reference identique;le traqueur saura ecrire son cout
DWMT19241-1;"DeWALT DWMT19241-1 — Coffret 22 pièces douilles et clé à cliquet 1/2"" (DWMT19241-1)";157,31;NON;outil filaire ou ligne DX/DP — peu presente chez idealo
DCB094K-QW;DeWALT DCB094K-QW — DCB094K-QW;157,44;1 - PARFAITE : reference identique;le traqueur saura ecrire son cout
DWHT0-43172;DeWALT DWHT0-43172 — DWHT0-43172;157,57;1 - PARFAITE : reference identique;le traqueur saura ecrire son cout
DWE4217;DeWALT DWE4217 — DWE4217;157,68;1 - PARFAITE : reference identique;le traqueur saura ecrire son cout
DWE4237-QS;DeWALT DWE4237-QS — DWE4237-QS;157,81;1 - PARFAITE : reference identique;le traqueur saura ecrire son cout
DWE4207-QS;DeWALT DWE4207-QS — DWE4207-QS;158,21;1 - PARFAITE : reference identique;le traqueur saura ecrire son cout
DWH050-XJ;DeWALT DWH050-XJ — DWH050-XJ;158,71;1 - PARFAITE : reference identique;le traqueur saura ecrire son cout
DWE4203;DeWALT DWE4203 — DWE4203;159,30;1 - PARFAITE : reference identique;le traqueur saura ecrire son cout
AT-DXV20PC;DeWALT AT-DXV20PC — AT-DXV20PC;161,93;1 - PARFAITE : reference identique;le traqueur saura ecrire son cout
DT60839-QZ;DeWALT DT60839-QZ — Marteau perforateur DEWALT SDS-max 35x670x540 mm DT60839-QZ Quantité:1;161,29;NON;outil filaire ou ligne DX/DP — peu presente chez idealo
DWE46225;DeWALT DWE46225 — DWE46225;161,34;1 - PARFAITE : reference identique;le traqueur saura ecrire son cout
DCF809NT;DeWALT DCF809NT — DCF809NT;161,65;1 - PARFAITE : reference identique;le traqueur saura ecrire son cout
D28011;DeWALT D28011 — D28011;162,82;1 - PARFAITE : reference identique;le traqueur saura ecrire son cout
DCD708NT;DeWALT DCD708NT — DCD708NT;162,97;1 - PARFAITE : reference identique;le traqueur saura ecrire son cout
DCS3501;DeWALT DCS3501 — DCS3501 Lot de matrices de découpe de rechange;163,96;NON;sans fil, mais aucune annonce sur les 67 pages
DCF801N-XJ;DeWALT DCF801N-XJ — DCF801N-XJ;164,10;1 - PARFAITE : reference identique;le traqueur saura ecrire son cout
DT99593-QZ;DeWALT DT99593-QZ — DT99593-QZ Lame de Scie Alligator HSS XR Extreme de 430 mm de longueur pour bois dur, 0 W, 0 V, Noir, 430 mm;164,29;NON;outil filaire ou ligne DX/DP — peu presente chez idealo
DWT2151643;DeWALT DWT2151643 — Telecoms Powerbank 2 ports 10000mAh (DWT2151643);164,74;NON;outil filaire ou ligne DX/DP — peu presente chez idealo
DCB183;DeWALT DCB183 — DCB183 Lot de 2 batteries XR 18 V 2,0 Ah pour DCD785, DCD985, DCF885, Dcs391, Dcs331;165,00;NON;sans fil, mais aucune annonce sur les 67 pages
DWD112S;DeWALT DWD112S — DWD112S;166,07;1 - PARFAITE : reference identique;le traqueur saura ecrire son cout
DCB140;DeWALT DCB140 — DCB140;166,38;1 - PARFAITE : reference identique;le traqueur saura ecrire son cout
DWD024KS;DeWALT DWD024KS — DWD024KS;167,30;1 - PARFAITE : reference identique;le traqueur saura ecrire son cout
DCF601N;DeWALT DCF601N — DCF601N;175,27;1 - PARFAITE : reference identique;le traqueur saura ecrire son cout
DCB115E2-QW;DeWALT DCB115E2-QW — 2 Batteries Powerstack XR 18V 1.7Ah ( DCB115E2-QW );168,53;NON;sans fil, mais aucune annonce sur les 67 pages
DWE5615-QS;DeWALT DWE5615-QS — DWE5615-QS;168,53;1 - PARFAITE : reference identique;le traqueur saura ecrire son cout
DCF787N-SFXJ;DeWALT DCF787N-SFXJ — Visseuse à choc sans fil brushless DeWalt DCF787N-SFXJ 18V Li-ion XR - Sans batterie;168,68;NON;sans fil, mais aucune annonce sur les 67 pages
DPSB2IN1-XJ;DeWALT DPSB2IN1-XJ — DPSB2IN1-XJ;168,73;1 - PARFAITE : reference identique;le traqueur saura ecrire son cout
DCBP318-XJ;DeWALT DCBP318-XJ — DCBP318-XJ;169,81;1 - PARFAITE : reference identique;le traqueur saura ecrire son cout
DW6184;DeWALT DW6184 — DW6184 Base fixe (pour routeur DW616/618);170,09;NON;outil filaire ou ligne DX/DP — peu presente chez idealo
DCDW101;DeWALT DCDW101 — DCDW101;170,86;1 - PARFAITE : reference identique;le traqueur saura ecrire son cout
DCV517N-XJ;DeWALT DCV517N-XJ — DCV517N-XJ;170,99;1 - PARFAITE : reference identique;le traqueur saura ecrire son cout
DCF85M;DeWALT DCF85M — Perceuse et visseuse à chocs sans balais DEWALT DCF85M 20V | Outil électrique avec couple de 205 Nm, 0-3250 tr/min, mand;402,38;NON;sans fil, mais aucune annonce sur les 67 pages
DC528N;DeWALT DC528N — DC 528N;171,22;NON;sans fil, mais aucune annonce sur les 67 pages
DCBP518;DeWALT DCBP518 — DCBP518;172,55;1 - PARFAITE : reference identique;le traqueur saura ecrire son cout
DWE4016D2;DeWALT DWE4016D2 — DWE4016D2;173,16;1 - PARFAITE : reference identique;le traqueur saura ecrire son cout
DWE4884-QS;DeWALT DWE4884-QS — DWE4884-QS;173,33;1 - PARFAITE : reference identique;le traqueur saura ecrire son cout
DWE4233;DeWALT DWE4233 — DWE4233;174,29;1 - PARFAITE : reference identique;le traqueur saura ecrire son cout
DWE4206-QS;DeWALT DWE4206-QS — DWE4206-QS;174,37;1 - PARFAITE : reference identique;le traqueur saura ecrire son cout
DCMHT520N-XJ;DeWALT DCMHT520N-XJ — DCMHT520N-XJ;174,66;1 - PARFAITE : reference identique;le traqueur saura ecrire son cout
DXMA1902092;DeWALT DXMA1902092 — Écouteurs True Wireless Bluetooth 37h IP56 Jaune (DXMA1902092);176,05;NON;outil filaire ou ligne DX/DP — peu presente chez idealo
DCB112D2;DeWALT DCB112D2 — DCB112D2 Pack de batteries DEWALT 18V 2.0Ah Li-Ion - 2 batteries + Chargeur DCB112;176,71;NON;sans fil, mais aucune annonce sur les 67 pages
DCB203;DeWALT DCB203 — DCB203 Lithium-ION 2000mAh 20V Batterie Rechargeable - Batteries Rechargeables (2000 mAh, Lithium-ION (Li-ION), 2;176,90;NON;sans fil, mais aucune annonce sur les 67 pages
DWE6421K;"DeWALT DWE6421K — DWE6421K Random Orbit Sander Kit, 5""";176,94;NON;outil filaire ou ligne DX/DP — peu presente chez idealo
DCMASPS5N-XJ;DeWALT DCMASPS5N-XJ — DCMASPS5N-XJ;177,36;1 - PARFAITE : reference identique;le traqueur saura ecrire son cout
DCE5801;DeWALT DCE5801 — DCE5801 Couplage de tube transparent pour les canons chimiques XR DCE560 et DCE580;185,99;NON;sans fil, mais aucune annonce sur les 67 pages
D26441;DeWALT D26441 — D26441;178,30;1 - PARFAITE : reference identique;le traqueur saura ecrire son cout
DWHT77200;DeWALT DWHT77200 — DWHT77200;178,64;1 - PARFAITE : reference identique;le traqueur saura ecrire son cout
DWE492-QS;DeWALT DWE492-QS — DWE492-QS;178,82;1 - PARFAITE : reference identique;le traqueur saura ecrire son cout
DW099S-XJ;DeWALT DW099S-XJ — DW099S-XJ;179,90;1 - PARFAITE : reference identique;le traqueur saura ecrire son cout
DWE4227;DeWALT DWE4227 — DWE4227;186,92;1 - PARFAITE : reference identique;le traqueur saura ecrire son cout
DWE4156KD;DeWALT DWE4156KD — DWE4156KD;180,94;1 - PARFAITE : reference identique;le traqueur saura ecrire son cout
DZN930;DeWALT DZN930 — DZN930;183,44;1 - PARFAITE : reference identique;le traqueur saura ecrire son cout
DT90355-QZ;DeWALT DT90355-QZ — Set de scies-cloches bimétallique Extreme pour plombier 11 pièces (DT90355-QZ);183,44;NON;outil filaire ou ligne DX/DP — peu presente chez idealo
DPSSX38-XJ;DeWALT DPSSX38-XJ — DPSSX38-XJ;182,70;1 - PARFAITE : reference identique;le traqueur saura ecrire son cout
DCD710;DeWALT DCD710 — DCD710;184,33;1 - PARFAITE : reference identique;le traqueur saura ecrire son cout
DT90353;DeWALT DT90353 — DT90353;185,90;1 - PARFAITE : reference identique;le traqueur saura ecrire son cout
DWE490;DeWALT DWE490 — DWE490;187,01;1 - PARFAITE : reference identique;le traqueur saura ecrire son cout
DCF880N;DeWALT DCF880N — DCF880N;187,07;1 - PARFAITE : reference identique;le traqueur saura ecrire son cout
DW274;DeWALT DW274 — DW274;187,33;1 - PARFAITE : reference identique;le traqueur saura ecrire son cout
DCR019;DeWALT DCR019 — DCR019;167,10;1 - PARFAITE : reference identique;le traqueur saura ecrire son cout
DXV20P;DeWALT DXV20P — DXV20P;187,42;1 - PARFAITE : reference identique;le traqueur saura ecrire son cout
AT-DXV15T;DeWALT AT-DXV15T — AT-DXV15T;184,42;1 - PARFAITE : reference identique;le traqueur saura ecrire son cout
DCS353B;DeWALT DCS353B — DCS353B Outil oscillant sans fil Lithium-Ion 12 V MAX (outil uniquement);191,66;3 - BONNE : N/NT/T ramenes au meme modele;le traqueur saura ecrire son cout
DT90352-QZ;DeWALT DT90352-QZ — DT90352-QZ Jeu de scies-cloches 16 mm, 20 mm, 25 mm, 32 mm, 40 mm, 51 mm, 64 mm 11 pc(s);193,27;NON;outil filaire ou ligne DX/DP — peu presente chez idealo
D25133K;DeWALT D25133K — D25133K;194,47;1 - PARFAITE : reference identique;le traqueur saura ecrire son cout
DPS8016;DeWALT DPS8016 — DPS8016;194,57;1 - PARFAITE : reference identique;le traqueur saura ecrire son cout
DCD778N;DeWALT DCD778N — DCD778N Perceuse à marteau mixte sans balais 18 V, 65 Nm XR Li-Ion;195,88;3 - BONNE : N/NT/T ramenes au meme modele;le traqueur saura ecrire son cout
AT-DXV20PTA;DeWALT AT-DXV20PTA — AT-DXV20PTA;196,09;1 - PARFAITE : reference identique;le traqueur saura ecrire son cout
DNP612;DeWALT DNP612 — DNP612;197,30;1 - PARFAITE : reference identique;le traqueur saura ecrire son cout
DCL040E1;DeWALT DCL040E1 — DCL 040 E1 Lampe LED sans fil 18 V 110 lm + 1x Powerstack batterie 1,7 Ah + chargeur;197,36;NON;sans fil, mais aucune annonce sur les 67 pages
DWE315-QS;DeWALT DWE315-QS — DWE315-QS;197,68;1 - PARFAITE : reference identique;le traqueur saura ecrire son cout
DCE560;DeWALT DCE560 — Kit de conversion du tube d'extrusion en acrylique DEWALT (pour sachets de 600 ml) pour DCE 560 Quantité:1;198,13;NON;sans fil, mais aucune annonce sur les 67 pages
DW089;DeWALT DW089 — Niveau laser DEWALT DW089 12V, nivellement automatique, alarme sonore/lumineuse, alignement mural et au sol, constructio;199,38;3 - BONNE : N/NT/T ramenes au meme modele;le traqueur saura ecrire son cout
DWMT45424;DeWALT DWMT45424 — DWMT45424 Ensemble d'outils de mécanicien, 84 pièces SAE/métriques avec cliquet à profil bas 72 dents, entraîneme;200,32;NON;outil filaire ou ligne DX/DP — peu presente chez idealo
DPN1850PP-XJ;DeWALT DPN1850PP-XJ — DPN1850PP-XJ;201,97;1 - PARFAITE : reference identique;le traqueur saura ecrire son cout
DCC018N;DeWALT DCC018N — DCC018N;202,98;1 - PARFAITE : reference identique;le traqueur saura ecrire son cout
DWE550;DeWALT DWE550 — DWE550;203,03;1 - PARFAITE : reference identique;le traqueur saura ecrire son cout
DCS312N-XJ;DeWALT DCS312N-XJ — DCS312N-XJ;203,38;1 - PARFAITE : reference identique;le traqueur saura ecrire son cout
DCB1106;DeWALT DCB1106 — DCB1106 12V/20V 6 Amp Max Corded Compact Charger;204,08;NON;sans fil, mais aucune annonce sur les 67 pages
DWE4238;DeWALT DWE4238 — DWE4238;207,29;1 - PARFAITE : reference identique;le traqueur saura ecrire son cout
DW03050;DeWALT DW03050 — DW03050;205,51;1 - PARFAITE : reference identique;le traqueur saura ecrire son cout
D25304DH;DeWALT D25304DH — D25304DH;206,44;1 - PARFAITE : reference identique;le traqueur saura ecrire son cout
DCF921N-XJ;DeWALT DCF921N-XJ — DCF921N-XJ;206,95;1 - PARFAITE : reference identique;le traqueur saura ecrire son cout
DCN9301;DeWALT DCN9301 — DCN9301;207,23;1 - PARFAITE : reference identique;le traqueur saura ecrire son cout
DXVCS003;DeWALT DXVCS003 — DXVCS003;160,03;1 - PARFAITE : reference identique;le traqueur saura ecrire son cout
DCG412N-XJ;DeWALT DCG412N-XJ — DCG412N-XJ;207,76;1 - PARFAITE : reference identique;le traqueur saura ecrire son cout
DCS512N;DeWALT DCS512N — DCS512N;210,91;1 - PARFAITE : reference identique;le traqueur saura ecrire son cout
DCB1880-XJ;DeWALT DCB1880-XJ — DCB1880-XJ;220,94;1 - PARFAITE : reference identique;le traqueur saura ecrire son cout
DCW200;DeWALT DCW200 — DCW200;213,96;1 - PARFAITE : reference identique;le traqueur saura ecrire son cout
DCD776D1-QW;DeWALT DCD776D1-QW — DCD776D1-QW Perceuse à percussion à batterie 18V 1x2 Ah Li-Ion;214,19;NON;sans fil, mais aucune annonce sur les 67 pages
DWMT73801-1;"DeWALT DWMT73801-1 — DWMT73801-1 Ensemble d'outils de mécanicien 108 pièces métriques impériales 1/4"" 3/8""";214,54;NON;outil filaire ou ligne DX/DP — peu presente chez idealo
DWE4277;DeWALT DWE4277 — DWE4277;216,05;1 - PARFAITE : reference identique;le traqueur saura ecrire son cout
DCB189-XJ;DeWALT DCB189-XJ — DCB189-XJ DCB189-XJ-Batería carril XR 18V Li-ION 4,0Ah;216,32;NON;sans fil, mais aucune annonce sur les 67 pages
DCB182;DeWALT DCB182 — DCB182 Lot de 2 batteries XR Li-Ion 18 V 4 Ah 18 V;216,70;NON;sans fil, mais aucune annonce sur les 67 pages
DXV23PTA;DeWALT DXV23PTA — Aspirateur eau et poussières 1150W - cuve 23L + prise asservie - DXV23PTA DEWALT;217,03;3 - BONNE : N/NT/T ramenes au meme modele;le traqueur saura ecrire son cout
DT90360-QZ;DeWALT DT90360-QZ — DT90360-QZ Jeu de scies-cloches 20 mm, 22 mm, 25 mm, 32 mm, 35 mm, 44 mm, 51 mm, 64 mm 12 pc(s);217,15;NON;outil filaire ou ligne DX/DP — peu presente chez idealo
DWE74911;DeWALT DWE74911 — Machine stand (DWE74911);217,26;NON;outil filaire ou ligne DX/DP — peu presente chez idealo
DCD771D2-QW;DeWALT DCD771D2-QW — DCD771D2-QW;217,60;1 - PARFAITE : reference identique;le traqueur saura ecrire son cout
D215804-XJ;DeWALT D215804-XJ — D215804-XJ Extracteur de poussière et connexion, Noir, 1/2inch;218,08;NON;outil filaire ou ligne DX/DP — peu presente chez idealo
DWMT73801;"DeWALT DWMT73801 — Ensemble d'outils DeWalt DWMT73801; 108 unités";218,33;NON;outil filaire ou ligne DX/DP — peu presente chez idealo
DPN2330-XJ;DeWALT DPN2330-XJ — DPN2330-XJ;219,05;1 - PARFAITE : reference identique;le traqueur saura ecrire son cout
DCD716D2;DeWALT DCD716D2 — DCD716D2;219,49;1 - PARFAITE : reference identique;le traqueur saura ecrire son cout
DWH205DH-XJ;DeWALT DWH205DH-XJ — DWH205DH-XJ;220,22;1 - PARFAITE : reference identique;le traqueur saura ecrire son cout
DCD740;DeWALT DCD740 — DCD740;222,44;1 - PARFAITE : reference identique;le traqueur saura ecrire son cout
AT-DXV23P-QT;DeWALT AT-DXV23P-QT — AT-DXV23P-QT;222,92;1 - PARFAITE : reference identique;le traqueur saura ecrire son cout
DCH133N;DeWALT DCH133N — DCH133N;223,87;1 - PARFAITE : reference identique;le traqueur saura ecrire son cout
DCD703NT;DeWALT DCD703NT — DCD703NT;226,20;1 - PARFAITE : reference identique;le traqueur saura ecrire son cout
DCMST561N-XJ;DeWALT DCMST561N-XJ — DCMST561N-XJ;226,28;1 - PARFAITE : reference identique;le traqueur saura ecrire son cout
DW0822-XJ;DeWALT DW0822-XJ — DW0822-XJ;227,60;1 - PARFAITE : reference identique;le traqueur saura ecrire son cout
DXBC90006;DeWALT DXBC90006 — DXBC90006 Kit de récupération de Corde de remorquage cinétique Robuste de 2,2 cm x 9,2 m avec 2 manilles Souples;229,88;NON;outil filaire ou ligne DX/DP — peu presente chez idealo
DCMASED9N-XJ;DeWALT DCMASED9N-XJ — DCMASED9N-XJ Tête De Coupe À Bras Articulé Pour Coupe-bordures;230,28;NON;sans fil, mais aucune annonce sur les 67 pages
DCD701D2;DeWALT DCD701D2 — DCD701D2;231,52;1 - PARFAITE : reference identique;le traqueur saura ecrire son cout
DCL045-XJ;DeWALT DCL045-XJ — DCL045-XJ;232,22;1 - PARFAITE : reference identique;le traqueur saura ecrire son cout
DCH072N;DeWALT DCH072N — DCH072N;232,56;1 - PARFAITE : reference identique;le traqueur saura ecrire son cout
DCHJ067B-L;DeWALT DCHJ067B-L — DCHJ067B-L Veste chauffante à capuche nue, 20 V/12 V MAX, noir, taille L;233,02;NON;sans fil, mais aucune annonce sur les 67 pages
DWE494-QS;DeWALT DWE494-QS — DWE494-QS;233,16;1 - PARFAITE : reference identique;le traqueur saura ecrire son cout
DCE100B;DeWALT DCE100B — Souffleur 20 V Max* pour Chantier, Compact, Outil Uniquement (DCE100B);236,16;NON;sans fil, mais aucune annonce sur les 67 pages
DCF923N;DeWALT DCF923N — DCF923N;236,53;1 - PARFAITE : reference identique;le traqueur saura ecrire son cout
DXV30SAPTA;DeWALT DXV30SAPTA — DXV30SAPTA;237,85;1 - PARFAITE : reference identique;le traqueur saura ecrire son cout
DW275KN;DeWALT DW275KN — DW275KN;238,57;1 - PARFAITE : reference identique;le traqueur saura ecrire son cout
AT-DXV30SAPTA;DeWALT AT-DXV30SAPTA — AT-DXV30SAPTA;239,75;1 - PARFAITE : reference identique;le traqueur saura ecrire son cout
DCD706D2;DeWALT DCD706D2 — DCD706D2;240,05;1 - PARFAITE : reference identique;le traqueur saura ecrire son cout
EUDXV34P;DeWALT EUDXV34P — EUDXV34P;241,37;1 - PARFAITE : reference identique;le traqueur saura ecrire son cout
DCS571N;DeWALT DCS571N — DCS571N;241,37;1 - PARFAITE : reference identique;le traqueur saura ecrire son cout
DCF903B;DeWALT DCF903B — DCF903B XTREME 12V MAX Brushless 3/8 in. Cordless Impact Wrench (Tool Only);241,92;3 - BONNE : N/NT/T ramenes au meme modele;le traqueur saura ecrire son cout
DCB104-QW;DeWALT DCB104-QW — DCB104-QW;243,38;1 - PARFAITE : reference identique;le traqueur saura ecrire son cout
DCF622;DeWALT DCF622 — DCF622;243,55;1 - PARFAITE : reference identique;le traqueur saura ecrire son cout
DXV234P;DeWALT DXV234P — DXV234P;244,93;1 - PARFAITE : reference identique;le traqueur saura ecrire son cout
DWE496;DeWALT DWE496 — DWE496;244,94;1 - PARFAITE : reference identique;le traqueur saura ecrire son cout
DCG407NT-XJ;DeWALT DCG407NT-XJ — DCG407NT-XJ;246,34;1 - PARFAITE : reference identique;le traqueur saura ecrire son cout
D25303DH-XJ;DeWALT D25303DH-XJ — D25303DH-XJ;246,88;1 - PARFAITE : reference identique;le traqueur saura ecrire son cout
DPN1664PP-XJ;DeWALT DPN1664PP-XJ — DPN1664PP-XJ;250,13;1 - PARFAITE : reference identique;le traqueur saura ecrire son cout
DCDW104;DeWALT DCDW104 — DCDW104;250,49;1 - PARFAITE : reference identique;le traqueur saura ecrire son cout
DCS380;DeWALT DCS380 — DCS380;251,17;1 - PARFAITE : reference identique;le traqueur saura ecrire son cout
DCB1404-QW;DeWALT DCB1404-QW — XR Chargeur QUADPORT 4A, DCB1404-QW;251,42;NON;sans fil, mais aucune annonce sur les 67 pages
DCD991;DeWALT DCD991 — DCD991;252,46;1 - PARFAITE : reference identique;le traqueur saura ecrire son cout
DW341K;DeWALT DW341K — DW341K;252,90;1 - PARFAITE : reference identique;le traqueur saura ecrire son cout
DCF504;DeWALT DCF504 — DCF504;252,90;1 - PARFAITE : reference identique;le traqueur saura ecrire son cout
DCF503N-XJ;DeWALT DCF503N-XJ — DCF503N-XJ;254,95;1 - PARFAITE : reference identique;le traqueur saura ecrire son cout
DCF500N-XJ;DeWALT DCF500N-XJ — DCF500N-XJ;255,71;1 - PARFAITE : reference identique;le traqueur saura ecrire son cout
DCF815N;DeWALT DCF815N — DCF815N;256,08;1 - PARFAITE : reference identique;le traqueur saura ecrire son cout
D215852-XJ;DeWALT D215852-XJ — D215852-XJ-ramasseur D215851 eau pour;256,16;NON;outil filaire ou ligne DX/DP — peu presente chez idealo
DCH033N-XJ;DeWALT DCH033N-XJ — DCH033N-XJ;258,34;1 - PARFAITE : reference identique;le traqueur saura ecrire son cout
TD.POWERSET5007;DeWALT TD.POWERSET5007 — TD.POWERSET5007;259,79;1 - PARFAITE : reference identique;le traqueur saura ecrire son cout
DCB1104-6;DeWALT DCB1104-6 — Pack de 6 chargeurs DeWALT DCB1104-6 (DCB1104 - 12V 18V);259,79;NON;sans fil, mais aucune annonce sur les 67 pages
DCF513N-XJ;DeWALT DCF513N-XJ — DCF513N-XJ;260,58;1 - PARFAITE : reference identique;le traqueur saura ecrire son cout
DT3115-QZ;DeWALT DT3115-QZ — Ponceuse Excentrique XR 18V 125mm Brushless - Appareil Électrique Sans Fil - Régulateur de Vitesse - Prise en Mai;261,67;NON;outil filaire ou ligne DX/DP — peu presente chez idealo
DCM561;DeWALT DCM561 — DCM561;262,81;1 - PARFAITE : reference identique;le traqueur saura ecrire son cout
DWMT19230;DeWALT DWMT19230 — Ensemble de clés à cliquet métriques, 12 pièces (DWMT19230);263,36;NON;outil filaire ou ligne DX/DP — peu presente chez idealo
DCS382N;DeWALT DCS382N — DCS382N;263,44;1 - PARFAITE : reference identique;le traqueur saura ecrire son cout
DXCMD155PE;DeWALT DXCMD155PE — DXCMD155PE;264,67;1 - PARFAITE : reference identique;le traqueur saura ecrire son cout
DCD795NT-XJ;DeWALT DCD795NT-XJ — DCD795NT-XJ Perceuse-visseuse compact 18 V sans batterie/accessoires avec T-Stak Box ii;264,98;3 - BONNE : N/NT/T ramenes au meme modele;le traqueur saura ecrire son cout
DCMBA572N;DeWALT DCMBA572N — DCMBA572N;265,97;1 - PARFAITE : reference identique;le traqueur saura ecrire son cout
DCG413N;DeWALT DCG413N — Meuleuse d'angle sans fil DeWalt 115 mm avec interrupteur à bascule 18 V, sans batterie DCG413N;267,00;NON;sans fil, mais aucune annonce sur les 67 pages
DCHJ080B-XL;DeWALT DCHJ080B-XL — DCHJ080B-XL DCHJ080B Sweat à capuche chauffant Gris XL;267,23;NON;sans fil, mais aucune annonce sur les 67 pages
DCL043-XJ;DeWALT DCL043-XJ — Projecteur de Chantier Compact XR Sans Fil - Sans Batterie Ni Chargeur & Lampe Projecteur LED XR 18V, 1.000 lumen;268,32;NON;sans fil, mais aucune annonce sur les 67 pages
DCK211D2T-QW;DeWALT DCK211D2T-QW — DCK211D2T-QW;268,61;1 - PARFAITE : reference identique;le traqueur saura ecrire son cout
DWD524KS;DeWALT DWD524KS — DWD524KS;269,05;1 - PARFAITE : reference identique;le traqueur saura ecrire son cout
DWE4557;DeWALT DWE4557 — DWE4557;269,39;1 - PARFAITE : reference identique;le traqueur saura ecrire son cout
DW264K;DeWALT DW264K — DW264K;269,42;1 - PARFAITE : reference identique;le traqueur saura ecrire son cout
DCH263N;DeWALT DCH263N — DCH263N;233,48;1 - PARFAITE : reference identique;le traqueur saura ecrire son cout
DCH253N;DeWALT DCH253N — DCH253N;273,66;1 - PARFAITE : reference identique;le traqueur saura ecrire son cout
DWE575K;DeWALT DWE575K — DWE575K;273,66;1 - PARFAITE : reference identique;le traqueur saura ecrire son cout
DCDW105;DeWALT DCDW105 — DCDW105;274,85;1 - PARFAITE : reference identique;le traqueur saura ecrire son cout
D28492S;DeWALT D28492S — D28492S;275,77;1 - PARFAITE : reference identique;le traqueur saura ecrire son cout
DCM562P1;DeWALT DCM562P1 — DCM562P1;277,49;1 - PARFAITE : reference identique;le traqueur saura ecrire son cout
DCF901NT;DeWALT DCF901NT — DCF901NT;279,49;1 - PARFAITE : reference identique;le traqueur saura ecrire son cout
DCK266NT;DeWALT DCK266NT — DCK266NT Perceuse visseuse à percussion (DCD796) Visseuse à chocs (DCF887) - (sans batterie ni chargeur) en TSTAK;281,28;NON;sans fil, mais aucune annonce sur les 67 pages
DCMAS5713N;DeWALT DCMAS5713N — DCMAS5713N;281,71;1 - PARFAITE : reference identique;le traqueur saura ecrire son cout
DCDW107;DeWALT DCDW107 — DCDW107;281,88;1 - PARFAITE : reference identique;le traqueur saura ecrire son cout
DCDW106-XJ;"DeWALT DCDW106-XJ — Couronne de perçage à eau diamantée 122mm, longueur de travail 400mm, 1 1/4"" UNC (DCDW106-XJ)";281,88;NON;sans fil, mais aucune annonce sur les 67 pages
DEWDCS565N;DeWALT DEWDCS565N — DEWDCS565N;283,32;1 - PARFAITE : reference identique;le traqueur saura ecrire son cout
D25144K-QS;DeWALT D25144K-QS — Référence D25144K-QS — descriptif à compléter;283,33;1 - PARFAITE : reference identique;le traqueur saura ecrire son cout
DPC6MRC-QS;DeWALT DPC6MRC-QS — DEWALT Compresseur de montage DPC6MRC-QS Quantité:1;284,38;1 - PARFAITE : reference identique;le traqueur saura ecrire son cout
DCS373N;DeWALT DCS373N — DCS373N;284,80;1 - PARFAITE : reference identique;le traqueur saura ecrire son cout
DCF860N-XJ;DeWALT DCF860N-XJ — DCF860N-XJ;286,82;1 - PARFAITE : reference identique;le traqueur saura ecrire son cout
D21441;DeWALT D21441 — D21441;286,73;1 - PARFAITE : reference identique;le traqueur saura ecrire son cout
DCMHT573N-XJ;DeWALT DCMHT573N-XJ — DCMHT573N-XJ;287,12;1 - PARFAITE : reference identique;le traqueur saura ecrire son cout
DWE4357-QS;DeWALT DWE4357-QS — DWE4357-QS;289,13;1 - PARFAITE : reference identique;le traqueur saura ecrire son cout
DWE4559;DeWALT DWE4559 — DWE4559;290,54;1 - PARFAITE : reference identique;le traqueur saura ecrire son cout
DCD790D2;DeWALT DCD790D2 — DCD790D2;291,66;1 - PARFAITE : reference identique;le traqueur saura ecrire son cout
DWD522KS;DeWALT DWD522KS — DWD522KS;293,35;1 - PARFAITE : reference identique;le traqueur saura ecrire son cout
DWE4369-QS;DeWALT DWE4369-QS — INOX DWE4369-QS;295,30;NON;outil filaire ou ligne DX/DP — peu presente chez idealo
DCMHT567N-XJ;DeWALT DCMHT567N-XJ — DCMHT567N-XJ;303,94;1 - PARFAITE : reference identique;le traqueur saura ecrire son cout
DCE154N;DeWALT DCE154N — DCE154N;296,56;1 - PARFAITE : reference identique;le traqueur saura ecrire son cout
DXCMS2524HE;DeWALT DXCMS2524HE — DXCMS2524HE;296,59;1 - PARFAITE : reference identique;le traqueur saura ecrire son cout
DCD100M2T;DeWALT DCD100M2T — DCD100M2T;296,60;1 - PARFAITE : reference identique;le traqueur saura ecrire son cout
DWE4579;DeWALT DWE4579 — DWE4579;296,60;1 - PARFAITE : reference identique;le traqueur saura ecrire son cout
DXV34P-QT;DeWALT DXV34P-QT — DXV34P-QT;304,07;1 - PARFAITE : reference identique;le traqueur saura ecrire son cout
DXPW001U;DeWALT DXPW001U — DXPW001U - Nettoyeur haute pression à eau froide - 160 bars - 480 l/h;304,78;3 - BONNE : N/NT/T ramenes au meme modele;le traqueur saura ecrire son cout
DW268K;DeWALT DW268K — DW268K;309,01;1 - PARFAITE : reference identique;le traqueur saura ecrire son cout
DCG430N;DeWALT DCG430N — DCG430N;310,10;1 - PARFAITE : reference identique;le traqueur saura ecrire son cout
DWD241-QS;DeWALT DWD241-QS — DWD241-QS;311,33;1 - PARFAITE : reference identique;le traqueur saura ecrire son cout
48-0026;DeWALT 48-0026 — 48-0026;313,06;1 - PARFAITE : reference identique;le traqueur saura ecrire son cout
DW680K;DeWALT DW680K — DW680K;313,98;1 - PARFAITE : reference identique;le traqueur saura ecrire son cout
DCF913B;DeWALT DCF913B — DCF913B 20V MAX 3/8 in. Cordless Impact Wrench with Hog Ring Anvil (Tool Only);348,24;NON;sans fil, mais aucune annonce sur les 67 pages
AT-DXV34PTA;DeWALT AT-DXV34PTA — AT-DXV34PTA;314,46;1 - PARFAITE : reference identique;le traqueur saura ecrire son cout
D28730;DeWALT D28730 — D28730;315,14;1 - PARFAITE : reference identique;le traqueur saura ecrire son cout
DWE4347-QS;DeWALT DWE4347-QS — DWE4347-QS;316,12;1 - PARFAITE : reference identique;le traqueur saura ecrire son cout
DWS773;DeWALT DWS773 — DWS773;316,28;1 - PARFAITE : reference identique;le traqueur saura ecrire son cout
DCS565NT-XJ;DeWALT DCS565NT-XJ — DCS565NT-XJ;316,33;1 - PARFAITE : reference identique;le traqueur saura ecrire son cout
DWP849X;DeWALT DWP849X — DWP849X;320,83;1 - PARFAITE : reference identique;le traqueur saura ecrire son cout
DCH243N-XJ;DeWALT DCH243N-XJ — DCH243N-XJ 18 V Bare Unit Cordless Rotary Ha mmer;321,65;NON;sans fil, mais aucune annonce sur les 67 pages
DCF514N;DeWALT DCF514N — DCF514N;322,43;1 - PARFAITE : reference identique;le traqueur saura ecrire son cout
DT40251-QZ;DeWALT DT40251-QZ — Scie circulaire XR 18VBL - sans Batterie ni Chargeur - Multi-matériaux 115 mm Jaune & DT40251-QZ Extreme Metal 11;322,52;NON;outil filaire ou ligne DX/DP — peu presente chez idealo
DW331K;DeWALT DW331K — DW331K;323,32;1 - PARFAITE : reference identique;le traqueur saura ecrire son cout
DMF1550-XJ;DeWALT DMF1550-XJ — DMF1550-XJ;324,26;1 - PARFAITE : reference identique;le traqueur saura ecrire son cout
DCPW550B;DeWALT DCPW550B — DCPW550B Power Cleaner Jaune/Noir;324,94;NON;sans fil, mais aucune annonce sur les 67 pages
DCMBL777;DeWALT DCMBL777 — DCMBL777;327,47;1 - PARFAITE : reference identique;le traqueur saura ecrire son cout
QT960W;DeWALT QT960W — Aspirateur eau et poussière DeWalt DXVP-QT 960W 34L 230V;327,47;NON;outil filaire ou ligne DX/DP — peu presente chez idealo
DCF897N-XJ;DeWALT DCF897N-XJ — DCF897N-XJ;342,19;1 - PARFAITE : reference identique;le traqueur saura ecrire son cout
DCGG571NK-XJ;DeWALT DCGG571NK-XJ — DCGG571NK-XJ;330,37;1 - PARFAITE : reference identique;le traqueur saura ecrire son cout
DWMT19231;DeWALT DWMT19231 — Jeu de clés à cliquet SAE, flexibles, 12 pièces (DWMT19231);332,62;NON;outil filaire ou ligne DX/DP — peu presente chez idealo
DCM849;DeWALT DCM849 — DCM849;333,74;1 - PARFAITE : reference identique;le traqueur saura ecrire son cout
DCK2060D2T;DeWALT DCK2060D2T — DCK2060D2T;334,25;1 - PARFAITE : reference identique;le traqueur saura ecrire son cout
DW304PK;DeWALT DW304PK — DW304PK;335,02;1 - PARFAITE : reference identique;le traqueur saura ecrire son cout
DCR027;DeWALT DCR027 — DCR027;335,41;1 - PARFAITE : reference identique;le traqueur saura ecrire son cout
DCE088NG18-XJ;DeWALT DCE088NG18-XJ — DCE088NG18-XJ;338,58;1 - PARFAITE : reference identique;le traqueur saura ecrire son cout
DCN701N;DeWALT DCN701N — DCN701N;339,84;1 - PARFAITE : reference identique;le traqueur saura ecrire son cout
DCF894N-XJ;"DeWALT DCF894N-XJ — Clé à Chocs Compacte 1/2"" XR 18V sans Batterie ni Chargeur DCF894N-XJ";339,86;3 - BONNE : N/NT/T ramenes au meme modele;le traqueur saura ecrire son cout
DCG421N-XJ;DeWALT DCG421N-XJ — DCG421N-XJ;339,86;1 - PARFAITE : reference identique;le traqueur saura ecrire son cout
DCF892NT-XJ;DeWALT DCF892NT-XJ — DCF892NT-XJ;340,00;1 - PARFAITE : reference identique;le traqueur saura ecrire son cout
DCG404;DeWALT DCG404 — DCG404;341,03;1 - PARFAITE : reference identique;le traqueur saura ecrire son cout
DXCMS15RE;DeWALT DXCMS15RE — DXCMS15RE Compresseur Silencieux Sans Huile - 5 L - 10 Bars;341,15;NON;outil filaire ou ligne DX/DP — peu presente chez idealo
DWE4997-QS;DeWALT DWE4997-QS — DWE4997-QS;342,06;1 - PARFAITE : reference identique;le traqueur saura ecrire son cout
DCS491;DeWALT DCS491 — DCS491;346,21;1 - PARFAITE : reference identique;le traqueur saura ecrire son cout
DCM571N;DeWALT DCM571N — DCM571N;348,32;1 - PARFAITE : reference identique;le traqueur saura ecrire son cout
DCM572N-XJ;DeWALT DCM572N-XJ — DCM572N-XJ;348,48;1 - PARFAITE : reference identique;le traqueur saura ecrire son cout
DCDW102-XJ;DeWALT DCDW102-XJ — DCDW102-XJ DCDW102-XJ Couronne de perçage à eau diamantée 61 mm 1 pc(s);350,20;NON;sans fil, mais aucune annonce sur les 67 pages
DCDW108;DeWALT DCDW108 — DCDW108;350,21;1 - PARFAITE : reference identique;le traqueur saura ecrire son cout
DCK795S2T;DeWALT DCK795S2T — DCK795S2T;350,89;1 - PARFAITE : reference identique;le traqueur saura ecrire son cout
DT70523TM-QZ;DeWALT DT70523TM-QZ — DT70523TM-QZ DT70523TM-QZ-Expositor Merchandiser DT70523T x 12;352,18;NON;outil filaire ou ligne DX/DP — peu presente chez idealo
DCD86MP1T-QW;DeWALT DCD86MP1T-QW — Cordless Impact Drill/Driver DCD86MP1T-QW;352,85;NON;sans fil, mais aucune annonce sur les 67 pages
DCF86MP1T;DeWALT DCF86MP1T — McLaren F1 Team DCF86MP1T 18V 1x 5,0 Ah und Ladegerät in TSTAK;352,92;NON;sans fil, mais aucune annonce sur les 67 pages
D26500K;DeWALT D26500K — D26500K;352,93;1 - PARFAITE : reference identique;le traqueur saura ecrire son cout
DXCMS156RE;DeWALT DXCMS156RE — DXCMS156RE;353,11;1 - PARFAITE : reference identique;le traqueur saura ecrire son cout
DCF520;DeWALT DCF520 — DCF520;353,26;1 - PARFAITE : reference identique;le traqueur saura ecrire son cout
DCL079-XJ;DeWALT DCL079-XJ — DCL079-XJ;354,65;1 - PARFAITE : reference identique;le traqueur saura ecrire son cout
DCK2067D2T-QW;DeWALT DCK2067D2T-QW — Référence DCK2067D2T-QW — descriptif à compléter;355,04;NON;sans fil, mais aucune annonce sur les 67 pages
DW0811;DeWALT DW0811 — DW0811;357,24;1 - PARFAITE : reference identique;le traqueur saura ecrire son cout
DPN46RN-XJ;DeWALT DPN46RN-XJ — DPN46RN-XJ;357,61;1 - PARFAITE : reference identique;le traqueur saura ecrire son cout
DCK2110L2T-QW;DeWALT DCK2110L2T-QW — DCK2110L2T-QW;357,96;1 - PARFAITE : reference identique;le traqueur saura ecrire son cout
DCB283BC;DeWALT DCB283BC — Pack 2 batteries bluetooth 18V 2Ah + Adapt USB - DCB283BC;358,27;NON;sans fil, mais aucune annonce sur les 67 pages
DCF902D2-QW;DeWALT DCF902D2-QW — DCF902D2-QW;359,77;1 - PARFAITE : reference identique;le traqueur saura ecrire son cout
DCB205;DeWALT DCB205 — DCB205 Non-Batterie Rechargeable-Piles;344,24;NON;sans fil, mais aucune annonce sur les 67 pages
D25333K;DeWALT D25333K — D25333K;360,71;1 - PARFAITE : reference identique;le traqueur saura ecrire son cout
DCK2062D2T-QW;DeWALT DCK2062D2T-QW — DCK2062D2T-QW;361,49;1 - PARFAITE : reference identique;le traqueur saura ecrire son cout
DCE050N-XJ;DeWALT DCE050N-XJ — DCE050N-XJ;363,96;1 - PARFAITE : reference identique;le traqueur saura ecrire son cout
DCS578NT-XJ;DeWALT DCS578NT-XJ — DCS578NT-XJ;364,67;1 - PARFAITE : reference identique;le traqueur saura ecrire son cout
DCD85MM2T;DeWALT DCD85MM2T — McLaren DCD85MM2T Impact Drill incl. 2nd Battery, incl. Charger;365,42;NON;sans fil, mais aucune annonce sur les 67 pages
DPN1564APP;DeWALT DPN1564APP — DPN1564APP;392,33;1 - PARFAITE : reference identique;le traqueur saura ecrire son cout
DCB549-XJ;DeWALT DCB549-XJ — DCB549-XJ;366,83;1 - PARFAITE : reference identique;le traqueur saura ecrire son cout
DCDW103-XJ;DeWALT DCDW103-XJ — DCDW103-XJ DCDW103-XJ Couronne de perçage à eau diamantée 82 mm 1 pc(s);232,91;1 - PARFAITE : reference identique;le traqueur saura ecrire son cout
DWMT73803;DeWALT DWMT73803 — DWMT73803;368,75;1 - PARFAITE : reference identique;le traqueur saura ecrire son cout
DWST1-81079;DeWALT DWST1-81079 — DWST1-81079;372,94;1 - PARFAITE : reference identique;le traqueur saura ecrire son cout
DCS389NT-XJ;DeWALT DCS389NT-XJ — DCS389NT-XJ;374,46;1 - PARFAITE : reference identique;le traqueur saura ecrire son cout
DCM651PB-S;DeWALT DCM651PB-S — DCM651PB-S;376,32;1 - PARFAITE : reference identique;le traqueur saura ecrire son cout
DCW682NT-XJ;DeWALT DCW682NT-XJ — DCW682NT-XJ;376,60;1 - PARFAITE : reference identique;le traqueur saura ecrire son cout
DCGG581N-XJ;DeWALT DCGG581N-XJ — Pompe à graisse 18V DCGG581N-XJ DEWALT;377,86;NON;sans fil, mais aucune annonce sur les 67 pages
DPN64C-XJ;DeWALT DPN64C-XJ — DPN64C-XJ;377,99;1 - PARFAITE : reference identique;le traqueur saura ecrire son cout
DPN75C-XJ;DeWALT DPN75C-XJ — DPN75C-XJ;486,74;1 - PARFAITE : reference identique;le traqueur saura ecrire son cout
DXCMS2550HE;DeWALT DXCMS2550HE — DXCMS2550HE;382,76;1 - PARFAITE : reference identique;le traqueur saura ecrire son cout
DCE0822D1R;DeWALT DCE0822D1R — DCE0822D1R;384,16;1 - PARFAITE : reference identique;le traqueur saura ecrire son cout
DW294;DeWALT DW294 — DW294;384,36;1 - PARFAITE : reference identique;le traqueur saura ecrire son cout
DCS377NT-XJ;DeWALT DCS377NT-XJ — DCS377NT-XJ;384,71;1 - PARFAITE : reference identique;le traqueur saura ecrire son cout
DCE580N-XJ;DeWALT DCE580N-XJ — DCE580N-XJ;386,56;1 - PARFAITE : reference identique;le traqueur saura ecrire son cout
DWE6005;DeWALT DWE6005 — DWE6005;388,81;1 - PARFAITE : reference identique;le traqueur saura ecrire son cout
DT60302-QZ;DeWALT DT60302-QZ — Référence DT60302-QZ — descriptif à compléter;391,07;NON;outil filaire ou ligne DX/DP — peu presente chez idealo
DCG414;DeWALT DCG414 — DCG414;392,47;1 - PARFAITE : reference identique;le traqueur saura ecrire son cout
DCMCS574N-XJ;DeWALT DCMCS574N-XJ — DCMCS574N-XJ;393,12;1 - PARFAITE : reference identique;le traqueur saura ecrire son cout
D28885;DeWALT D28885 — D28885;397,54;1 - PARFAITE : reference identique;le traqueur saura ecrire son cout
DCD8052;DeWALT DCD8052 — DCD8052;397,60;1 - PARFAITE : reference identique;le traqueur saura ecrire son cout
D26203;DeWALT D26203 — D26203;399,88;1 - PARFAITE : reference identique;le traqueur saura ecrire son cout
DW23700;DeWALT DW23700 — DW23700;401,27;1 - PARFAITE : reference identique;le traqueur saura ecrire son cout
DXPW002U-QS;DeWALT DXPW002U-QS — DXPW002U-QS;402,52;1 - PARFAITE : reference identique;le traqueur saura ecrire son cout
DCK791;DeWALT DCK791 — DCK791;404,18;1 - PARFAITE : reference identique;le traqueur saura ecrire son cout
DCK796D2T;DeWALT DCK796D2T — DCK796D2T;411,16;1 - PARFAITE : reference identique;le traqueur saura ecrire son cout
DXRH012E;DeWALT DXRH012E — DXRH012E;412,42;1 - PARFAITE : reference identique;le traqueur saura ecrire son cout
DWS774;DeWALT DWS774 — DWS774;413,36;1 - PARFAITE : reference identique;le traqueur saura ecrire son cout
2-PACK;DeWALT 2-PACK — 2-PACK;413,51;1 - PARFAITE : reference identique;le traqueur saura ecrire son cout
DWS5023;DeWALT DWS5023 — DWS5023;413,51;1 - PARFAITE : reference identique;le traqueur saura ecrire son cout
DCE0825D1R;DeWALT DCE0825D1R — DCE0825D1R;448,10;1 - PARFAITE : reference identique;le traqueur saura ecrire son cout
DCE571N-XJ;DeWALT DCE571N-XJ — Pistolet à mastic sans fil DEWALT DCE571N-XJ 18V Li-Ion XR, sans batterie;414,89;NON;sans fil, mais aucune annonce sur les 67 pages
DXF1645A;DeWALT DXF1645A — DXF1645A;415,85;1 - PARFAITE : reference identique;le traqueur saura ecrire son cout
DCE581NK;DeWALT DCE581NK — DCE581NK;417,76;1 - PARFAITE : reference identique;le traqueur saura ecrire son cout
D28715;DeWALT D28715 — D28715;418,44;1 - PARFAITE : reference identique;le traqueur saura ecrire son cout
D28710;DeWALT D28710 — D28710;419,54;1 - PARFAITE : reference identique;le traqueur saura ecrire son cout
DCM5713N-XJ;DeWALT DCM5713N-XJ — DCM5713N-XJ;426,41;1 - PARFAITE : reference identique;le traqueur saura ecrire son cout
DCK2020P2T-QW;DeWALT DCK2020P2T-QW — DCK2020P2T-QW;427,04;1 - PARFAITE : reference identique;le traqueur saura ecrire son cout
DCD732M2;DeWALT DCD732M2 — DCD732M2;427,79;1 - PARFAITE : reference identique;le traqueur saura ecrire son cout
DCZ100P2KT-QW;DeWALT DCZ100P2KT-QW — DCZ100P2KT-QW;429,37;1 - PARFAITE : reference identique;le traqueur saura ecrire son cout
DCPR320B;DeWALT DCPR320B — Dewalt DCPR320B Sécateur sans fil 20 V MAX;431,12;NON;sans fil, mais aucune annonce sur les 67 pages
DCD81MP2T;DeWALT DCD81MP2T — McLaren DCD81MP2T;524,38;NON;sans fil, mais aucune annonce sur les 67 pages
DCE825NG18-XJ;DeWALT DCE825NG18-XJ — DCE825NG18-XJ;432,06;1 - PARFAITE : reference identique;le traqueur saura ecrire son cout
DXF1853;DeWALT DXF1853 — DXF1853;433,31;1 - PARFAITE : reference identique;le traqueur saura ecrire son cout
DCH274N;DeWALT DCH274N — DCH274N;433,44;1 - PARFAITE : reference identique;le traqueur saura ecrire son cout
DCF92MP2T;DeWALT DCF92MP2T — McLaren F1 Team DCF92MP2T 18V 2x 5,0 Ah und Ladegerät in TSTAK;482,16;NON;sans fil, mais aucune annonce sur les 67 pages
D26204K;DeWALT D26204K — D26204K;437,77;1 - PARFAITE : reference identique;le traqueur saura ecrire son cout
DCS350NT-XJ;DeWALT DCS350NT-XJ — DCS350NT-XJ;438,08;1 - PARFAITE : reference identique;le traqueur saura ecrire son cout
DCE0811;DeWALT DCE0811 — DCE0811;438,29;1 - PARFAITE : reference identique;le traqueur saura ecrire son cout
DCD240N-XJ;DeWALT DCD240N-XJ — DCD240N-XJ;439,31;1 - PARFAITE : reference identique;le traqueur saura ecrire son cout
DCS577N-XJ;DeWALT DCS577N-XJ — DCS577N-XJ;444,65;1 - PARFAITE : reference identique;le traqueur saura ecrire son cout
DWP611;DeWALT DWP611 — DWP611 Routeur compact à couple variable 1,25 HP avec LED DEWALT;445,72;NON;outil filaire ou ligne DX/DP — peu presente chez idealo
DCS496N-XJ;DeWALT DCS496N-XJ — DCS496N-XJ;446,18;1 - PARFAITE : reference identique;le traqueur saura ecrire son cout
DCK268P2T;DeWALT DCK268P2T — DCK268P2T;452,81;1 - PARFAITE : reference identique;le traqueur saura ecrire son cout
DCD792NT;DeWALT DCD792NT — DCD792NT;456,35;1 - PARFAITE : reference identique;le traqueur saura ecrire son cout
DCMCS575N-XJ;DeWALT DCMCS575N-XJ — DCMCS575N-XJ;456,58;1 - PARFAITE : reference identique;le traqueur saura ecrire son cout
DCB1104-12;DeWALT DCB1104-12 — Pack de 12 chargeurs DeWALT DCB1104-12 (DCB1104 - 12V 18V);457,94;NON;sans fil, mais aucune annonce sur les 67 pages
D21520;DeWALT D21520 — D21520;458,63;1 - PARFAITE : reference identique;le traqueur saura ecrire son cout
DWK211;DeWALT DWK211 — DWK211;460,34;1 - PARFAITE : reference identique;le traqueur saura ecrire son cout
DCS575N-XJ;DeWALT DCS575N-XJ — DCS575N-XJ Scie Circulaire XR Flexvolt 54V Brushless 190 mm sans Batterie ni Chargeur, Jaune, Taille Unique;460,99;3 - BONNE : N/NT/T ramenes au meme modele;le traqueur saura ecrire son cout
DW621-QS;DeWALT DW621-QS — DW621-QS;462,61;1 - PARFAITE : reference identique;le traqueur saura ecrire son cout
DCLE14301GB-XJ;DeWALT DCLE14301GB-XJ — DCLE14301GB-XJ;464,34;1 - PARFAITE : reference identique;le traqueur saura ecrire son cout
DCK2061D2T-QW;DeWALT DCK2061D2T-QW — DCK2061D2T-QW;465,67;1 - PARFAITE : reference identique;le traqueur saura ecrire son cout
DCN681N;DeWALT DCN681N — DCN681N;468,23;1 - PARFAITE : reference identique;le traqueur saura ecrire son cout
DWV901L;DeWALT DWV901L — DWV901L;468,88;1 - PARFAITE : reference identique;le traqueur saura ecrire son cout
DXF2067;DeWALT DXF2067 — Ventilateur de Sol Tambour 110W 50cm (DXF2067);470,10;NON;outil filaire ou ligne DX/DP — peu presente chez idealo
D25810K;DeWALT D25810K — D25810K;470,15;1 - PARFAITE : reference identique;le traqueur saura ecrire son cout
DPN9033;DeWALT DPN9033 — DPN9033;471,10;1 - PARFAITE : reference identique;le traqueur saura ecrire son cout
DW333K;DeWALT DW333K — DW333K;471,82;1 - PARFAITE : reference identique;le traqueur saura ecrire son cout
DCV586MN;DeWALT DCV586MN — DCV586MN;471,97;1 - PARFAITE : reference identique;le traqueur saura ecrire son cout
DCG460NK-XJ;DeWALT DCG460NK-XJ — DCG460NK-XJ;474,36;1 - PARFAITE : reference identique;le traqueur saura ecrire son cout
DWE396;DeWALT DWE396 — DWE396;475,36;1 - PARFAITE : reference identique;le traqueur saura ecrire son cout
DCF964N-XJ;DeWALT DCF964N-XJ — DCF964N-XJ;476,84;1 - PARFAITE : reference identique;le traqueur saura ecrire son cout
D21570K;DeWALT D21570K — D21570K;481,34;1 - PARFAITE : reference identique;le traqueur saura ecrire son cout
DCK2050E2T;DeWALT DCK2050E2T — DCK2050E2T;481,79;1 - PARFAITE : reference identique;le traqueur saura ecrire son cout
DCM586N;DeWALT DCM586N — DCM586N;481,87;1 - PARFAITE : reference identique;le traqueur saura ecrire son cout
DCK2080P2T;DeWALT DCK2080P2T — DCK2080P2T;484,42;1 - PARFAITE : reference identique;le traqueur saura ecrire son cout
DCN650N-XJ;DeWALT DCN650N-XJ — DCN650N-XJ;485,47;1 - PARFAITE : reference identique;le traqueur saura ecrire son cout
DCS378;DeWALT DCS378 — DCS378;486,58;1 - PARFAITE : reference identique;le traqueur saura ecrire son cout
P2LRT;DeWALT P2LRT — DCG 406 P2LRT;490,56;NON;outil filaire ou ligne DX/DP — peu presente chez idealo
DCG200NT;DeWALT DCG200NT — DCG200NT;495,18;1 - PARFAITE : reference identique;le traqueur saura ecrire son cout
DPN90C-XJ;DeWALT DPN90C-XJ — DPN90C-XJ;497,50;1 - PARFAITE : reference identique;le traqueur saura ecrire son cout
DCLE34031N-XJ;DeWALT DCLE34031N-XJ — DCLE34031N-XJ;498,14;1 - PARFAITE : reference identique;le traqueur saura ecrire son cout
DCG45MP2T;DeWALT DCG45MP2T — DCG45MP2T;500,96;1 - PARFAITE : reference identique;le traqueur saura ecrire son cout
DCE822NG18-XJ;DeWALT DCE822NG18-XJ — DCE822NG18-XJ;506,03;1 - PARFAITE : reference identique;le traqueur saura ecrire son cout
DCMST911N-XJ;DeWALT DCMST911N-XJ — DCMST911N-XJ;506,03;1 - PARFAITE : reference identique;le traqueur saura ecrire son cout
DCF6201;DeWALT DCF6201 — DCF6201;506,54;1 - PARFAITE : reference identique;le traqueur saura ecrire son cout
DCMWP134N-XJ;DeWALT DCMWP134N-XJ — DCMWP134N-XJ;507,29;1 - PARFAITE : reference identique;le traqueur saura ecrire son cout
DCLE14251GB-XJ;DeWALT DCLE14251GB-XJ — DCLE14251GB-XJ;506,99;1 - PARFAITE : reference identique;le traqueur saura ecrire son cout
DCK2051P2T-QW;DeWALT DCK2051P2T-QW — Référence DCK2051P2T-QW — descriptif à compléter;506,99;3 - BONNE : N/NT/T ramenes au meme modele;le traqueur saura ecrire son cout
DCH333N;DeWALT DCH333N — DCH333N;507,00;1 - PARFAITE : reference identique;le traqueur saura ecrire son cout
DWK206;DeWALT DWK206 — DWK206;509,70;1 - PARFAITE : reference identique;le traqueur saura ecrire son cout
DCR017;DeWALT DCR017 — DCR017;510,20;1 - PARFAITE : reference identique;le traqueur saura ecrire son cout
DEWPDCK266P2;DeWALT DEWPDCK266P2 — DEWPDCK266P2;512,27;1 - PARFAITE : reference identique;le traqueur saura ecrire son cout
DCF403NT-XJ;DeWALT DCF403NT-XJ — DCF403NT-XJ;516,41;1 - PARFAITE : reference identique;le traqueur saura ecrire son cout
PPACK0001;DeWALT PPACK0001 — PowerPack visseuse à chocs et meuleuse d'angle (2x5,0 Ah) - DEWALT PPACK0001;518,64;NON;outil filaire ou ligne DX/DP — peu presente chez idealo
DWS5021;DeWALT DWS5021 — Scie circulaire plongeante 1300 w dewalt - dws520kt & Serre-joints pour Rails de Guidage DWS5021, DWS5022, DWS502;518,89;NON;outil filaire ou ligne DX/DP — peu presente chez idealo
D25430K;DeWALT D25430K — D25430K;519,35;1 - PARFAITE : reference identique;le traqueur saura ecrire son cout
DXWDMMA200E;DeWALT DXWDMMA200E — DXWDMMA200E;519,47;1 - PARFAITE : reference identique;le traqueur saura ecrire son cout
DCN662NT-XJ;DeWALT DCN662NT-XJ — DCN662NT-XJ;520,34;1 - PARFAITE : reference identique;le traqueur saura ecrire son cout
DWK208;DeWALT DWK208 — DWK208;523,02;1 - PARFAITE : reference identique;le traqueur saura ecrire son cout
DCCS1100N;DeWALT DCCS1100N — DCCS1100N;525,49;1 - PARFAITE : reference identique;le traqueur saura ecrire son cout
DWK201;DeWALT DWK201 — DWK201;528,02;1 - PARFAITE : reference identique;le traqueur saura ecrire son cout
DCE085D1G;DeWALT DCE085D1G — DCE085D1G;529,68;1 - PARFAITE : reference identique;le traqueur saura ecrire son cout
DCK2026P2T-QW;DeWALT DCK2026P2T-QW — Référence DCK2026P2T-QW — descriptif à compléter;531,50;NON;sans fil, mais aucune annonce sur les 67 pages
DCK2222MP2T-QW;DeWALT DCK2222MP2T-QW — McLaren 18V Kombopack DCK2222MP2T-QW;535,84;NON;sans fil, mais aucune annonce sur les 67 pages
DCE6820N-XJ;DeWALT DCE6820N-XJ — DCE6820N-XJ 1 pc(s);536,63;NON;sans fil, mais aucune annonce sur les 67 pages
DCD470N;DeWALT DCD470N — Battery-powered angle drill DCD470N;537,98;NON;sans fil, mais aucune annonce sur les 67 pages
DWK212;DeWALT DWK212 — DWK212;541,63;1 - PARFAITE : reference identique;le traqueur saura ecrire son cout
D25481K-QS;DeWALT D25481K-QS — D25481K-QS;549,00;1 - PARFAITE : reference identique;le traqueur saura ecrire son cout
DCMCST632N-XJ;DeWALT DCMCST632N-XJ — Tronçonneuse à Batterie Top-Handle 30cm, 54V (DCMCST632N-XJ);550,08;NON;sans fil, mais aucune annonce sur les 67 pages
DWK200;DeWALT DWK200 — DWK200;550,22;1 - PARFAITE : reference identique;le traqueur saura ecrire son cout
DCE800N-XJ;DeWALT DCE800N-XJ — DCE800N-XJ;553,45;1 - PARFAITE : reference identique;le traqueur saura ecrire son cout
DWK204;DeWALT DWK204 — DWK204;555,18;1 - PARFAITE : reference identique;le traqueur saura ecrire son cout
DWK209;DeWALT DWK209 — DWK209;555,18;1 - PARFAITE : reference identique;le traqueur saura ecrire son cout
DCMPS635N-XJ;DeWALT DCMPS635N-XJ — DCMPS635N-XJ;555,18;1 - PARFAITE : reference identique;le traqueur saura ecrire son cout
DCS397N;DeWALT DCS397N — DCS397N;557,56;1 - PARFAITE : reference identique;le traqueur saura ecrire son cout
DWE399-QS;DeWALT DWE399-QS — DWE399-QS;558,78;1 - PARFAITE : reference identique;le traqueur saura ecrire son cout
DCMST922N-XJ;DeWALT DCMST922N-XJ — Débroussailleuse 54V DCMST922N-XJ DEWALT;562,25;NON;sans fil, mais aucune annonce sur les 67 pages
DCK2102L2T-QW;DeWALT DCK2102L2T-QW — DCK2102L2T-QW;565,04;1 - PARFAITE : reference identique;le traqueur saura ecrire son cout
WDCK796D2KX-QW;DeWALT WDCK796D2KX-QW — WDCK796D2KX-QW;566,58;1 - PARFAITE : reference identique;le traqueur saura ecrire son cout
DCN682N;DeWALT DCN682N — DCN682N;567,31;1 - PARFAITE : reference identique;le traqueur saura ecrire son cout
DCMBC812N-XJ;DeWALT DCMBC812N-XJ — DCMBC812N-XJ;567,31;1 - PARFAITE : reference identique;le traqueur saura ecrire son cout
4250887742883;DeWALT 4250887742883 — 4250887742883;567,58;1 - PARFAITE : reference identique;le traqueur saura ecrire son cout
DWK207;DeWALT DWK207 — DWK207;568,66;1 - PARFAITE : reference identique;le traqueur saura ecrire son cout
DWE398;DeWALT DWE398 — DWE398;571,14;1 - PARFAITE : reference identique;le traqueur saura ecrire son cout
DWK205;DeWALT DWK205 — DWK205;577,15;1 - PARFAITE : reference identique;le traqueur saura ecrire son cout
DCS777N;DeWALT DCS777N — DCS777N;577,58;1 - PARFAITE : reference identique;le traqueur saura ecrire son cout
DCF99MP2T;DeWALT DCF99MP2T — McLaren F1 Team DCF99MP2T 2x 5,0 Ah + Ladegerät;581,15;NON;sans fil, mais aucune annonce sur les 67 pages
DCK200MP2T;DeWALT DCK200MP2T — DCK200MP2T;584,59;1 - PARFAITE : reference identique;le traqueur saura ecrire son cout
DCN950N-XJ;DeWALT DCN950N-XJ — DCN950N-XJ;585,16;1 - PARFAITE : reference identique;le traqueur saura ecrire son cout
DCH416NT-XJ;DeWALT DCH416NT-XJ — DCH416NT-XJ;585,60;1 - PARFAITE : reference identique;le traqueur saura ecrire son cout
DPC17PS;DeWALT DPC17PS — DPC17PS;588,30;1 - PARFAITE : reference identique;le traqueur saura ecrire son cout
DEWDCN680N;DeWALT DEWDCN680N — DEWDCN680N;589,94;1 - PARFAITE : reference identique;le traqueur saura ecrire son cout
DWK202;DeWALT DWK202 — DWK202;590,96;1 - PARFAITE : reference identique;le traqueur saura ecrire son cout
DWK203;DeWALT DWK203 — DWK203;590,96;1 - PARFAITE : reference identique;le traqueur saura ecrire son cout
D25334K-QS;DeWALT D25334K-QS — D25334K-QS;593,12;1 - PARFAITE : reference identique;le traqueur saura ecrire son cout
DWE627KT-QS;DeWALT DWE627KT-QS — DWE627KT-QS;594,91;1 - PARFAITE : reference identique;le traqueur saura ecrire son cout
DCH481N;DeWALT DCH481N — FlexVolt DCH 481 N;598,06;NON;sans fil, mais aucune annonce sur les 67 pages
DCS365N;DeWALT DCS365N — DCS365N;601,74;1 - PARFAITE : reference identique;le traqueur saura ecrire son cout
DCH832XN-XJ;DeWALT DCH832XN-XJ — DCH832XN-XJ;605,59;1 - PARFAITE : reference identique;le traqueur saura ecrire son cout
DCK2101L2T;DeWALT DCK2101L2T — DCK2101L2T;605,84;1 - PARFAITE : reference identique;le traqueur saura ecrire son cout
DCH254M2;DeWALT DCH254M2 — DCH254M2;609,96;1 - PARFAITE : reference identique;le traqueur saura ecrire son cout
DWE7485-QS;DeWALT DWE7485-QS — DWE7485-QS;610,97;1 - PARFAITE : reference identique;le traqueur saura ecrire son cout
DCMW564N-XJ;DeWALT DCMW564N-XJ — DCMW564N-XJ;613,51;1 - PARFAITE : reference identique;le traqueur saura ecrire son cout
GBH18V;DeWALT GBH18V — Bosch Professional 18V System Perceuse sans fil GBH 18V-21 & 18V System Akku Kreissäge GKS 18V-57 G (Sägeblatt-Ø: 165 mm;617,56;NON;outil filaire ou ligne DX/DP — peu presente chez idealo
DCS388N;DeWALT DCS388N — DCS388N;621,10;1 - PARFAITE : reference identique;le traqueur saura ecrire son cout
DCBPSC0550-QW;DeWALT DCBPSC0550-QW — Chargeur Powershift™ 550W - DCBPSC0550-QW DEWALT;624,02;NON;sans fil, mais aucune annonce sur les 67 pages
DCK2052H2T-QW;DeWALT DCK2052H2T-QW — DCK2052H2T-QW;624,28;1 - PARFAITE : reference identique;le traqueur saura ecrire son cout
DCK384P2T-QW;DeWALT DCK384P2T-QW — DCK384P2T-QW;626,88;1 - PARFAITE : reference identique;le traqueur saura ecrire son cout
D25832K-QS;DeWALT D25832K-QS — D25832K-QS;629,69;1 - PARFAITE : reference identique;le traqueur saura ecrire son cout
DWK210;DeWALT DWK210 — DWK210;636,48;1 - PARFAITE : reference identique;le traqueur saura ecrire son cout
DCS374N;DeWALT DCS374N — DCS374N;636,48;1 - PARFAITE : reference identique;le traqueur saura ecrire son cout
DWV010;DeWALT DWV010 — DWV010 HEPA Dust Extractor with Automatic Filter Cleaning, 8-Gallon by;636,58;NON;outil filaire ou ligne DX/DP — peu presente chez idealo
DCE400NT-XJ;"DeWALT DCE400NT-XJ — Expander de tuyau en plastique DeWalt DCE400NT-XJ; 18 V (sans batterie et chargeur)";636,73;NON;sans fil, mais aucune annonce sur les 67 pages
DCMASED57X1;DeWALT DCMASED57X1 — DCMASED57X1;639,92;1 - PARFAITE : reference identique;le traqueur saura ecrire son cout
DCK2023M2T;DeWALT DCK2023M2T — DCK2023M2T;641,30;1 - PARFAITE : reference identique;le traqueur saura ecrire son cout
DWE7800-QS;DeWALT DWE7800-QS — DWE7800-QS;643,42;1 - PARFAITE : reference identique;le traqueur saura ecrire son cout
DCK207P2T-QW;DeWALT DCK207P2T-QW — DCK207P2T-QW;648,76;1 - PARFAITE : reference identique;le traqueur saura ecrire son cout
DCK308DM;DeWALT DCK308DM — DCK308DM;649,40;1 - PARFAITE : reference identique;le traqueur saura ecrire son cout
DCK276P2;DeWALT DCK276P2 — DCK276P2;649,50;1 - PARFAITE : reference identique;le traqueur saura ecrire son cout
DWK219;DeWALT DWK219 — DWK219;651,41;1 - PARFAITE : reference identique;le traqueur saura ecrire son cout
DW872;DeWALT DW872 — DW872;653,42;1 - PARFAITE : reference identique;le traqueur saura ecrire son cout
DCK278P2T-QW;DeWALT DCK278P2T-QW — DCK278P2T-QW Kit Outils 18 V Jaune/Noir;653,45;3 - BONNE : N/NT/T ramenes au meme modele;le traqueur saura ecrire son cout
DWK224;DeWALT DWK224 — DWK224;657,53;1 - PARFAITE : reference identique;le traqueur saura ecrire son cout
DCK2016T2T;DeWALT DCK2016T2T — DCK2016T2T;660,86;1 - PARFAITE : reference identique;le traqueur saura ecrire son cout
DCS387M2;DeWALT DCS387M2 — DCS387M2;666,18;1 - PARFAITE : reference identique;le traqueur saura ecrire son cout
D25413K;DeWALT D25413K — D25413K;667,27;1 - PARFAITE : reference identique;le traqueur saura ecrire son cout
D25323K;DeWALT D25323K — D25323K;671,95;1 - PARFAITE : reference identique;le traqueur saura ecrire son cout
DWS778;DeWALT DWS778 — DWS778;677,51;1 - PARFAITE : reference identique;le traqueur saura ecrire son cout
DCK355P2T-QW;DeWALT DCK355P2T-QW — DCK355P2T-QW;678,37;1 - PARFAITE : reference identique;le traqueur saura ecrire son cout
DCMBC823N-XJ;DeWALT DCMBC823N-XJ — DCMBC823N-XJ;678,48;1 - PARFAITE : reference identique;le traqueur saura ecrire son cout
DCK2068P2T;DeWALT DCK2068P2T — DCK2068P2T;686,72;1 - PARFAITE : reference identique;le traqueur saura ecrire son cout
DWK221;DeWALT DWK221 — DWK221;688,00;1 - PARFAITE : reference identique;le traqueur saura ecrire son cout
DCMWP500N-XJ;DeWALT DCMWP500N-XJ — DCMWP500N-XJ;688,00;1 - PARFAITE : reference identique;le traqueur saura ecrire son cout
DCK440P2T;DeWALT DCK440P2T — Ensemble d'outils sans fil Dewalt 18 V, quatre pièces DCK440P2T;688,16;NON;sans fil, mais aucune annonce sur les 67 pages
D25614K;DeWALT D25614K — D25614K;691,96;1 - PARFAITE : reference identique;le traqueur saura ecrire son cout
DWK225;DeWALT DWK225 — DWK225;690,64;1 - PARFAITE : reference identique;le traqueur saura ecrire son cout
PPACK0002;DeWALT PPACK0002 — Pack visseuse à chocs et perfo-burineur SDS+ (2x5,0 Ah) Dewalt PPACK0002;691,06;NON;outil filaire ou ligne DX/DP — peu presente chez idealo
DCMST901N-XJ;DeWALT DCMST901N-XJ — DCMST901N-XJ;692,87;1 - PARFAITE : reference identique;le traqueur saura ecrire son cout
DCK2223MP2T;DeWALT DCK2223MP2T — Référence DCK2223MP2T — descriptif à compléter;697,88;NON;sans fil, mais aucune annonce sur les 67 pages
DXCMB2M50HE;DeWALT DXCMB2M50HE — DXCMB2M50HE;697,98;1 - PARFAITE : reference identique;le traqueur saura ecrire son cout
DWK214;DeWALT DWK214 — DWK214;699,32;1 - PARFAITE : reference identique;le traqueur saura ecrire son cout
DWK213;DeWALT DWK213 — DWK213;699,32;1 - PARFAITE : reference identique;le traqueur saura ecrire son cout
DWK217;DeWALT DWK217 — DWK217;699,32;1 - PARFAITE : reference identique;le traqueur saura ecrire son cout
DCK327P2T;DeWALT DCK327P2T — DCK327P2T;708,49;1 - PARFAITE : reference identique;le traqueur saura ecrire son cout
DWK216;DeWALT DWK216 — DWK216;714,05;1 - PARFAITE : reference identique;le traqueur saura ecrire son cout
DCF414;DeWALT DCF414 — DCF414;716,68;1 - PARFAITE : reference identique;le traqueur saura ecrire son cout
DWK220;DeWALT DWK220 — DWK220;717,44;1 - PARFAITE : reference identique;le traqueur saura ecrire son cout
DWK222;DeWALT DWK222 — DWK222;717,44;1 - PARFAITE : reference identique;le traqueur saura ecrire son cout
DWK215;DeWALT DWK215 — DWK215;717,44;1 - PARFAITE : reference identique;le traqueur saura ecrire son cout
XR2WP2T;DeWALT XR2WP2T — DCK XR2WP2T;717,44;NON;outil filaire ou ligne DX/DP — peu presente chez idealo
DW622KT-QS;DeWALT DW622KT-QS — DW622KT-QS;720,01;1 - PARFAITE : reference identique;le traqueur saura ecrire son cout
DCK304P2-QW;DeWALT DCK304P2-QW — DCK304P2-QW;722,57;1 - PARFAITE : reference identique;le traqueur saura ecrire son cout
DWK218;DeWALT DWK218 — DWK218;731,34;1 - PARFAITE : reference identique;le traqueur saura ecrire son cout
DCN45;DeWALT DCN45 — DCN45;746,38;1 - PARFAITE : reference identique;le traqueur saura ecrire son cout
DXPW003CE;DeWALT DXPW003CE — DXPW 003CE Nettoyeur Haute Pression à Eau Froide 150bar, 630l/h (26775);739,02;NON;outil filaire ou ligne DX/DP — peu presente chez idealo
D25330K;DeWALT D25330K — D25330K;741,94;1 - PARFAITE : reference identique;le traqueur saura ecrire son cout
DCS7485;DeWALT DCS7485 — DCS7485;744,67;1 - PARFAITE : reference identique;le traqueur saura ecrire son cout
DCK383P2T;DeWALT DCK383P2T — DCK383P2T;745,96;1 - PARFAITE : reference identique;le traqueur saura ecrire son cout
DCK2012P2T-QW;DeWALT DCK2012P2T-QW — DCK2012P2T-QW;746,20;1 - PARFAITE : reference identique;le traqueur saura ecrire son cout
DWV905M-QS;DeWALT DWV905M-QS — DWV905M-QS;747,28;1 - PARFAITE : reference identique;le traqueur saura ecrire son cout
DCD990M2;DeWALT DCD990M2 — DCD990M2;752,14;1 - PARFAITE : reference identique;le traqueur saura ecrire son cout
D25881K-QS;DeWALT D25881K-QS — D25881K-QS;756,60;1 - PARFAITE : reference identique;le traqueur saura ecrire son cout
D25335K-QS;DeWALT D25335K-QS — D25335K-QS;758,14;1 - PARFAITE : reference identique;le traqueur saura ecrire son cout
DCMWSP550N-XJ;DeWALT DCMWSP550N-XJ — DCMWSP550N-XJ;774,34;1 - PARFAITE : reference identique;le traqueur saura ecrire son cout
DCH614N;DeWALT DCH614N — DCH614N;776,16;1 - PARFAITE : reference identique;le traqueur saura ecrire son cout
DCG4610T2-QW;DeWALT DCG4610T2-QW — DCG4610T2-QW;776,34;1 - PARFAITE : reference identique;le traqueur saura ecrire son cout
DCMBBL800N;DeWALT DCMBBL800N — DCMBBL800N;781,58;1 - PARFAITE : reference identique;le traqueur saura ecrire son cout
D27113;DeWALT D27113 — D27113;781,91;1 - PARFAITE : reference identique;le traqueur saura ecrire son cout
DCMBC723N-XJ;DeWALT DCMBC723N-XJ — Débroussailleuse forestière Dewalt DCMBC723N-XJ XR FLEXVOLT 54V Brushless - sans batterie ni chargeur;783,53;NON;sans fil, mais aucune annonce sur les 67 pages
DW733;DeWALT DW733 — DW733;788,24;1 - PARFAITE : reference identique;le traqueur saura ecrire son cout
DCK2224MP2T-QW;DeWALT DCK2224MP2T-QW — DCK2224MP2T-QW -Clé à chocs sans fil;790,13;NON;sans fil, mais aucune annonce sur les 67 pages
DE0772;DeWALT DE0772 — DE0772;794,51;1 - PARFAITE : reference identique;le traqueur saura ecrire son cout
DCK2095D2T-QW;DeWALT DCK2095D2T-QW — DCK2095D2T-QW;797,08;1 - PARFAITE : reference identique;le traqueur saura ecrire son cout
DCK2200H2T-QW;DeWALT DCK2200H2T-QW — DCK2200H2T-QW;798,28;1 - PARFAITE : reference identique;le traqueur saura ecrire son cout
DCC2520B;DeWALT DCC2520B — DCC2520B Compresseur d'air sans fil sans balais 20 V MAX 9,46 L (outil uniquement);801,84;NON;sans fil, mais aucune annonce sur les 67 pages
DCK2077P2T-QW;DeWALT DCK2077P2T-QW — DCK2077P2T-QW;805,40;1 - PARFAITE : reference identique;le traqueur saura ecrire son cout
DCK330P2T-QW;DeWALT DCK330P2T-QW — Référence DCK330P2T-QW — descriptif à compléter;809,78;NON;sans fil, mais aucune annonce sur les 67 pages
DCK3222MP2T-QW;DeWALT DCK3222MP2T-QW — DCK3222MP2T-QW;810,26;1 - PARFAITE : reference identique;le traqueur saura ecrire son cout
DCK2225MP2T;DeWALT DCK2225MP2T — Kit DeWALT DCK2225MP2T McLaren (DCF99M + DCG45M + 2 batteries de 5,0 Ah + DCB1104 + TSTAK VI);812,95;NON;sans fil, mais aucune annonce sur les 67 pages
D25899K;DeWALT D25899K — D25899K;825,56;1 - PARFAITE : reference identique;le traqueur saura ecrire son cout
DWK223;DeWALT DWK223 — DWK223;826,10;1 - PARFAITE : reference identique;le traqueur saura ecrire son cout
DCK305P3T;DeWALT DCK305P3T — DCK305P3T;827,39;1 - PARFAITE : reference identique;le traqueur saura ecrire son cout
DCK229P2T;DeWALT DCK229P2T — Référence DCK229P2T — descriptif à compléter;834,06;NON;sans fil, mais aucune annonce sur les 67 pages
DCK368P3T;DeWALT DCK368P3T — DCK368P3T Triple Kit, 18 V, Jaune, 27 x 32 x 15;834,68;1 - PARFAITE : reference identique;le traqueur saura ecrire son cout
DWK300;DeWALT DWK300 — DWK300;839,80;1 - PARFAITE : reference identique;le traqueur saura ecrire son cout
DCH735;DeWALT DCH735 — DCH735;840,12;1 - PARFAITE : reference identique;le traqueur saura ecrire son cout
DCK329P2T-QW;DeWALT DCK329P2T-QW — DCK329P2T-QW;843,60;1 - PARFAITE : reference identique;le traqueur saura ecrire son cout
DCH275P2;DeWALT DCH275P2 — DCH275P2;847,43;1 - PARFAITE : reference identique;le traqueur saura ecrire son cout
DXGNI20E;DeWALT DXGNI20E — DXGNI20E;856,27;1 - PARFAITE : reference identique;le traqueur saura ecrire son cout
DCN910N;DeWALT DCN910N — DCN910N;863,20;1 - PARFAITE : reference identique;le traqueur saura ecrire son cout
DCK422P3T;DeWALT DCK422P3T — DCK422P3T;876,68;1 - PARFAITE : reference identique;le traqueur saura ecrire son cout
DWK301;DeWALT DWK301 — DWK301;893,63;1 - PARFAITE : reference identique;le traqueur saura ecrire son cout
DCH892N;DeWALT DCH892N — DCH892N;904,02;1 - PARFAITE : reference identique;le traqueur saura ecrire son cout
DCK424M3-QW;DeWALT DCK424M3-QW — Kit Combiné 18V 4 Outils (Perceuse à Percussion Compacte, Visseuse à Impact, Marteau Rotatif SDS-Plus 18V, Meuleu;904,24;NON;sans fil, mais aucune annonce sur les 67 pages
DCFS950N-XJ;DeWALT DCFS950N-XJ — DCFS950N-XJ;907,19;1 - PARFAITE : reference identique;le traqueur saura ecrire son cout
DCS371NT;DeWALT DCS371NT — DCS371NT;915,16;1 - PARFAITE : reference identique;le traqueur saura ecrire son cout
DCMWSP660N-XJ;DeWALT DCMWSP660N-XJ — DCMWSP660N-XJ;918,16;1 - PARFAITE : reference identique;le traqueur saura ecrire son cout
DCK611P1D2;DeWALT DCK611P1D2 — DCK611P1D2;924,83;1 - PARFAITE : reference identique;le traqueur saura ecrire son cout
DWS727;DeWALT DWS727 — DWS727;925,27;1 - PARFAITE : reference identique;le traqueur saura ecrire son cout
DXCMB3M100HE;DeWALT DXCMB3M100HE — DXCMB3M100HE - Compresseur d'air électrique monophasé à courroie - Moteur 3 CV 100 L;925,58;NON;outil filaire ou ligne DX/DP — peu presente chez idealo
D25733K-QS;DeWALT D25733K-QS — D25733K-QS;925,91;1 - PARFAITE : reference identique;le traqueur saura ecrire son cout
D27112;DeWALT D27112 — D27112;926,45;1 - PARFAITE : reference identique;le traqueur saura ecrire son cout
DCK377P3T;DeWALT DCK377P3T — DCK377P3T;930,38;1 - PARFAITE : reference identique;le traqueur saura ecrire son cout
DCK551P3T;DeWALT DCK551P3T — DCK551P3T;936,74;1 - PARFAITE : reference identique;le traqueur saura ecrire son cout
DCK212D2T-QW;DeWALT DCK212D2T-QW — DCK212D2T-QW;961,87;1 - PARFAITE : reference identique;le traqueur saura ecrire son cout
DCK209P2;DeWALT DCK209P2 — DCK209P2;964,76;1 - PARFAITE : reference identique;le traqueur saura ecrire son cout
DGN9033-XJ;DeWALT DGN9033-XJ — DGN9033-XJ Agrafeuse sans fil Gaz 50-90 mm;967,34;NON;outil filaire ou ligne DX/DP — peu presente chez idealo
DCH775N-XJ;DeWALT DCH775N-XJ — DCH775N-XJ;974,82;1 - PARFAITE : reference identique;le traqueur saura ecrire son cout
DCS398T2;DeWALT DCS398T2 — Alligator FLEXVOLT DCS398T2 (2 x 2 Ah + charger);993,30;NON;sans fil, mais aucune annonce sur les 67 pages
D25773K;DeWALT D25773K — D25773K;994,45;1 - PARFAITE : reference identique;le traqueur saura ecrire son cout
DW712N;DeWALT DW712N — DW712N;1001,95;1 - PARFAITE : reference identique;le traqueur saura ecrire son cout
DWK402;DeWALT DWK402 — DWK402;1002,34;1 - PARFAITE : reference identique;le traqueur saura ecrire son cout
DXGNP35E;DeWALT DXGNP35E — DXGNP35E;1004,14;1 - PARFAITE : reference identique;le traqueur saura ecrire son cout
DCS727N;DeWALT DCS727N — DCS727N;987,60;1 - PARFAITE : reference identique;le traqueur saura ecrire son cout
DCLE05211R;DeWALT DCLE05211R — DCLE05211R;1190,40;1 - PARFAITE : reference identique;le traqueur saura ecrire son cout
DCLE34035D1-QW;DeWALT DCLE34035D1-QW — DCLE34035D1-QW;1036,85;1 - PARFAITE : reference identique;le traqueur saura ecrire son cout
DWK305PS;DeWALT DWK305PS — DWK305PS;1038,13;1 - PARFAITE : reference identique;le traqueur saura ecrire son cout
D25911K-QS;DeWALT D25911K-QS — D25911K-QS;1063,51;1 - PARFAITE : reference identique;le traqueur saura ecrire son cout
DWK303PS;DeWALT DWK303PS — DWK303PS;1064,81;1 - PARFAITE : reference identique;le traqueur saura ecrire son cout
DCK607M2-QW;DeWALT DCK607M2-QW — DCK607M2-QW;1073,80;1 - PARFAITE : reference identique;le traqueur saura ecrire son cout
DCN692N;DeWALT DCN692N — DCN692N;1076,33;1 - PARFAITE : reference identique;le traqueur saura ecrire son cout
DCM575X1;DeWALT DCM575X1 — Tronçonneuse sans fil DCM575X1-Qw (40 cm);1077,53;NON;sans fil, mais aucune annonce sur les 67 pages
DCK246P2-QW;DeWALT DCK246P2-QW — DCK246P2-QW;1088,24;1 - PARFAITE : reference identique;le traqueur saura ecrire son cout
DWK306PS;DeWALT DWK306PS — DWK306PS;1096,54;1 - PARFAITE : reference identique;le traqueur saura ecrire son cout
D27111;DeWALT D27111 — D27111;1102,96;1 - PARFAITE : reference identique;le traqueur saura ecrire son cout
DWK403;DeWALT DWK403 — DWK403;1105,52;1 - PARFAITE : reference identique;le traqueur saura ecrire son cout
DGN845D1;DeWALT DGN845D1 — Cloueuse à gaz Dewalt C6 TRAK 1x2 Ah DGN845D1;1110,35;NON;outil filaire ou ligne DX/DP — peu presente chez idealo
DWK304PS;DeWALT DWK304PS — DWK304PS;1123,91;1 - PARFAITE : reference identique;le traqueur saura ecrire son cout
DCS690N-XJ;DeWALT DCS690N-XJ — DCS690N-XJ;1133,90;1 - PARFAITE : reference identique;le traqueur saura ecrire son cout
D25902K;DeWALT D25902K — Marteau piqueur DEWALT SDS MAX 1550W 19 joules - D25902K - Marteau piqueur électrique noir;1151,22;NON;outil filaire ou ligne DX/DP — peu presente chez idealo
DWK400;DeWALT DWK400 — DWK400;1151,23;1 - PARFAITE : reference identique;le traqueur saura ecrire son cout
DCH335;DeWALT DCH335 — DCH335;1200,34;1 - PARFAITE : reference identique;le traqueur saura ecrire son cout
DCK428P3T;DeWALT DCK428P3T — DCK428P3T;1153,79;1 - PARFAITE : reference identique;le traqueur saura ecrire son cout
DWK307PS;DeWALT DWK307PS — DWK307PS;1164,43;1 - PARFAITE : reference identique;le traqueur saura ecrire son cout
DCBPS0554-XJ;DeWALT DCBPS0554-XJ — Powershift battery 554 Wh 10 Ah (DCBPS0554-XJ);1164,43;NON;sans fil, mais aucune annonce sur les 67 pages
DW650E;DeWALT DW650E — DW650E;1165,72;1 - PARFAITE : reference identique;le traqueur saura ecrire son cout
DCK623P3;DeWALT DCK623P3 — DCK623P3;1170,32;1 - PARFAITE : reference identique;le traqueur saura ecrire son cout
DCS782N;DeWALT DCS782N — DCS782N;1176,28;1 - PARFAITE : reference identique;le traqueur saura ecrire son cout
DCD460T2;DeWALT DCD460T2 — DCD460T2;1183,93;1 - PARFAITE : reference identique;le traqueur saura ecrire son cout
DCK500P3T-QW;DeWALT DCK500P3T-QW — DCK500P3T-QW;1183,96;1 - PARFAITE : reference identique;le traqueur saura ecrire son cout
DWK401;DeWALT DWK401 — DWK401;1191,68;1 - PARFAITE : reference identique;le traqueur saura ecrire son cout
DW876;DeWALT DW876 — DW876;1208,64;1 - PARFAITE : reference identique;le traqueur saura ecrire son cout
D25961K;DeWALT D25961K — D25961K;1218,32;1 - PARFAITE : reference identique;le traqueur saura ecrire son cout
DWK308PS;DeWALT DWK308PS — DWK308PS;1218,89;1 - PARFAITE : reference identique;le traqueur saura ecrire son cout
D25871K;DeWALT D25871K — D25871K;1226,23;1 - PARFAITE : reference identique;le traqueur saura ecrire son cout
DWK404PS;DeWALT DWK404PS — DWK404PS;1246,06;1 - PARFAITE : reference identique;le traqueur saura ecrire son cout
DCH911NK-XJ;DeWALT DCH911NK-XJ — DCH911NK-XJ;1251,04;1 - PARFAITE : reference identique;le traqueur saura ecrire son cout
DXCMB4T200HE;DeWALT DXCMB4T200HE — DXCMB4T200HE - Compresseur d'air électrique triphasé par courroie - Moteur 4 CV 200 L;1268,26;NON;outil filaire ou ligne DX/DP — peu presente chez idealo
DCLE15211R-QW;DeWALT DCLE15211R-QW — Niveau laser rotatif double pente faisceaux rouges USB-C 600m IP66 DCLE15211R-QW;1521,53;NON;sans fil, mais aucune annonce sur les 67 pages
DWK405PS;DeWALT DWK405PS — DWK405PS;1286,21;1 - PARFAITE : reference identique;le traqueur saura ecrire son cout
DW711;DeWALT DW711 — DW711;1287,82;1 - PARFAITE : reference identique;le traqueur saura ecrire son cout
D24000;DeWALT D24000 — D24000;1295,64;1 - PARFAITE : reference identique;le traqueur saura ecrire son cout
DCK502P3;DeWALT DCK502P3 — Ensemble combiné Dewalt 18 V 6 pièces dans un sac 3 x 5,0 Ah DCK502P3;1297,30;NON;sans fil, mais aucune annonce sur les 67 pages
DCK421P3T;DeWALT DCK421P3T — DCK421P3T;1313,26;1 - PARFAITE : reference identique;le traqueur saura ecrire son cout
DW739;DeWALT DW739 — DW739;1320,20;1 - PARFAITE : reference identique;le traqueur saura ecrire son cout
DCK685P3T-QW;DeWALT DCK685P3T-QW — DCK685P3T-QW;1355,88;1 - PARFAITE : reference identique;le traqueur saura ecrire son cout
D271055;DeWALT D271055 — Table coulissante D271055;1370,95;NON;outil filaire ou ligne DX/DP — peu presente chez idealo
DXPW004E;DeWALT DXPW004E — DXPW004E;1377,23;1 - PARFAITE : reference identique;le traqueur saura ecrire son cout
D25872K-QS;DeWALT D25872K-QS — D25872K-QS;1377,50;1 - PARFAITE : reference identique;le traqueur saura ecrire son cout
DSET1;DeWALT DSET1 — DSET1 DCS391N + DCS331N + DCG405N + DCD796N + DCF887N + DCH273N - 6 ENSEMBLE DOUTILS ÉLECTRIQUES 18V XR - fournit;1396,86;NON;outil filaire ou ligne DX/DP — peu presente chez idealo
DCK699M3T;DeWALT DCK699M3T — Kit DCK699M3T;1397,93;NON;sans fil, mais aucune annonce sur les 67 pages
DXWDCUT40E;DeWALT DXWDCUT40E — DXWDCUT40E - Découpeur plasma à Inverter;1416,40;NON;outil filaire ou ligne DX/DP — peu presente chez idealo
DXPW005E;DeWALT DXPW005E — DXPW 005E;1427,75;NON;outil filaire ou ligne DX/DP — peu presente chez idealo
DCE074D1R;DeWALT DCE074D1R — DCE074D1R;1445,36;1 - PARFAITE : reference identique;le traqueur saura ecrire son cout
DCK663P3;DeWALT DCK663P3 — Kit DeWALT DCK663P3 (DCD796 + DCF887 + DCS570 + DCS334 + DCG405 + DCL050 + 3 x 5.0 Ah + DCB1104 + 2 x DS300);1459,10;NON;sans fil, mais aucune annonce sur les 67 pages
DCK690P3T-QW;DeWALT DCK690P3T-QW — DCK690P3T-QW;1465,58;1 - PARFAITE : reference identique;le traqueur saura ecrire son cout
DCK285M2;DeWALT DCK285M2 — DCK285M2;1468,98;NON;sans fil, mais aucune annonce sur les 67 pages
DWE1622K;DeWALT DWE1622K — DWE1622K;1473,19;1 - PARFAITE : reference identique;le traqueur saura ecrire son cout
DXPW006E;DeWALT DXPW006E — DXPW 006E - Nettoyeur haute pression Triphasé professionnel - 170 bars max- 900 l/h;1477,80;NON;outil filaire ou ligne DX/DP — peu presente chez idealo
DCD150NK-XJ;DeWALT DCD150NK-XJ — DCD150NK-XJ;1509,35;1 - PARFAITE : reference identique;le traqueur saura ecrire son cout
DCH334;DeWALT DCH334 — DCH334;1513,60;1 - PARFAITE : reference identique;le traqueur saura ecrire son cout
DCK665P3T;DeWALT DCK665P3T — DCK665P3T;1521,22;1 - PARFAITE : reference identique;le traqueur saura ecrire son cout
D25966-QS;DeWALT D25966-QS — D25966-QS;1521,53;1 - PARFAITE : reference identique;le traqueur saura ecrire son cout
DCK706P3T-QW;DeWALT DCK706P3T-QW — DCK706P3T-QW;1526,99;1 - PARFAITE : reference identique;le traqueur saura ecrire son cout
DCK755P3T;DeWALT DCK755P3T — DCK755P3T;1536,74;1 - PARFAITE : reference identique;le traqueur saura ecrire son cout
DCK654P3T-QW;DeWALT DCK654P3T-QW — DCK654P3T-QW;1627,19;1 - PARFAITE : reference identique;le traqueur saura ecrire son cout
AR-DXPW008E;DeWALT AR-DXPW008E — AR-DXPW008E;1564,72;1 - PARFAITE : reference identique;le traqueur saura ecrire son cout
DCE080D1RS;DeWALT DCE080D1RS — DCE080D1RS;1578,65;1 - PARFAITE : reference identique;le traqueur saura ecrire son cout
DCK509P3-QW;DeWALT DCK509P3-QW — DCK509P3-QW;1598,36;1 - PARFAITE : reference identique;le traqueur saura ecrire son cout
D27107XPS;DeWALT D27107XPS — D27107XPS;1599,55;1 - PARFAITE : reference identique;le traqueur saura ecrire son cout
DXPW007E;DeWALT DXPW007E — DXPW 007E - Nettoyeur haute pression triphasé professionnel - 230 bars max - 840 l/h;1609,32;NON;outil filaire ou ligne DX/DP — peu presente chez idealo
DCD1623N-XJ;DeWALT DCD1623N-XJ — DCD1623N-XJ;1629,73;1 - PARFAITE : reference identique;le traqueur saura ecrire son cout
D25960K;DeWALT D25960K — D25960K;1650,47;1 - PARFAITE : reference identique;le traqueur saura ecrire son cout
DWK600T;DeWALT DWK600T — DWK600T;1666,06;1 - PARFAITE : reference identique;le traqueur saura ecrire son cout
DCH323T2-QW;DeWALT DCH323T2-QW — DCH323T2-QW;1813,15;1 - PARFAITE : reference identique;le traqueur saura ecrire son cout
DCK624P3T;DeWALT DCK624P3T — Référence DCK624P3T — descriptif à compléter;1826,68;NON;sans fil, mais aucune annonce sur les 67 pages
D27300;DeWALT D27300 — D27300;1848,12;1 - PARFAITE : reference identique;le traqueur saura ecrire son cout
DCK853P4;DeWALT DCK853P4 — DCK853P4;1896,13;1 - PARFAITE : reference identique;le traqueur saura ecrire son cout
DWK601T;DeWALT DWK601T — DWK601T;1904,11;1 - PARFAITE : reference identique;le traqueur saura ecrire son cout
DWK700T;DeWALT DWK700T — DWK700T;1904,11;1 - PARFAITE : reference identique;le traqueur saura ecrire son cout
DWK702T;DeWALT DWK702T — DWK702T;1936,90;1 - PARFAITE : reference identique;le traqueur saura ecrire son cout
DCPS151-XJ;DeWALT DCPS151-XJ — Support powershift pour carotteuse - DEWALT - DCPS151-XJ;1963,94;NON;sans fil, mais aucune annonce sur les 67 pages
DWK802T;DeWALT DWK802T — DWK802T;1990,80;1 - PARFAITE : reference identique;le traqueur saura ecrire son cout
DWK800T;DeWALT DWK800T — DWK800T;1998,36;1 - PARFAITE : reference identique;le traqueur saura ecrire son cout
DXCMB55T271HCE;DeWALT DXCMB55T271HCE — DXCMB55T271HCE - Compresseur d'air électrique triphasé à courroie - Moteur 5,5 CV 270 L;2007,42;NON;outil filaire ou ligne DX/DP — peu presente chez idealo
D25981;DeWALT D25981 — D25981;2013,14;1 - PARFAITE : reference identique;le traqueur saura ecrire son cout
DCLE15221G-QW;DeWALT DCLE15221G-QW — Niveau laser rotatif simple pente faisceaux verts USB-C 600m IP66 DCLE15221G-QW;2200,76;NON;sans fil, mais aucune annonce sur les 67 pages
DCPS330N-XJ;DeWALT DCPS330N-XJ — Règle vibrante Dewalt Powershift™ - DCPS330N-XJ - Solo DEWALT;2088,16;NON;sans fil, mais aucune annonce sur les 67 pages
DWK701T;DeWALT DWK701T — DWK701T;2093,32;1 - PARFAITE : reference identique;le traqueur saura ecrire son cout
DXCMB75T270HCE;DeWALT DXCMB75T270HCE — DXCMB75T270HCE - Compresseur d'air électrique triphasé par courroie - Moteur 7,5 CV 270 L;2104,87;NON;outil filaire ou ligne DX/DP — peu presente chez idealo
DWK801T;DeWALT DWK801T — DWK801T;2107,15;1 - PARFAITE : reference identique;le traqueur saura ecrire son cout
DWK804T;DeWALT DWK804T — DWK804T;2112,18;1 - PARFAITE : reference identique;le traqueur saura ecrire son cout
DCK1012P4T-QW;DeWALT DCK1012P4T-QW — DCK1012P4T-QW;2235,36;1 - PARFAITE : reference identique;le traqueur saura ecrire son cout
DWK803T;DeWALT DWK803T — DWK803T;2137,34;1 - PARFAITE : reference identique;le traqueur saura ecrire son cout
DWK900T;DeWALT DWK900T — DWK900T;2172,10;1 - PARFAITE : reference identique;le traqueur saura ecrire son cout
DCK856P4;DeWALT DCK856P4 — DCK856P4;2179,72;1 - PARFAITE : reference identique;le traqueur saura ecrire son cout
DWK703;DeWALT DWK703 — DWK703;2231,17;1 - PARFAITE : reference identique;le traqueur saura ecrire son cout
DWK805T;DeWALT DWK805T — DWK805T;2243,75;1 - PARFAITE : reference identique;le traqueur saura ecrire son cout
DCK865P4T-QW;DeWALT DCK865P4T-QW — DCK865P4T-QW;2263,74;1 - PARFAITE : reference identique;le traqueur saura ecrire son cout
DCK897P4-QW;DeWALT DCK897P4-QW — DCK897P4-QW Kit Outils 18 V Jaune/Noir;2292,62;NON;sans fil, mais aucune annonce sur les 67 pages
CPROF367;DeWALT CPROF367 — CPROF367 - KIT = D21583K + D215831 + DT9762 + DT9765 + DT9772;2312,11;NON;outil filaire ou ligne DX/DP — peu presente chez idealo
DXPW009E;DeWALT DXPW009E — DXPW009E;2320,33;1 - PARFAITE : reference identique;le traqueur saura ecrire son cout
DWK901T;DeWALT DWK901T — DWK901T;2345,59;1 - PARFAITE : reference identique;le traqueur saura ecrire son cout
DXGNP853E;DeWALT DXGNP853E — DXGNP853E;2350,55;1 - PARFAITE : reference identique;le traqueur saura ecrire son cout
DCH966;DeWALT DCH966 — DCH966;2394,30;1 - PARFAITE : reference identique;le traqueur saura ecrire son cout
DT71563-QZ;DeWALT DT71563-QZ — Kit Premium 8 Outils XR 18V 5Ah Brushless - Perceuse Visseuse à Percussion, Visseuse à Chocs & Coffret de 100 Piè;2278,22;NON;outil filaire ou ligne DX/DP — peu presente chez idealo
DCH733N-XJ;DeWALT DCH733N-XJ — DCH733N-XJ;2603,33;1 - PARFAITE : reference identique;le traqueur saura ecrire son cout
DWK1102T;DeWALT DWK1102T — DWK1102T;2641,32;1 - PARFAITE : reference identique;le traqueur saura ecrire son cout
DXPW011E;DeWALT DXPW011E — DXPW011E;2728,30;1 - PARFAITE : reference identique;le traqueur saura ecrire son cout
DWK1100T;DeWALT DWK1100T — DWK1100T;2749,39;1 - PARFAITE : reference identique;le traqueur saura ecrire son cout
DWK1101T;DeWALT DWK1101T — DWK1101T;2824,76;1 - PARFAITE : reference identique;le traqueur saura ecrire son cout
DWK1103T;DeWALT DWK1103T — DWK1103T;2871,05;1 - PARFAITE : reference identique;le traqueur saura ecrire son cout
DWK1200T;DeWALT DWK1200T — DWK1200T;2884,81;1 - PARFAITE : reference identique;le traqueur saura ecrire son cout
DWK1202T;DeWALT DWK1202T — DWK1202T;2884,81;1 - PARFAITE : reference identique;le traqueur saura ecrire son cout
DXPW010E;DeWALT DXPW010E — DXPW010E;2934,07;1 - PARFAITE : reference identique;le traqueur saura ecrire son cout
DCK-FR834MP4;DeWALT DCK-FR834MP4 — Kit DCK-FR834MP4 54V/18V (DCD996+DCG418+DCH333+DCS387+DCS391+ DCS331+DCL050+DCF887+2x5,0Ah+2x6,0Ah+DCB118+CADDY);2967,50;NON;sans fil, mais aucune annonce sur les 67 pages
DWK1201T;DeWALT DWK1201T — DWK1201T;3086,28;1 - PARFAITE : reference identique;le traqueur saura ecrire son cout
DWK1203T;DeWALT DWK1203T — DWK1203T;3218,68;1 - PARFAITE : reference identique;le traqueur saura ecrire son cout
DCPS7154N-XJ;DeWALT DCPS7154N-XJ — DCPS7154N-XJ;3780,08;1 - PARFAITE : reference identique;le traqueur saura ecrire son cout
DW721KN;DeWALT DW721KN — DW721KN;4247,89;1 - PARFAITE : reference identique;le traqueur saura ecrire son cout
DCPS660N-XJ;DeWALT DCPS660N-XJ — Pilonneuse 60kg Powershift™ - Solo - DCPS660N-XJ DEWALT;5864,84;NON;sans fil, mais aucune annonce sur les 67 pages
